<?xml version="1.0" encoding="UTF-8"?>
<packmetadata>
	<modifiedModules/>
	<department>DL</department>
	<canAppliedOS>Linux,Windows,AIX,Solaris</canAppliedOS>
	<modifiedJavaClasses>nc.bs.qcco.task.plugin.bpplugin.TaskPluginPoint,nc.ui.qcco.task.ace.serviceproxy.AceTaskMaintainProxy,nc.vo.qcco.task.TaskSVO,nc.ui.qcco.task.action.TaskSaveAction,nc.itf.qcco.ITaskMaintain,nc.bs.qcco.task.ace.bp.AceTaskUnApproveBP,nc.ui.testdemo.grandbill.action.MainGrandDeleteAction,nc.ui.qcco.task.ace.handler.AceOrgChangeHandler,nc.bs.qcco.task.ace.bp.AceTaskApproveBP,nc.vo.qcco.task.TaskBVO,nc.vo.qcco.task.AggTaskHVO,nc.impl.pub.ace.AceTaskPubServiceImpl,nc.vo.qcco.task.TaskRVO,nc.vo.qcco.task.TaskHVO,nc.bs.qcco.task.ace.bp.AceTaskInsertBP,nc.impl.qcco.TaskMaintainImpl,nc.bs.qcco.task.ace.bp.AceTaskUpdateBP,nc.vo.qcco.task.AggTaskHVOMeta,nc.bs.qcco.task.ace.bp.AceTaskDeleteBP,nc.ui.qcco.commission.refmodel.CommissionRefModel,nc.ui.qcco.task.ace.serviceproxy.AceTaskDeleteProxy,nc.ui.qcco.task.action.TaskDeleteAction,nc.ui.qcco.task.ace.handler.AceAddHandler,nc.bs.qcco.task.ace.bp.AceTaskSendApproveBP,nc.bs.qcco.task.ace.bp.AceTaskUnSendApproveBP</modifiedJavaClasses>
	<applyVersion>5.0,5.01,5.011,5.02,5.3,5.5,5.6,5.7,5.75,6.0,6.1,6.3</applyVersion>
	<needRecreatedLoginJar>false</needRecreatedLoginJar>
	<provider>SSX</provider>
	<searchKeys/>
	<needDeploy>false</needDeploy>
	<patchType>BUG修復補丁</patchType>
	<canAppliedDB>DB2 V9.7,SQL Server 2008 R2,Oracle 10,Oracle 11</canAppliedDB>
	<id>699d729a-be4b-4ceb-ab35-3ad74dbe7a02</id>
	<time>2019-03-11 11:44:11</time>
	<dependInfo/>
	<bugs/>
	<patchVersion/>
	<description/>
	<canAppliedMiddleware>Weblogic,Websphere 7.0,Yonyou Middleware V5,Yonyou Middleware V6</canAppliedMiddleware>
	<patchName>任务单补丁</patchName>
	<patchPriority>高危補丁</patchPriority>
</packmetadata>
