<?xml version="1.0" encoding="UTF-8"?>
<packmetadata>
	<modifiedModules/>
	<department>besbing.cn</department>
	<canAppliedOS>Linux,Windows,AIX,Solaris</canAppliedOS>
	<modifiedJavaClasses>nc.ui.pub.qcco.writeback.utils.processor.impl.ParaAWriteBackProcessor$1,nc.ui.pub.qcco.writeback.utils.processor.impl.ParaAWriteBackProcessor,nc.bs.qcco.task.ace.bp.AceTaskInsertBP,nc.bs.qcco.pub.rule.TaskBeforeRule,nc.ui.pub.qcco.writeback.utils.processor.impl.ParaBWriteBackProcessor</modifiedJavaClasses>
	<applyVersion>5.0,5.01,5.011,5.02,5.3,5.5,5.6,5.7,5.75,6.0,6.1,6.3</applyVersion>
	<needRecreatedLoginJar>false</needRecreatedLoginJar>
	<provider>sheny</provider>
	<searchKeys/>
	<needDeploy>false</needDeploy>
	<patchType>BUG修复补丁</patchType>
	<canAppliedDB>DB2 V9.7,SQL Server 2008 R2,Oracle 10,Oracle 11</canAppliedDB>
	<id>e050caf5-d99c-4490-b8f1-e798493c7852</id>
	<time>2020-05-28 23:21:14</time>
	<dependInfo/>
	<bugs/>
	<patchVersion/>
	<description/>
	<canAppliedMiddleware>Weblogic,Websphere 7.0,Yonyou Middleware V5,Yonyou Middleware V6</canAppliedMiddleware>
	<patchName>修复补丁</patchName>
	<patchPriority>高危补丁</patchPriority>
</packmetadata>
