<?xml version="1.0" encoding="UTF-8"?>
<packmetadata>
	<modifiedModules/>
	<department>DL</department>
	<canAppliedOS>Linux,Windows,AIX,Solaris</canAppliedOS>
	<modifiedJavaClasses>nc.ui.qcco.commission.action.GrandAddLineAction,nc.ui.qcco.task.action.TaskSaveAction,nc.ui.qcco.commission.ace.handler.GrandBodyBeforeEditHandler,nc.ui.qcco.commission.action.GrandInsertLineAction,nc.ui.pub.qcco.writeback.utils.processor.impl.TestWriteBackProcessor,nc.ui.qcco.commission.ace.handler.GrandBodyAfterEditHandler,nc.ui.qcco.commission.action.CommissionSaveAction,nc.ui.qcco.task.action.TaskBodyAddLineAction,nc.impl.qcco.TaskMaintainImpl$1,nc.impl.qcco.TaskMaintainImpl$2,nc.ui.qcco.commission.ace.view.commission_config,nc.ui.qcco.commission.ace.view.Xml2JavaWarning,nc.impl.qcco.TaskMaintainImpl</modifiedJavaClasses>
	<applyVersion>5.0,5.01,5.011,5.02,5.3,5.5,5.6,5.7,5.75,6.0,6.1,6.3</applyVersion>
	<needRecreatedLoginJar>false</needRecreatedLoginJar>
	<provider>SSX</provider>
	<searchKeys/>
	<needDeploy>false</needDeploy>
	<patchType>BUG修復補丁</patchType>
	<canAppliedDB>DB2 V9.7,SQL Server 2008 R2,Oracle 10,Oracle 11</canAppliedDB>
	<id>92f1ea90-057c-4057-96ad-d50c688144a6</id>
	<time>2020-04-06 13:15:42</time>
	<dependInfo/>
	<bugs/>
	<patchVersion/>
	<description/>
	<canAppliedMiddleware>Weblogic,Websphere 7.0,Yonyou Middleware V5,Yonyou Middleware V6</canAppliedMiddleware>
	<patchName>1</patchName>
	<patchPriority>高危補丁</patchPriority>
</packmetadata>
