<?xml version="1.0" encoding="UTF-8"?>
<packmetadata>
	<modifiedModules/>
	<department>DL</department>
	<canAppliedOS>Linux,Windows,AIX,Solaris</canAppliedOS>
	<modifiedJavaClasses>nc.ui.qcco.commission.refmodel.ProductSecondClassRefModel,nc.ui.qcco.testlist.action.TestlistSaveAction,nc.bs.pub.action.N_QC07_UNAPPROVE,nc.vo.qcco.task.TaskSVO,nc.bs.pub.action.N_QC07_APPROVE,nc.ui.qcco.commission.ace.handler.AceBodyBeforeEditHandler,nc.bs.qcco.commission.plugin.bpplugin.CommissionPluginPoint,nc.ui.qcco.commission.refmodel.ProductLastClassRefModel,nc.bs.qcco.task.ace.bp.AceTaskUnApproveBP,nc.ui.qcco.commission.ace.handler.AceAddHandler,nc.bs.qcco.commission.ace.bp.AceCommissionSendApproveBP,nc.vo.qcco.task.AggTaskHVO,nc.bs.pub.action.N_QC08_UNSAVEBILL,nc.bs.qcco.task.ace.bp.AceTaskInsertBP,nc.ui.pubapp.uif2app.components.grand.ListGrandPanelComposite$1,nc.ui.qcco.commission.refmodel.SampleInfoRefModel,nc.vo.qcco.commission.CommissionHVO,nc.ui.qcco.commission.ace.view.MainBillList,nc.bs.qcco.task.ace.bp.AceTaskDeleteBP,nc.bs.pubapp.utils.UserDefineUtils,nc.ui.qcco.task.action.TaskDeleteAction,nc.vo.qcco.commission.AggCommissionHVOMeta,nc.ui.qcco.commission.refmodel.SampleGroupRefModel,nc.bs.qcco.commission.ace.bp.AceCommissionUpdateBP,nc.bs.qcco.commission.ace.bp.AceCommissionDeleteBP,nc.ui.qcco.commission.refmodel.TestTypeRefModel,nc.bs.qcco.task.plugin.bpplugin.TaskPluginPoint,nc.ui.qcco.commission.refmodel.TestInitRefModel,nc.ui.qcco.commission.model.SubGrandBillModel,nc.ui.qcco.task.ace.view.Task_config,nc.bs.qcco.commission.ace.bp.AceCommissionUnApproveBP,nc.ui.qcco.commission.ace.serviceproxy.AceCommissionMaintainProxy,nc.ui.qcco.task.action.TaskSaveAction,nc.bs.pub.action.N_QC08_SAVEBASE,nc.vo.qcco.commission.CommissionRVO,nc.ui.qcco.commission.ace.handler.GrandBodyBeforeEditHandler,nc.ui.qcco.commission.action.CommissionCopyAction,nc.ui.qcco.commission.refmodel.RatainHandleRefModel,nc.ui.qcco.commission.refmodel.ReportLanguageRefModel,nc.ui.testdemo.grandbill.action.MainGrandDeleteAction,nc.bs.qcco.commission.ace.bp.AceCommissionInsertBP,nc.ui.qcco.commission.refmodel.ProductPropertyRefModel,nc.bs.pub.action.N_QC08_DELETE,nc.impl.pub.ace.AceTaskPubServiceImpl,nc.bs.pub.action.N_QC07_SAVE,nc.ui.qcco.commission.refmodel.UnitTypeRefModel,nc.ui.qcco.commission.refmodel.ContactBrandRefModel,nc.bs.qcco.task.ace.bp.AceTaskUpdateBP,nc.ui.qcco.commission.ace.handler.AceHeadTailAfterEditHandler,nc.bs.pub.action.N_QC07_DELETE,nc.bs.pub.wfengine.impl.WorkflowMachineImpl,nc.bs.pub.action.N_QC07_SAVEBASE,nc.ui.qcco.commission.refmodel.CommissionTypeRefModel,nc.bs.qcco.commission.ace.bp.AceCommissionApproveBP,nc.ui.qcco.commission.action.CommissionSaveAction,nc.ui.qcco.commission.refmodel.AnalyseComponentRefModel,nc.bs.qcco.task.ace.bp.AceTaskUnSendApproveBP,nc.ui.qcco.testlist.action.TestlistDeleteAction,nc.vo.qcco.commission.AggCommissionHVO,nc.itf.qcco.ITaskMaintain,nc.itf.qcco.ICommissionMaintain,nc.ui.qcco.task.ace.handler.AceOrgChangeHandler,nc.ui.qcco.commission.refmodel.ProductFirstClassRefModel,nc.bs.qcco.task.ace.bp.AceTaskApproveBP,nc.ui.qcco.commission.ace.serviceproxy.AceCommissionDeleteProxy,nc.vo.qcco.task.TaskRVO,nc.impl.pub.ace.AceCommissionPubServiceImpl,nc.vo.qcco.task.TaskHVO,nc.ui.qcco.commission.refmodel.ProductAuthTypeRefModel,nc.vo.qcco.commission.CommissionBVO,nc.bs.pub.action.N_QC08_UNAPPROVE,nc.ui.qcco.commission.ace.handler.AceOrgChangeHandler,nc.bs.qcco.commission.ace.bp.AceCommissionUnSendApproveBP,nc.ui.qcco.task.ace.serviceproxy.AceTaskDeleteProxy,nc.itf.qcco.ICommissionSaveService,nc.ui.qcco.commission.refmodel.CommissionCodePrefixRefModel,nc.ui.qcco.commission.ace.view.Commission_config,nc.impl.qcco.CommissionMaintainImpl,nc.bs.pub.wfengine.impl.WorkflowMachineImpl$4,nc.ui.qcco.commission.action.CommissionDeleteAction,nc.bs.pub.wfengine.impl.WorkflowMachineImpl$5,nc.ui.qcco.commission.ace.handler.AceBodyAfterEditHandler,nc.bs.pub.wfengine.impl.WorkflowMachineImpl$2,nc.bs.pub.wfengine.impl.WorkflowMachineImpl$3,nc.bs.pub.wfengine.impl.WorkflowMachineImpl$8,nc.ui.qcco.task.ace.serviceproxy.AceTaskMaintainProxy,nc.bs.pub.wfengine.impl.WorkflowMachineImpl$6,nc.bs.pub.wfengine.impl.WorkflowMachineImpl$7,nc.ui.qcco.commission.ace.handler.GrandBodyAfterEditHandler,nc.ui.qcco.commission.ace.view.GrandBillList,nc.bs.pub.action.N_QC07_UNSAVEBILL,nc.bs.pub.action.N_QC08_SAVE,nc.vo.qcco.task.TaskBVO,nc.bs.pub.wfengine.impl.WorkflowMachineImpl$1,nc.ui.qcco.commission.ace.handler.AceHeadTailBeforeEditHandler,nc.impl.qcco.TaskMaintainImpl,nc.vo.qcco.task.AggTaskHVOMeta,nc.ui.qcco.commission.refmodel.SafeTypeRefModel,nc.ui.qcco.commission.model.MainSubBillModel,nc.bs.pub.action.N_QC08_APPROVE,nc.ui.qcco.commission.action.CommissionTempSaveAction,nc.ui.pubapp.uif2app.components.grand.ListGrandPanelComposite,nc.bs.qcco.task.ace.bp.AceTaskSendApproveBP,nc.ui.qcco.task.ace.handler.AceAddHandler,nc.ui.qcco.commission.refmodel.ReportFormRefModel,nc.ui.qcco.commission.refmodel.CustomerTypeRefModel,nc.impl.qcco.CommissionSaveServiceImpl,nc.ui.qcco.commission.refmodel.TestRequirementRefModel</modifiedJavaClasses>
	<applyVersion>5.0,5.01,5.011,5.02,5.3,5.5,5.6,5.7,5.75,6.0,6.1,6.3</applyVersion>
	<needRecreatedLoginJar>false</needRecreatedLoginJar>
	<provider>SSX</provider>
	<searchKeys/>
	<needDeploy>false</needDeploy>
	<patchType>BUG修復補丁</patchType>
	<canAppliedDB>DB2 V9.7,SQL Server 2008 R2,Oracle 10,Oracle 11</canAppliedDB>
	<id>1a6af63d-ac26-4636-b0f8-42ab3d3a8939</id>
	<time>2019-03-06 21:39:12</time>
	<dependInfo/>
	<bugs/>
	<patchVersion/>
	<description/>
	<canAppliedMiddleware>Weblogic,Websphere 7.0,Yonyou Middleware V5,Yonyou Middleware V6</canAppliedMiddleware>
	<patchName>1</patchName>
	<patchPriority>高危補丁</patchPriority>
</packmetadata>
