<?xml version="1.0" encoding="UTF-8"?>
<packmetadata>
	<modifiedModules/>
	<department>DL</department>
	<canAppliedOS>Linux,Windows,AIX,Solaris</canAppliedOS>
	<modifiedJavaClasses>nc.ui.qcco.commission.action.CommissionSaveAction</modifiedJavaClasses>
	<applyVersion>5.0,5.01,5.011,5.02,5.3,5.5,5.6,5.7,5.75,6.0,6.1,6.3</applyVersion>
	<needRecreatedLoginJar>false</needRecreatedLoginJar>
	<provider>SSX</provider>
	<searchKeys/>
	<needDeploy>false</needDeploy>
	<patchType>BUG修復補丁</patchType>
	<canAppliedDB>DB2 V9.7,SQL Server 2008 R2,Oracle 10,Oracle 11</canAppliedDB>
	<id>7d91032c-ed54-4663-8ef6-57f5a63f12bd</id>
	<time>2020-04-11 22:22:14</time>
	<dependInfo/>
	<bugs/>
	<patchVersion/>
	<description/>
	<canAppliedMiddleware>Weblogic,Websphere 7.0,Yonyou Middleware V5,Yonyou Middleware V6</canAppliedMiddleware>
	<patchName>1</patchName>
	<patchPriority>高危補丁</patchPriority>
</packmetadata>
