delete from md_db_relation where startattrid in (select id from md_property where classid in ('13e87994-f2fd-482e-8c93-5d3842ba20a5','81401002-4e72-4f06-ad4b-72e2b666e331','15d35e3e-1230-45f2-9279-5412dc4077df','fcbcdbe2-c0e7-4d0d-ac3f-6cfeeb0b036a','@@@@' ) )  and starttableid in ('qc_commission_c','qc_commission_b','qc_commission_r','qc_commission_h','@@@@');
delete from md_ORMap where ATTRIBUTEID in(select id from md_property where classid in ('13e87994-f2fd-482e-8c93-5d3842ba20a5','81401002-4e72-4f06-ad4b-72e2b666e331','15d35e3e-1230-45f2-9279-5412dc4077df','fcbcdbe2-c0e7-4d0d-ac3f-6cfeeb0b036a','@@@@' ) )  and tableid in ('qc_commission_c','qc_commission_b','qc_commission_r','qc_commission_h','@@@@') ;
delete from md_table where id not in (select distinct tableid from md_ormap );
delete from md_column where  tableid in('qc_commission_c','qc_commission_b','qc_commission_r','qc_commission_h','@@@@') and id not in(select distinct columnid from md_ormap) and (nvl(groupid ,'~')='~' or groupid = id )  and name <> 'extend_bean_tag' ;
delete from md_column where tableid in ('qc_commission_c','qc_commission_b','qc_commission_r','qc_commission_h','@@@@')and groupid is not null and groupid not in( select distinct id from md_column where tableid in ('qc_commission_c','qc_commission_b','qc_commission_r','qc_commission_h','@@@@') ) ;
delete from md_db_relation where starttableid not in (select id from md_table);
delete from md_property where classID in (select distinct id from md_class where componentID='b9e67531-40b1-4a29-8749-38bf4fdc2855'  )  ;
delete from md_association where componentID = 'b9e67531-40b1-4a29-8749-38bf4fdc2855'  ;
delete from md_bizItfMap where classID in (select distinct id from md_class where componentID='b9e67531-40b1-4a29-8749-38bf4fdc2855'  );
delete from md_bizItfMap where classID in ( select id from md_opInterface where componentID = 'b9e67531-40b1-4a29-8749-38bf4fdc2855'  );
delete from md_accessorPara where id in (select distinct id from md_class where componentID='b9e67531-40b1-4a29-8749-38bf4fdc2855'  );
delete from md_enumValue where id in (select distinct id from md_class where componentID='b9e67531-40b1-4a29-8749-38bf4fdc2855'  ) ;
delete from md_class where componentID = 'b9e67531-40b1-4a29-8749-38bf4fdc2855'  ;
delete from md_component where id = 'b9e67531-40b1-4a29-8749-38bf4fdc2855' ;
delete from md_table where (id='qc_commission_h');
delete from md_table where (id='qc_commission_b');
delete from md_table where (id='qc_commission_r');
delete from md_table where (id='qc_commission_c');
delete from md_column where (id='qc_commission_h@@PK@@');
delete from md_column where (id='qc_commission_h@@@creator');
delete from md_column where (id='qc_commission_h@@@creationtime');
delete from md_column where (id='qc_commission_h@@@modifier');
delete from md_column where (id='qc_commission_h@@@modifiedtime');
delete from md_column where (id='qc_commission_h@@@lastmaketime');
delete from md_column where (id='qc_commission_h@@@dmakedate');
delete from md_column where (id='qc_commission_h@@@pk_group');
delete from md_column where (id='qc_commission_h@@@pk_org');
delete from md_column where (id='qc_commission_h@@@pk_org_v');
delete from md_column where (id='qc_commission_h@@@pk_commissiontype');
delete from md_column where (id='qc_commission_h@@@codeprefix');
delete from md_column where (id='qc_commission_h@@@billno');
delete from md_column where (id='qc_commission_h@@@billname');
delete from md_column where (id='qc_commission_h@@@pk_owner');
delete from md_column where (id='qc_commission_h@@@pk_dept');
delete from md_column where (id='qc_commission_h@@@pk_payer');
delete from md_column where (id='qc_commission_h@@@contract');
delete from md_column where (id='qc_commission_h@@@email');
delete from md_column where (id='qc_commission_h@@@teleno');
delete from md_column where (id='qc_commission_h@@@pk_maincategory');
delete from md_column where (id='qc_commission_h@@@pk_subcategory');
delete from md_column where (id='qc_commission_h@@@pk_lastcategory');
delete from md_column where (id='qc_commission_h@@@cuserid');
delete from md_column where (id='qc_commission_h@@@reportformat');
delete from md_column where (id='qc_commission_h@@@reportlang');
delete from md_column where (id='qc_commission_h@@@managersendflag');
delete from md_column where (id='qc_commission_h@@@taskbeginsendflag');
delete from md_column where (id='qc_commission_h@@@taskendsendflag');
delete from md_column where (id='qc_commission_h@@@reportsendflag');
delete from md_column where (id='qc_commission_h@@@savetotemplateflag');
delete from md_column where (id='qc_commission_h@@@receiptsendflag');
delete from md_column where (id='qc_commission_h@@@quotaionsendflag');
delete from md_column where (id='qc_commission_h@@@testaim');
delete from md_column where (id='qc_commission_h@@@progressneed');
delete from md_column where (id='qc_commission_h@@@sampledealtype');
delete from md_column where (id='qc_commission_h@@@productproperty');
delete from md_column where (id='qc_commission_h@@@customername');
delete from md_column where (id='qc_commission_h@@@customertype');
delete from md_column where (id='qc_commission_h@@@testrequirement');
delete from md_column where (id='qc_commission_h@@@checkingproperty');
delete from md_column where (id='qc_commission_h@@@productline');
delete from md_column where (id='qc_commission_h@@@batchnumber');
delete from md_column where (id='qc_commission_h@@@productdate');
delete from md_column where (id='qc_commission_h@@@batchserial');
delete from md_column where (id='qc_commission_h@@@identificationtype');
delete from md_column where (id='qc_commission_h@@@certificationtype');
delete from md_column where (id='qc_commission_h@@@itemnumber');
delete from md_column where (id='qc_commission_h@@@def1');
delete from md_column where (id='qc_commission_h@@@def2');
delete from md_column where (id='qc_commission_h@@@def3');
delete from md_column where (id='qc_commission_h@@@def4');
delete from md_column where (id='qc_commission_h@@@def5');
delete from md_column where (id='qc_commission_h@@@def6');
delete from md_column where (id='qc_commission_h@@@def7');
delete from md_column where (id='qc_commission_h@@@def8');
delete from md_column where (id='qc_commission_h@@@def9');
delete from md_column where (id='qc_commission_h@@@def10');
delete from md_column where (id='qc_commission_h@@@def11');
delete from md_column where (id='qc_commission_h@@@def12');
delete from md_column where (id='qc_commission_h@@@def13');
delete from md_column where (id='qc_commission_h@@@def14');
delete from md_column where (id='qc_commission_h@@@def15');
delete from md_column where (id='qc_commission_h@@@def16');
delete from md_column where (id='qc_commission_h@@@def17');
delete from md_column where (id='qc_commission_h@@@def18');
delete from md_column where (id='qc_commission_h@@@def19');
delete from md_column where (id='qc_commission_h@@@def20');
delete from md_column where (id='qc_commission_h@@@def21');
delete from md_column where (id='qc_commission_h@@@def22');
delete from md_column where (id='qc_commission_h@@@def23');
delete from md_column where (id='qc_commission_h@@@def24');
delete from md_column where (id='qc_commission_h@@@def25');
delete from md_column where (id='qc_commission_h@@@def26');
delete from md_column where (id='qc_commission_h@@@def27');
delete from md_column where (id='qc_commission_h@@@def28');
delete from md_column where (id='qc_commission_h@@@def29');
delete from md_column where (id='qc_commission_h@@@def30');
delete from md_column where (id='qc_commission_h@@@def31');
delete from md_column where (id='qc_commission_h@@@def32');
delete from md_column where (id='qc_commission_h@@@def33');
delete from md_column where (id='qc_commission_h@@@def34');
delete from md_column where (id='qc_commission_h@@@def35');
delete from md_column where (id='qc_commission_h@@@def36');
delete from md_column where (id='qc_commission_h@@@def37');
delete from md_column where (id='qc_commission_h@@@def38');
delete from md_column where (id='qc_commission_h@@@def39');
delete from md_column where (id='qc_commission_h@@@def40');
delete from md_column where (id='qc_commission_h@@@docstatus');
delete from md_column where (id='qc_commission_b@@PK@@');
delete from md_column where (id='qc_commission_b@@@rowno');
delete from md_column where (id='qc_commission_b@@@pk_productserial');
delete from md_column where (id='qc_commission_b@@@pk_enterprisestandard');
delete from md_column where (id='qc_commission_b@@@typeno');
delete from md_column where (id='qc_commission_b@@@pk_productspec');
delete from md_column where (id='qc_commission_b@@@pk_structuretype');
delete from md_column where (id='qc_commission_b@@@contacttype');
delete from md_column where (id='qc_commission_b@@@quantity');
delete from md_column where (id='qc_commission_b@@@manufacturer');
delete from md_column where (id='qc_commission_b@@@pk_contactbrand');
delete from md_column where (id='qc_commission_b@@@contactmodel');
delete from md_column where (id='qc_commission_b@@@productstage');
delete from md_column where (id='qc_commission_b@@@pk_samplegroup');
delete from md_column where (id='qc_commission_b@@@analysisref');
delete from md_column where (id='qc_commission_b@@@otherinfo');
delete from md_column where (id='qc_commission_b@@@def1');
delete from md_column where (id='qc_commission_b@@@def2');
delete from md_column where (id='qc_commission_b@@@def3');
delete from md_column where (id='qc_commission_b@@@def4');
delete from md_column where (id='qc_commission_b@@@def5');
delete from md_column where (id='qc_commission_b@@@def6');
delete from md_column where (id='qc_commission_b@@@def7');
delete from md_column where (id='qc_commission_b@@@def8');
delete from md_column where (id='qc_commission_b@@@def9');
delete from md_column where (id='qc_commission_b@@@def10');
delete from md_column where (id='qc_commission_b@@@def11');
delete from md_column where (id='qc_commission_b@@@def12');
delete from md_column where (id='qc_commission_b@@@def13');
delete from md_column where (id='qc_commission_b@@@def14');
delete from md_column where (id='qc_commission_b@@@def15');
delete from md_column where (id='qc_commission_b@@@def16');
delete from md_column where (id='qc_commission_b@@@def17');
delete from md_column where (id='qc_commission_b@@@def18');
delete from md_column where (id='qc_commission_b@@@def19');
delete from md_column where (id='qc_commission_b@@@def20');
delete from md_column where (id='qc_commission_r@@PK@@');
delete from md_column where (id='qc_commission_r@@@rowno');
delete from md_column where (id='qc_commission_r@@@analysisname');
delete from md_column where (id='qc_commission_r@@@pk_samplegroup');
delete from md_column where (id='qc_commission_r@@@pk_component');
delete from md_column where (id='qc_commission_r@@@pk_valuetype');
delete from md_column where (id='qc_commission_r@@@stdmaxvalue');
delete from md_column where (id='qc_commission_r@@@stdminvalue');
delete from md_column where (id='qc_commission_r@@@unitname');
delete from md_column where (id='qc_commission_r@@@judgeflag');
delete from md_column where (id='qc_commission_r@@@testflag');
delete from md_column where (id='qc_commission_r@@@productstage');
delete from md_column where (id='qc_commission_r@@@isautogeneration');
delete from md_column where (id='qc_commission_c@@PK@@');
delete from md_column where (id='qc_commission_c@@@rowno');
delete from md_column where (id='qc_commission_c@@@modifier');
delete from md_column where (id='qc_commission_c@@@modifiedtime');
delete from md_column where (id='qc_commission_c@@@itemname');
delete from md_column where (id='qc_commission_c@@@oldvalue');
delete from md_column where (id='qc_commission_c@@@newvalue');
delete from md_column where (id='qc_commission_b@@@pk_commission_h');
delete from md_column where (id='qc_commission_c@@@pk_commission_h');
delete from md_column where (id='qc_commission_r@@@pk_commission_b');



insert into md_component ( createtime, creator, description, displayname, dr, fromsourcebmf, help, id, industry, isbizmodel, modifier, modifytime, name, namespace, ownmodule, preload, resid, resmodule, ts, version, versiontype ) values (  '2018-11-12 11:55:19', 'yonyouBQ', null, '委托单',0, 'Y', null, 'b9e67531-40b1-4a29-8749-38bf4fdc2855', '0', 'N', 'YONYOU NC', '2019-05-20 15:19:07', 'qccommission', 'qcco', 'qcco', null, null, 'commission', '2019-06-09 23:45:05', '94',0 ) ;
insert into md_class ( id, accessorclassname, classtype, componentid, createtime, creator, description, displayname, dr, fullclassname, help, isactive, keyattribute, modifier, modifytime, name, parentclassid, precise, refmodelname, returntype, ts, versiontype, isprimary, defaulttablename, stereotype, isauthen, resid, bizitfimpclassname, modinfoclassname, iscreatesql, isextendbean, userdefclassname, industry, fixedlength ) values (  'fcbcdbe2-c0e7-4d0d-ac3f-6cfeeb0b036a', 'nc.md.model.access.javamap.AggVOStyle',201, 'b9e67531-40b1-4a29-8749-38bf4fdc2855', '2018-11-12 11:55:24', 'yonyouBQ', null, '委托单',0, 'nc.vo.qcco.commission.CommissionHVO', null, null, 'a1824629-d9d1-4d3a-9d01-5869568d16d7', 'YONYOU NC', '2019-05-20 15:20:59', 'commission_h', null,null, null, null, '2019-06-09 23:45:05',0, 'Y', 'qc_commission_h', null, 'Y', null, null, null, 'Y', null, null, '0', null ) ;
insert into md_class ( id, accessorclassname, classtype, componentid, createtime, creator, description, displayname, dr, fullclassname, help, isactive, keyattribute, modifier, modifytime, name, parentclassid, precise, refmodelname, returntype, ts, versiontype, isprimary, defaulttablename, stereotype, isauthen, resid, bizitfimpclassname, modinfoclassname, iscreatesql, isextendbean, userdefclassname, industry, fixedlength ) values (  '13e87994-f2fd-482e-8c93-5d3842ba20a5', 'nc.md.model.access.javamap.POJOStyle',201, 'b9e67531-40b1-4a29-8749-38bf4fdc2855', '2018-11-12 14:26:03', 'yonyouBQ', null, '样品子表',0, 'nc.vo.qcco.commission.CommissionBVO', null, null, 'f6f41665-b0a4-41cb-a7d6-4382ed8c3973', 'YONYOU NC', '2019-05-20 15:20:59', 'commission_b', null,null, null, null, '2019-06-09 23:45:05',0, 'N', 'qc_commission_b', null, 'Y', null, null, null, 'Y', null, null, '0', null ) ;
insert into md_class ( id, accessorclassname, classtype, componentid, createtime, creator, description, displayname, dr, fullclassname, help, isactive, keyattribute, modifier, modifytime, name, parentclassid, precise, refmodelname, returntype, ts, versiontype, isprimary, defaulttablename, stereotype, isauthen, resid, bizitfimpclassname, modinfoclassname, iscreatesql, isextendbean, userdefclassname, industry, fixedlength ) values (  '15d35e3e-1230-45f2-9279-5412dc4077df', 'nc.md.model.access.javamap.POJOStyle',201, 'b9e67531-40b1-4a29-8749-38bf4fdc2855', '2018-11-12 15:39:31', 'yonyouBQ', null, '实验前参数',0, 'nc.vo.qcco.commission.CommissionRVO', null, null, '04b25484-4efa-4336-9149-41838ac0479e', 'YONYOU NC', '2019-05-20 15:20:59', 'commission_r', null,null, null, null, '2019-06-09 23:45:05',0, 'N', 'qc_commission_r', null, 'Y', null, null, null, 'Y', null, null, '0', null ) ;
insert into md_class ( id, accessorclassname, classtype, componentid, createtime, creator, description, displayname, dr, fullclassname, help, isactive, keyattribute, modifier, modifytime, name, parentclassid, precise, refmodelname, returntype, ts, versiontype, isprimary, defaulttablename, stereotype, isauthen, resid, bizitfimpclassname, modinfoclassname, iscreatesql, isextendbean, userdefclassname, industry, fixedlength ) values (  '81401002-4e72-4f06-ad4b-72e2b666e331', 'nc.md.model.access.javamap.POJOStyle',201, 'b9e67531-40b1-4a29-8749-38bf4fdc2855', '2019-05-14 23:54:10', 'YONYOU NC', null, '变更记录',0, 'nc.vo.qcco.commission.CommissionCVO', null, null, '2044a7de-3d6d-43bd-b3e4-20c5e25d8bb9', 'YONYOU NC', '2019-05-20 15:20:59', 'commission_c', null,null, null, null, '2019-06-09 23:45:05',0, 'N', 'qc_commission_c', null, 'Y', null, null, null, 'Y', null, null, '0', null ) ;
insert into md_property ( id, accessorclassname, classid, createtime, creator, datatype, datatypestyle, defaultvalue, description, displayname, dr, help, isactive, hided, nullable, readonly, attrlength, attrmaxvalue, attrminvalue, modifier, modifytime, name, precise, refmodelname, attrsequence, ts, visibility, versiontype, fixedlength, calculation, isauthen, resid, customattr, notserialize, dynamicattr, dynamictable, accesspower, accesspowergroup, industry ) values (  'a1824629-d9d1-4d3a-9d01-5869568d16d7', null, 'fcbcdbe2-c0e7-4d0d-ac3f-6cfeeb0b036a', null, null, 'BS000010000100001051',300, null, null, '主表主键',0, null, 'Y', 'N', 'N', 'N',20, null, null, null, null, 'pk_commission_h',0, null,0, '2019-06-09 23:45:05',0,0, 'N', 'N', 'Y', null, 'N', 'N', 'N', null, 'N', null, '0' ) ;
insert into md_property ( id, accessorclassname, classid, createtime, creator, datatype, datatypestyle, defaultvalue, description, displayname, dr, help, isactive, hided, nullable, readonly, attrlength, attrmaxvalue, attrminvalue, modifier, modifytime, name, precise, refmodelname, attrsequence, ts, visibility, versiontype, fixedlength, calculation, isauthen, resid, customattr, notserialize, dynamicattr, dynamictable, accesspower, accesspowergroup, industry ) values (  'fed288be-4851-4759-8625-c8b5df862f58', 'nc.md.model.access.BodyOfAggVOAccessor', 'fcbcdbe2-c0e7-4d0d-ac3f-6cfeeb0b036a', null, null, '13e87994-f2fd-482e-8c93-5d3842ba20a5',301, null, null, '样品子表主键',0, null, 'Y', 'N', 'Y', 'N',0, null, null, null, null, 'pk_commission_b',0, null,1, '2019-06-09 23:45:05',0,0, 'N', 'N', 'Y', null, 'N', 'N', 'N', null, 'N', null, '0' ) ;
insert into md_property ( id, accessorclassname, classid, createtime, creator, datatype, datatypestyle, defaultvalue, description, displayname, dr, help, isactive, hided, nullable, readonly, attrlength, attrmaxvalue, attrminvalue, modifier, modifytime, name, precise, refmodelname, attrsequence, ts, visibility, versiontype, fixedlength, calculation, isauthen, resid, customattr, notserialize, dynamicattr, dynamictable, accesspower, accesspowergroup, industry ) values (  '4477f987-27de-4b48-83e8-6af592f24a92', null, 'fcbcdbe2-c0e7-4d0d-ac3f-6cfeeb0b036a', null, null, 'f6f9a473-56c0-432f-8bc7-fbf8fde54fee',305, null, null, '创建人',0, null, 'Y', 'N', 'Y', 'N',20, null, null, null, null, 'creator',0, '用户',2, '2019-06-09 23:45:05',0,0, 'N', 'N', 'Y', null, 'N', 'N', 'N', null, 'N', null, '0' ) ;
insert into md_property ( id, accessorclassname, classid, createtime, creator, datatype, datatypestyle, defaultvalue, description, displayname, dr, help, isactive, hided, nullable, readonly, attrlength, attrmaxvalue, attrminvalue, modifier, modifytime, name, precise, refmodelname, attrsequence, ts, visibility, versiontype, fixedlength, calculation, isauthen, resid, customattr, notserialize, dynamicattr, dynamictable, accesspower, accesspowergroup, industry ) values (  'f115f992-e014-4ea7-a17a-64a9045f2183', null, 'fcbcdbe2-c0e7-4d0d-ac3f-6cfeeb0b036a', null, null, 'BS000010000100001034',300, null, null, '创建时间',0, null, 'Y', 'N', 'Y', 'N',19, null, null, null, null, 'creationtime',0, null,3, '2019-06-09 23:45:05',0,0, 'N', 'N', 'Y', null, 'N', 'N', 'N', null, 'N', null, '0' ) ;
insert into md_property ( id, accessorclassname, classid, createtime, creator, datatype, datatypestyle, defaultvalue, description, displayname, dr, help, isactive, hided, nullable, readonly, attrlength, attrmaxvalue, attrminvalue, modifier, modifytime, name, precise, refmodelname, attrsequence, ts, visibility, versiontype, fixedlength, calculation, isauthen, resid, customattr, notserialize, dynamicattr, dynamictable, accesspower, accesspowergroup, industry ) values (  '9ee747e3-fd6b-40b1-b7b2-ce132f10c054', null, 'fcbcdbe2-c0e7-4d0d-ac3f-6cfeeb0b036a', null, null, 'f6f9a473-56c0-432f-8bc7-fbf8fde54fee',305, null, null, '修改人',0, null, 'Y', 'N', 'Y', 'N',20, null, null, null, null, 'modifier',0, '用户',4, '2019-06-09 23:45:05',0,0, 'N', 'N', 'Y', null, 'N', 'N', 'N', null, 'N', null, '0' ) ;
insert into md_property ( id, accessorclassname, classid, createtime, creator, datatype, datatypestyle, defaultvalue, description, displayname, dr, help, isactive, hided, nullable, readonly, attrlength, attrmaxvalue, attrminvalue, modifier, modifytime, name, precise, refmodelname, attrsequence, ts, visibility, versiontype, fixedlength, calculation, isauthen, resid, customattr, notserialize, dynamicattr, dynamictable, accesspower, accesspowergroup, industry ) values (  '651de86b-a5bd-44b3-9183-f3e730283596', null, 'fcbcdbe2-c0e7-4d0d-ac3f-6cfeeb0b036a', null, null, 'BS000010000100001034',300, null, null, '修改时间',0, null, 'Y', 'N', 'Y', 'N',19, null, null, null, null, 'modifiedtime',0, null,5, '2019-06-09 23:45:05',0,0, 'N', 'N', 'Y', null, 'N', 'N', 'N', null, 'N', null, '0' ) ;
insert into md_property ( id, accessorclassname, classid, createtime, creator, datatype, datatypestyle, defaultvalue, description, displayname, dr, help, isactive, hided, nullable, readonly, attrlength, attrmaxvalue, attrminvalue, modifier, modifytime, name, precise, refmodelname, attrsequence, ts, visibility, versiontype, fixedlength, calculation, isauthen, resid, customattr, notserialize, dynamicattr, dynamictable, accesspower, accesspowergroup, industry ) values (  'c8677624-a57d-4350-a4bb-4d4636143e52', null, 'fcbcdbe2-c0e7-4d0d-ac3f-6cfeeb0b036a', null, null, 'BS000010000100001034',300, null, null, '最后修改时间',0, null, 'Y', 'N', 'Y', 'N',19, null, null, null, null, 'lastmaketime',0, null,6, '2019-06-09 23:45:05',0,0, 'N', 'N', 'Y', null, 'N', 'N', 'N', null, 'N', null, '0' ) ;
insert into md_property ( id, accessorclassname, classid, createtime, creator, datatype, datatypestyle, defaultvalue, description, displayname, dr, help, isactive, hided, nullable, readonly, attrlength, attrmaxvalue, attrminvalue, modifier, modifytime, name, precise, refmodelname, attrsequence, ts, visibility, versiontype, fixedlength, calculation, isauthen, resid, customattr, notserialize, dynamicattr, dynamictable, accesspower, accesspowergroup, industry ) values (  'c75851b1-c752-4454-ab5a-26fda6197d31', null, 'fcbcdbe2-c0e7-4d0d-ac3f-6cfeeb0b036a', null, null, 'BS000010000100001033',300, null, null, '制单日期',0, null, 'Y', 'N', 'Y', 'N',19, null, null, null, null, 'dmakedate',0, null,7, '2019-06-09 23:45:05',0,0, 'N', 'N', 'Y', null, 'N', 'N', 'N', null, 'N', null, '0' ) ;
insert into md_property ( id, accessorclassname, classid, createtime, creator, datatype, datatypestyle, defaultvalue, description, displayname, dr, help, isactive, hided, nullable, readonly, attrlength, attrmaxvalue, attrminvalue, modifier, modifytime, name, precise, refmodelname, attrsequence, ts, visibility, versiontype, fixedlength, calculation, isauthen, resid, customattr, notserialize, dynamicattr, dynamictable, accesspower, accesspowergroup, industry ) values (  '5485afd8-71e3-4fc8-bd0f-990d42c00855', null, 'fcbcdbe2-c0e7-4d0d-ac3f-6cfeeb0b036a', null, null, '3b6dd171-2900-47f3-bfbe-41e4483a2a65',305, null, null, '集团',0, null, 'Y', 'N', 'Y', 'N',20, null, null, null, null, 'pk_group',0, null,8, '2019-06-09 23:45:05',0,0, 'N', 'N', 'Y', null, 'N', 'N', 'N', null, 'N', null, '0' ) ;
insert into md_property ( id, accessorclassname, classid, createtime, creator, datatype, datatypestyle, defaultvalue, description, displayname, dr, help, isactive, hided, nullable, readonly, attrlength, attrmaxvalue, attrminvalue, modifier, modifytime, name, precise, refmodelname, attrsequence, ts, visibility, versiontype, fixedlength, calculation, isauthen, resid, customattr, notserialize, dynamicattr, dynamictable, accesspower, accesspowergroup, industry ) values (  'c48e36d9-1ad9-4be4-a8c7-2461114ce8e9', null, 'fcbcdbe2-c0e7-4d0d-ac3f-6cfeeb0b036a', null, null, '985be8a4-3a36-4778-8afe-2d8ed3902659',305, null, null, '组织',0, null, 'Y', 'N', 'Y', 'N',20, null, null, null, null, 'pk_org',0, null,9, '2019-06-09 23:45:05',0,0, 'N', 'N', 'Y', null, 'N', 'N', 'N', null, 'N', null, '0' ) ;
insert into md_property ( id, accessorclassname, classid, createtime, creator, datatype, datatypestyle, defaultvalue, description, displayname, dr, help, isactive, hided, nullable, readonly, attrlength, attrmaxvalue, attrminvalue, modifier, modifytime, name, precise, refmodelname, attrsequence, ts, visibility, versiontype, fixedlength, calculation, isauthen, resid, customattr, notserialize, dynamicattr, dynamictable, accesspower, accesspowergroup, industry ) values (  '80c35b87-37f8-45d2-99dc-f57690856cbf', null, 'fcbcdbe2-c0e7-4d0d-ac3f-6cfeeb0b036a', null, null, 'da7bba89-9a59-42d6-a262-c13ef459dbd9',305, null, null, '组织版本',0, null, 'Y', 'N', 'Y', 'N',20, null, null, null, null, 'pk_org_v',0, null,10, '2019-06-09 23:45:05',0,0, 'N', 'N', 'Y', null, 'N', 'N', 'N', null, 'N', null, '0' ) ;
insert into md_property ( id, accessorclassname, classid, createtime, creator, datatype, datatypestyle, defaultvalue, description, displayname, dr, help, isactive, hided, nullable, readonly, attrlength, attrmaxvalue, attrminvalue, modifier, modifytime, name, precise, refmodelname, attrsequence, ts, visibility, versiontype, fixedlength, calculation, isauthen, resid, customattr, notserialize, dynamicattr, dynamictable, accesspower, accesspowergroup, industry ) values (  '600ebdb2-ffc7-4aaa-9682-2f1c13f2867a', null, 'fcbcdbe2-c0e7-4d0d-ac3f-6cfeeb0b036a', null, null, '85efe9e1-3bc2-492e-a92a-f52d3acff25d',305, null, null, '委托单类型',0, null, 'Y', 'N', 'Y', 'N',20, null, null, null, null, 'pk_commissiontype',0, '自定义档案',11, '2019-06-09 23:45:05',0,0, 'N', 'N', 'Y', null, 'N', 'N', 'N', null, 'N', null, '0' ) ;
insert into md_property ( id, accessorclassname, classid, createtime, creator, datatype, datatypestyle, defaultvalue, description, displayname, dr, help, isactive, hided, nullable, readonly, attrlength, attrmaxvalue, attrminvalue, modifier, modifytime, name, precise, refmodelname, attrsequence, ts, visibility, versiontype, fixedlength, calculation, isauthen, resid, customattr, notserialize, dynamicattr, dynamictable, accesspower, accesspowergroup, industry ) values (  '389c6660-038c-44d2-918b-ec49cffc7cb5', null, 'fcbcdbe2-c0e7-4d0d-ac3f-6cfeeb0b036a', null, null, '85efe9e1-3bc2-492e-a92a-f52d3acff25d',305, null, null, '委托单编码前缀',0, null, 'Y', 'N', 'Y', 'N',20, null, null, null, null, 'codeprefix',0, '自定义档案',12, '2019-06-09 23:45:05',0,0, 'N', 'N', 'Y', null, 'N', 'N', 'N', null, 'N', null, '0' ) ;
insert into md_property ( id, accessorclassname, classid, createtime, creator, datatype, datatypestyle, defaultvalue, description, displayname, dr, help, isactive, hided, nullable, readonly, attrlength, attrmaxvalue, attrminvalue, modifier, modifytime, name, precise, refmodelname, attrsequence, ts, visibility, versiontype, fixedlength, calculation, isauthen, resid, customattr, notserialize, dynamicattr, dynamictable, accesspower, accesspowergroup, industry ) values (  'bf4f34a9-c429-4aa9-981d-deed449a1261', null, 'fcbcdbe2-c0e7-4d0d-ac3f-6cfeeb0b036a', null, null, 'BS000010000100001001',300, null, null, '委托单编码',0, null, 'Y', 'N', 'Y', 'N',50, null, null, null, null, 'billno',0, null,13, '2019-06-09 23:45:05',0,0, 'N', 'N', 'Y', null, 'N', 'N', 'N', null, 'N', null, '0' ) ;
insert into md_property ( id, accessorclassname, classid, createtime, creator, datatype, datatypestyle, defaultvalue, description, displayname, dr, help, isactive, hided, nullable, readonly, attrlength, attrmaxvalue, attrminvalue, modifier, modifytime, name, precise, refmodelname, attrsequence, ts, visibility, versiontype, fixedlength, calculation, isauthen, resid, customattr, notserialize, dynamicattr, dynamictable, accesspower, accesspowergroup, industry ) values (  '1d8cf9d1-f20b-475f-89ef-d72b166939ab', null, 'fcbcdbe2-c0e7-4d0d-ac3f-6cfeeb0b036a', null, null, 'BS000010000100001001',300, null, null, '委托单名称',0, null, 'Y', 'N', 'Y', 'N',50, null, null, null, null, 'billname',0, null,14, '2019-06-09 23:45:05',0,0, 'N', 'N', 'Y', null, 'N', 'N', 'N', null, 'N', null, '0' ) ;
insert into md_property ( id, accessorclassname, classid, createtime, creator, datatype, datatypestyle, defaultvalue, description, displayname, dr, help, isactive, hided, nullable, readonly, attrlength, attrmaxvalue, attrminvalue, modifier, modifytime, name, precise, refmodelname, attrsequence, ts, visibility, versiontype, fixedlength, calculation, isauthen, resid, customattr, notserialize, dynamicattr, dynamictable, accesspower, accesspowergroup, industry ) values (  '77c92533-7f49-4dab-b650-25866c513bcd', null, 'fcbcdbe2-c0e7-4d0d-ac3f-6cfeeb0b036a', null, null, '985be8a4-3a36-4778-8afe-2d8ed3902659',305, null, null, '委托单位',0, null, 'Y', 'N', 'Y', 'N',20, null, null, null, null, 'pk_owner',0, '组织（包含全局）(所有)',15, '2019-06-09 23:45:05',0,0, 'N', 'N', 'Y', null, 'N', 'N', 'N', null, 'N', null, '0' ) ;
insert into md_property ( id, accessorclassname, classid, createtime, creator, datatype, datatypestyle, defaultvalue, description, displayname, dr, help, isactive, hided, nullable, readonly, attrlength, attrmaxvalue, attrminvalue, modifier, modifytime, name, precise, refmodelname, attrsequence, ts, visibility, versiontype, fixedlength, calculation, isauthen, resid, customattr, notserialize, dynamicattr, dynamictable, accesspower, accesspowergroup, industry ) values (  '8f16c284-58bf-4999-b79f-a341df699bc3', null, 'fcbcdbe2-c0e7-4d0d-ac3f-6cfeeb0b036a', null, null, 'b26fa3cb-4087-4027-a3b6-c83ab2a086a9',305, null, null, '部门',0, null, 'Y', 'N', 'Y', 'N',20, null, null, null, null, 'pk_dept',0, null,16, '2019-06-09 23:45:05',0,0, 'N', 'N', 'Y', null, 'N', 'N', 'N', null, 'N', null, '0' ) ;
insert into md_property ( id, accessorclassname, classid, createtime, creator, datatype, datatypestyle, defaultvalue, description, displayname, dr, help, isactive, hided, nullable, readonly, attrlength, attrmaxvalue, attrminvalue, modifier, modifytime, name, precise, refmodelname, attrsequence, ts, visibility, versiontype, fixedlength, calculation, isauthen, resid, customattr, notserialize, dynamicattr, dynamictable, accesspower, accesspowergroup, industry ) values (  '74a508a1-8c73-4017-b48f-da8fdb133891', null, 'fcbcdbe2-c0e7-4d0d-ac3f-6cfeeb0b036a', null, null, '985be8a4-3a36-4778-8afe-2d8ed3902659',305, null, null, '付费单位',0, null, 'Y', 'N', 'Y', 'N',20, null, null, null, null, 'pk_payer',0, '组织（包含全局）(所有)',17, '2019-06-09 23:45:05',0,0, 'N', 'N', 'Y', null, 'N', 'N', 'N', null, 'N', null, '0' ) ;
insert into md_property ( id, accessorclassname, classid, createtime, creator, datatype, datatypestyle, defaultvalue, description, displayname, dr, help, isactive, hided, nullable, readonly, attrlength, attrmaxvalue, attrminvalue, modifier, modifytime, name, precise, refmodelname, attrsequence, ts, visibility, versiontype, fixedlength, calculation, isauthen, resid, customattr, notserialize, dynamicattr, dynamictable, accesspower, accesspowergroup, industry ) values (  'e2b9dd8e-9e5f-46ae-bbb5-a0dc11bd7fcb', null, 'fcbcdbe2-c0e7-4d0d-ac3f-6cfeeb0b036a', null, null, 'BS000010000100001001',300, null, null, '联系人',0, null, 'Y', 'N', 'Y', 'N',200, null, null, null, null, 'contract',0, null,18, '2019-06-09 23:45:05',0,0, 'N', 'N', 'Y', null, 'N', 'N', 'N', null, 'N', null, '0' ) ;
insert into md_property ( id, accessorclassname, classid, createtime, creator, datatype, datatypestyle, defaultvalue, description, displayname, dr, help, isactive, hided, nullable, readonly, attrlength, attrmaxvalue, attrminvalue, modifier, modifytime, name, precise, refmodelname, attrsequence, ts, visibility, versiontype, fixedlength, calculation, isauthen, resid, customattr, notserialize, dynamicattr, dynamictable, accesspower, accesspowergroup, industry ) values (  'b48bca19-d855-41a7-bab6-4ff6b3302d08', null, 'fcbcdbe2-c0e7-4d0d-ac3f-6cfeeb0b036a', null, null, 'BS000010000100001001',300, null, null, '电子邮件',0, null, 'Y', 'N', 'Y', 'N',200, null, null, null, null, 'email',0, null,19, '2019-06-09 23:45:05',0,0, 'N', 'N', 'Y', null, 'N', 'N', 'N', null, 'N', null, '0' ) ;
insert into md_property ( id, accessorclassname, classid, createtime, creator, datatype, datatypestyle, defaultvalue, description, displayname, dr, help, isactive, hided, nullable, readonly, attrlength, attrmaxvalue, attrminvalue, modifier, modifytime, name, precise, refmodelname, attrsequence, ts, visibility, versiontype, fixedlength, calculation, isauthen, resid, customattr, notserialize, dynamicattr, dynamictable, accesspower, accesspowergroup, industry ) values (  'e6f4c2b7-11a4-4863-8cb3-77a0a078203d', null, 'fcbcdbe2-c0e7-4d0d-ac3f-6cfeeb0b036a', null, null, 'BS000010000100001001',300, null, null, '联系电话',0, null, 'Y', 'N', 'Y', 'N',200, null, null, null, null, 'teleno',0, null,20, '2019-06-09 23:45:05',0,0, 'N', 'N', 'Y', null, 'N', 'N', 'N', null, 'N', null, '0' ) ;
insert into md_property ( id, accessorclassname, classid, createtime, creator, datatype, datatypestyle, defaultvalue, description, displayname, dr, help, isactive, hided, nullable, readonly, attrlength, attrmaxvalue, attrminvalue, modifier, modifytime, name, precise, refmodelname, attrsequence, ts, visibility, versiontype, fixedlength, calculation, isauthen, resid, customattr, notserialize, dynamicattr, dynamictable, accesspower, accesspowergroup, industry ) values (  '6447b304-3715-465a-99a5-d1b943a7171e', null, 'fcbcdbe2-c0e7-4d0d-ac3f-6cfeeb0b036a', null, null, '85efe9e1-3bc2-492e-a92a-f52d3acff25d',305, null, null, '产品大类',0, null, 'Y', 'N', 'Y', 'N',20, null, null, null, null, 'pk_maincategory',0, '自定义档案',21, '2019-06-09 23:45:05',0,0, 'N', 'N', 'Y', null, 'N', 'N', 'N', null, 'N', null, '0' ) ;
insert into md_property ( id, accessorclassname, classid, createtime, creator, datatype, datatypestyle, defaultvalue, description, displayname, dr, help, isactive, hided, nullable, readonly, attrlength, attrmaxvalue, attrminvalue, modifier, modifytime, name, precise, refmodelname, attrsequence, ts, visibility, versiontype, fixedlength, calculation, isauthen, resid, customattr, notserialize, dynamicattr, dynamictable, accesspower, accesspowergroup, industry ) values (  'b98aa317-078c-43ba-8423-02d0815f71ea', null, 'fcbcdbe2-c0e7-4d0d-ac3f-6cfeeb0b036a', null, null, '85efe9e1-3bc2-492e-a92a-f52d3acff25d',305, null, null, '二级分类',0, null, 'Y', 'N', 'Y', 'N',20, null, null, null, null, 'pk_subcategory',0, '自定义档案',22, '2019-06-09 23:45:05',0,0, 'N', 'N', 'Y', null, 'N', 'N', 'N', null, 'N', null, '0' ) ;
insert into md_property ( id, accessorclassname, classid, createtime, creator, datatype, datatypestyle, defaultvalue, description, displayname, dr, help, isactive, hided, nullable, readonly, attrlength, attrmaxvalue, attrminvalue, modifier, modifytime, name, precise, refmodelname, attrsequence, ts, visibility, versiontype, fixedlength, calculation, isauthen, resid, customattr, notserialize, dynamicattr, dynamictable, accesspower, accesspowergroup, industry ) values (  '4d09b438-d04c-416f-be0e-e60476c43c18', null, 'fcbcdbe2-c0e7-4d0d-ac3f-6cfeeb0b036a', null, null, '85efe9e1-3bc2-492e-a92a-f52d3acff25d',305, null, null, '三级分类',0, null, 'Y', 'N', 'Y', 'N',20, null, null, null, null, 'pk_lastcategory',0, '自定义档案',23, '2019-06-09 23:45:05',0,0, 'N', 'N', 'Y', null, 'N', 'N', 'N', null, 'N', null, '0' ) ;
insert into md_property ( id, accessorclassname, classid, createtime, creator, datatype, datatypestyle, defaultvalue, description, displayname, dr, help, isactive, hided, nullable, readonly, attrlength, attrmaxvalue, attrminvalue, modifier, modifytime, name, precise, refmodelname, attrsequence, ts, visibility, versiontype, fixedlength, calculation, isauthen, resid, customattr, notserialize, dynamicattr, dynamictable, accesspower, accesspowergroup, industry ) values (  '6042b996-c245-449e-94c3-b6f3cdfc66b9', null, 'fcbcdbe2-c0e7-4d0d-ac3f-6cfeeb0b036a', null, null, '40d39c26-a2b6-4f16-a018-45664cac1a1f',305, null, null, '制单人',0, null, 'Y', 'N', 'Y', 'N',20, null, null, null, null, 'cuserid',0, '人员',24, '2019-06-09 23:45:05',0,0, 'N', 'N', 'Y', null, 'N', 'N', 'N', null, 'N', null, '0' ) ;
insert into md_property ( id, accessorclassname, classid, createtime, creator, datatype, datatypestyle, defaultvalue, description, displayname, dr, help, isactive, hided, nullable, readonly, attrlength, attrmaxvalue, attrminvalue, modifier, modifytime, name, precise, refmodelname, attrsequence, ts, visibility, versiontype, fixedlength, calculation, isauthen, resid, customattr, notserialize, dynamicattr, dynamictable, accesspower, accesspowergroup, industry ) values (  'd6d37635-34a2-4d1d-8c2d-7d6753f92f81', null, 'fcbcdbe2-c0e7-4d0d-ac3f-6cfeeb0b036a', null, null, '85efe9e1-3bc2-492e-a92a-f52d3acff25d',305, null, null, '报告格式',0, null, 'Y', 'N', 'Y', 'N',20, null, null, null, null, 'reportformat',0, '自定义档案',25, '2019-06-09 23:45:05',0,0, 'N', 'N', 'Y', null, 'N', 'N', 'N', null, 'N', null, '0' ) ;
insert into md_property ( id, accessorclassname, classid, createtime, creator, datatype, datatypestyle, defaultvalue, description, displayname, dr, help, isactive, hided, nullable, readonly, attrlength, attrmaxvalue, attrminvalue, modifier, modifytime, name, precise, refmodelname, attrsequence, ts, visibility, versiontype, fixedlength, calculation, isauthen, resid, customattr, notserialize, dynamicattr, dynamictable, accesspower, accesspowergroup, industry ) values (  'f6772c5a-2b3b-4dd9-ab67-95ccf49614e5', null, 'fcbcdbe2-c0e7-4d0d-ac3f-6cfeeb0b036a', null, null, '85efe9e1-3bc2-492e-a92a-f52d3acff25d',305, null, null, '报告语言',0, null, 'Y', 'N', 'Y', 'N',20, null, null, null, null, 'reportlang',0, '自定义档案',26, '2019-06-09 23:45:05',0,0, 'N', 'N', 'Y', null, 'N', 'N', 'N', null, 'N', null, '0' ) ;
insert into md_property ( id, accessorclassname, classid, createtime, creator, datatype, datatypestyle, defaultvalue, description, displayname, dr, help, isactive, hided, nullable, readonly, attrlength, attrmaxvalue, attrminvalue, modifier, modifytime, name, precise, refmodelname, attrsequence, ts, visibility, versiontype, fixedlength, calculation, isauthen, resid, customattr, notserialize, dynamicattr, dynamictable, accesspower, accesspowergroup, industry ) values (  'a0ba434b-1e2e-40db-9bd9-099727db4f12', null, 'fcbcdbe2-c0e7-4d0d-ac3f-6cfeeb0b036a', null, null, 'BS000010000100001032',300, null, null, '主管审核发送邮件',0, null, 'Y', 'N', 'Y', 'N',1, null, null, null, null, 'managersendflag',0, null,27, '2019-06-09 23:45:05',0,0, 'N', 'N', 'Y', null, 'N', 'N', 'N', null, 'N', null, '0' ) ;
insert into md_property ( id, accessorclassname, classid, createtime, creator, datatype, datatypestyle, defaultvalue, description, displayname, dr, help, isactive, hided, nullable, readonly, attrlength, attrmaxvalue, attrminvalue, modifier, modifytime, name, precise, refmodelname, attrsequence, ts, visibility, versiontype, fixedlength, calculation, isauthen, resid, customattr, notserialize, dynamicattr, dynamictable, accesspower, accesspowergroup, industry ) values (  '509c775b-148d-4481-9eb2-e6bfe2d500c8', null, 'fcbcdbe2-c0e7-4d0d-ac3f-6cfeeb0b036a', null, null, 'BS000010000100001032',300, null, null, '任务开始发送邮件',0, null, 'Y', 'N', 'Y', 'N',1, null, null, null, null, 'taskbeginsendflag',0, null,28, '2019-06-09 23:45:05',0,0, 'N', 'N', 'Y', null, 'N', 'N', 'N', null, 'N', null, '0' ) ;
insert into md_property ( id, accessorclassname, classid, createtime, creator, datatype, datatypestyle, defaultvalue, description, displayname, dr, help, isactive, hided, nullable, readonly, attrlength, attrmaxvalue, attrminvalue, modifier, modifytime, name, precise, refmodelname, attrsequence, ts, visibility, versiontype, fixedlength, calculation, isauthen, resid, customattr, notserialize, dynamicattr, dynamictable, accesspower, accesspowergroup, industry ) values (  '07ed2d05-feac-4203-a61c-4f6dd24d298e', null, 'fcbcdbe2-c0e7-4d0d-ac3f-6cfeeb0b036a', null, null, 'BS000010000100001032',300, null, null, '任务结束发送邮件',0, null, 'Y', 'N', 'Y', 'N',1, null, null, null, null, 'taskendsendflag',0, null,29, '2019-06-09 23:45:05',0,0, 'N', 'N', 'Y', null, 'N', 'N', 'N', null, 'N', null, '0' ) ;
insert into md_property ( id, accessorclassname, classid, createtime, creator, datatype, datatypestyle, defaultvalue, description, displayname, dr, help, isactive, hided, nullable, readonly, attrlength, attrmaxvalue, attrminvalue, modifier, modifytime, name, precise, refmodelname, attrsequence, ts, visibility, versiontype, fixedlength, calculation, isauthen, resid, customattr, notserialize, dynamicattr, dynamictable, accesspower, accesspowergroup, industry ) values (  '86b3fbaf-616e-4620-80f1-02b5f07269d0', null, 'fcbcdbe2-c0e7-4d0d-ac3f-6cfeeb0b036a', null, null, 'BS000010000100001032',300, null, null, '报告签发发送邮件',0, null, 'Y', 'N', 'Y', 'N',1, null, null, null, null, 'reportsendflag',0, null,30, '2019-06-09 23:45:05',0,0, 'N', 'N', 'Y', null, 'N', 'N', 'N', null, 'N', null, '0' ) ;
insert into md_property ( id, accessorclassname, classid, createtime, creator, datatype, datatypestyle, defaultvalue, description, displayname, dr, help, isactive, hided, nullable, readonly, attrlength, attrmaxvalue, attrminvalue, modifier, modifytime, name, precise, refmodelname, attrsequence, ts, visibility, versiontype, fixedlength, calculation, isauthen, resid, customattr, notserialize, dynamicattr, dynamictable, accesspower, accesspowergroup, industry ) values (  'f70f9bf2-c4bb-43b3-90a9-e43848c324c0', null, 'fcbcdbe2-c0e7-4d0d-ac3f-6cfeeb0b036a', null, null, 'BS000010000100001032',300, null, null, '是否保存为模板',0, null, 'Y', 'N', 'Y', 'N',1, null, null, null, null, 'savetotemplateflag',0, null,31, '2019-06-09 23:45:05',0,0, 'N', 'N', 'Y', null, 'N', 'N', 'N', null, 'N', null, '0' ) ;
insert into md_property ( id, accessorclassname, classid, createtime, creator, datatype, datatypestyle, defaultvalue, description, displayname, dr, help, isactive, hided, nullable, readonly, attrlength, attrmaxvalue, attrminvalue, modifier, modifytime, name, precise, refmodelname, attrsequence, ts, visibility, versiontype, fixedlength, calculation, isauthen, resid, customattr, notserialize, dynamicattr, dynamictable, accesspower, accesspowergroup, industry ) values (  'd4886945-8797-428f-a003-8dfc54ffac4c', null, 'fcbcdbe2-c0e7-4d0d-ac3f-6cfeeb0b036a', null, null, 'BS000010000100001032',300, null, null, '计费单邮件提醒',0, null, 'Y', 'N', 'Y', 'N',1, null, null, null, null, 'receiptsendflag',0, null,32, '2019-06-09 23:45:05',0,0, 'N', 'N', 'Y', null, 'N', 'N', 'N', null, 'N', null, '0' ) ;
insert into md_property ( id, accessorclassname, classid, createtime, creator, datatype, datatypestyle, defaultvalue, description, displayname, dr, help, isactive, hided, nullable, readonly, attrlength, attrmaxvalue, attrminvalue, modifier, modifytime, name, precise, refmodelname, attrsequence, ts, visibility, versiontype, fixedlength, calculation, isauthen, resid, customattr, notserialize, dynamicattr, dynamictable, accesspower, accesspowergroup, industry ) values (  '0062919a-41e3-4139-90a3-ef124dacffa7', null, 'fcbcdbe2-c0e7-4d0d-ac3f-6cfeeb0b036a', null, null, 'BS000010000100001032',300, null, null, '报价单邮件提醒',0, null, 'Y', 'N', 'Y', 'N',1, null, null, null, null, 'quotaionsendflag',0, null,33, '2019-06-09 23:45:05',0,0, 'N', 'N', 'Y', null, 'N', 'N', 'N', null, 'N', null, '0' ) ;
insert into md_property ( id, accessorclassname, classid, createtime, creator, datatype, datatypestyle, defaultvalue, description, displayname, dr, help, isactive, hided, nullable, readonly, attrlength, attrmaxvalue, attrminvalue, modifier, modifytime, name, precise, refmodelname, attrsequence, ts, visibility, versiontype, fixedlength, calculation, isauthen, resid, customattr, notserialize, dynamicattr, dynamictable, accesspower, accesspowergroup, industry ) values (  'b4996e43-ff40-4042-bffe-4b21742bbf1e', null, 'fcbcdbe2-c0e7-4d0d-ac3f-6cfeeb0b036a', null, null, 'BS000010000100001001',300, null, null, '测试目的',0, null, 'Y', 'N', 'Y', 'N',200, null, null, null, null, 'testaim',0, null,34, '2019-06-09 23:45:05',0,0, 'N', 'N', 'Y', null, 'N', 'N', 'N', null, 'N', null, '0' ) ;
insert into md_property ( id, accessorclassname, classid, createtime, creator, datatype, datatypestyle, defaultvalue, description, displayname, dr, help, isactive, hided, nullable, readonly, attrlength, attrmaxvalue, attrminvalue, modifier, modifytime, name, precise, refmodelname, attrsequence, ts, visibility, versiontype, fixedlength, calculation, isauthen, resid, customattr, notserialize, dynamicattr, dynamictable, accesspower, accesspowergroup, industry ) values (  '05030d55-c69b-40e7-9bf0-990e2a898225', null, 'fcbcdbe2-c0e7-4d0d-ac3f-6cfeeb0b036a', null, null, 'BS000010000100001001',300, null, null, '进度要求',0, null, 'Y', 'N', 'Y', 'N',200, null, null, null, null, 'progressneed',0, null,35, '2019-06-09 23:45:05',0,0, 'N', 'N', 'Y', null, 'N', 'N', 'N', null, 'N', null, '0' ) ;
insert into md_property ( id, accessorclassname, classid, createtime, creator, datatype, datatypestyle, defaultvalue, description, displayname, dr, help, isactive, hided, nullable, readonly, attrlength, attrmaxvalue, attrminvalue, modifier, modifytime, name, precise, refmodelname, attrsequence, ts, visibility, versiontype, fixedlength, calculation, isauthen, resid, customattr, notserialize, dynamicattr, dynamictable, accesspower, accesspowergroup, industry ) values (  'fc75d56e-881d-4391-9f2a-391f25470fa9', null, 'fcbcdbe2-c0e7-4d0d-ac3f-6cfeeb0b036a', null, null, '85efe9e1-3bc2-492e-a92a-f52d3acff25d',305, null, null, '检后样品处理',0, null, 'Y', 'N', 'Y', 'N',20, null, null, null, null, 'sampledealtype',0, '自定义档案',36, '2019-06-09 23:45:05',0,0, 'N', 'N', 'Y', null, 'N', 'N', 'N', null, 'N', null, '0' ) ;
insert into md_property ( id, accessorclassname, classid, createtime, creator, datatype, datatypestyle, defaultvalue, description, displayname, dr, help, isactive, hided, nullable, readonly, attrlength, attrmaxvalue, attrminvalue, modifier, modifytime, name, precise, refmodelname, attrsequence, ts, visibility, versiontype, fixedlength, calculation, isauthen, resid, customattr, notserialize, dynamicattr, dynamictable, accesspower, accesspowergroup, industry ) values (  'a1d2e0d3-2d18-4ab8-b905-cb80cd138f13', null, 'fcbcdbe2-c0e7-4d0d-ac3f-6cfeeb0b036a', null, null, '85efe9e1-3bc2-492e-a92a-f52d3acff25d',305, null, null, '产品属性',0, null, 'Y', 'N', 'Y', 'N',20, null, null, null, null, 'productproperty',0, '自定义档案',37, '2019-06-09 23:45:05',0,0, 'N', 'N', 'Y', null, 'N', 'N', 'N', null, 'N', null, '0' ) ;
insert into md_property ( id, accessorclassname, classid, createtime, creator, datatype, datatypestyle, defaultvalue, description, displayname, dr, help, isactive, hided, nullable, readonly, attrlength, attrmaxvalue, attrminvalue, modifier, modifytime, name, precise, refmodelname, attrsequence, ts, visibility, versiontype, fixedlength, calculation, isauthen, resid, customattr, notserialize, dynamicattr, dynamictable, accesspower, accesspowergroup, industry ) values (  '1e34b32f-e71e-4c28-a56f-015e6751772e', null, 'fcbcdbe2-c0e7-4d0d-ac3f-6cfeeb0b036a', null, null, 'BS000010000100001001',300, null, null, '客户名称',0, null, 'Y', 'N', 'Y', 'N',200, null, null, null, null, 'customername',0, null,38, '2019-06-09 23:45:05',0,0, 'N', 'N', 'Y', null, 'N', 'N', 'N', null, 'N', null, '0' ) ;
insert into md_property ( id, accessorclassname, classid, createtime, creator, datatype, datatypestyle, defaultvalue, description, displayname, dr, help, isactive, hided, nullable, readonly, attrlength, attrmaxvalue, attrminvalue, modifier, modifytime, name, precise, refmodelname, attrsequence, ts, visibility, versiontype, fixedlength, calculation, isauthen, resid, customattr, notserialize, dynamicattr, dynamictable, accesspower, accesspowergroup, industry ) values (  '4ed9a6fb-196b-4f78-8d16-d1b9dfc435b5', null, 'fcbcdbe2-c0e7-4d0d-ac3f-6cfeeb0b036a', null, null, '85efe9e1-3bc2-492e-a92a-f52d3acff25d',305, null, null, '客户类型',0, null, 'Y', 'N', 'Y', 'N',20, null, null, null, null, 'customertype',0, '自定义档案',39, '2019-06-09 23:45:05',0,0, 'N', 'N', 'Y', null, 'N', 'N', 'N', null, 'N', null, '0' ) ;
insert into md_property ( id, accessorclassname, classid, createtime, creator, datatype, datatypestyle, defaultvalue, description, displayname, dr, help, isactive, hided, nullable, readonly, attrlength, attrmaxvalue, attrminvalue, modifier, modifytime, name, precise, refmodelname, attrsequence, ts, visibility, versiontype, fixedlength, calculation, isauthen, resid, customattr, notserialize, dynamicattr, dynamictable, accesspower, accesspowergroup, industry ) values (  '91532db8-3092-41f9-8f41-e6f0d218c8dc', null, 'fcbcdbe2-c0e7-4d0d-ac3f-6cfeeb0b036a', null, null, '85efe9e1-3bc2-492e-a92a-f52d3acff25d',305, null, null, '测试需求',0, null, 'Y', 'N', 'Y', 'N',20, null, null, null, null, 'testrequirement',0, '自定义档案',40, '2019-06-09 23:45:05',0,0, 'N', 'N', 'Y', null, 'N', 'N', 'N', null, 'N', null, '0' ) ;
insert into md_property ( id, accessorclassname, classid, createtime, creator, datatype, datatypestyle, defaultvalue, description, displayname, dr, help, isactive, hided, nullable, readonly, attrlength, attrmaxvalue, attrminvalue, modifier, modifytime, name, precise, refmodelname, attrsequence, ts, visibility, versiontype, fixedlength, calculation, isauthen, resid, customattr, notserialize, dynamicattr, dynamictable, accesspower, accesspowergroup, industry ) values (  '42961667-a139-4b7f-8db7-3a624d10d8ce', null, 'fcbcdbe2-c0e7-4d0d-ac3f-6cfeeb0b036a', null, null, '85efe9e1-3bc2-492e-a92a-f52d3acff25d',305, null, null, '检测性质',0, null, 'Y', 'N', 'Y', 'N',20, null, null, null, null, 'checkingproperty',0, '自定义档案',41, '2019-06-09 23:45:05',0,0, 'N', 'N', 'Y', null, 'N', 'N', 'N', null, 'N', null, '0' ) ;
insert into md_property ( id, accessorclassname, classid, createtime, creator, datatype, datatypestyle, defaultvalue, description, displayname, dr, help, isactive, hided, nullable, readonly, attrlength, attrmaxvalue, attrminvalue, modifier, modifytime, name, precise, refmodelname, attrsequence, ts, visibility, versiontype, fixedlength, calculation, isauthen, resid, customattr, notserialize, dynamicattr, dynamictable, accesspower, accesspowergroup, industry ) values (  'eddb0c05-d7df-4e36-a99f-3a083caa5db7', null, 'fcbcdbe2-c0e7-4d0d-ac3f-6cfeeb0b036a', null, null, 'BS000010000100001001',300, null, null, '生产产线',0, null, 'Y', 'N', 'Y', 'N',200, null, null, null, null, 'productline',0, null,42, '2019-06-09 23:45:05',0,0, 'N', 'N', 'Y', null, 'N', 'N', 'N', null, 'N', null, '0' ) ;
insert into md_property ( id, accessorclassname, classid, createtime, creator, datatype, datatypestyle, defaultvalue, description, displayname, dr, help, isactive, hided, nullable, readonly, attrlength, attrmaxvalue, attrminvalue, modifier, modifytime, name, precise, refmodelname, attrsequence, ts, visibility, versiontype, fixedlength, calculation, isauthen, resid, customattr, notserialize, dynamicattr, dynamictable, accesspower, accesspowergroup, industry ) values (  '397af471-0b68-4ac9-a1d1-1359a6ebc755', null, 'fcbcdbe2-c0e7-4d0d-ac3f-6cfeeb0b036a', null, null, 'BS000010000100001001',300, null, null, '生产批量',0, null, 'Y', 'N', 'Y', 'N',200, null, null, null, null, 'batchnumber',0, null,43, '2019-06-09 23:45:05',0,0, 'N', 'N', 'Y', null, 'N', 'N', 'N', null, 'N', null, '0' ) ;
insert into md_property ( id, accessorclassname, classid, createtime, creator, datatype, datatypestyle, defaultvalue, description, displayname, dr, help, isactive, hided, nullable, readonly, attrlength, attrmaxvalue, attrminvalue, modifier, modifytime, name, precise, refmodelname, attrsequence, ts, visibility, versiontype, fixedlength, calculation, isauthen, resid, customattr, notserialize, dynamicattr, dynamictable, accesspower, accesspowergroup, industry ) values (  'c77dccbe-529e-4fdc-9448-9ead02d4abaa', null, 'fcbcdbe2-c0e7-4d0d-ac3f-6cfeeb0b036a', null, null, 'BS000010000100001039',300, null, null, '生产日期',0, null, 'Y', 'N', 'Y', 'N',10, null, null, null, null, 'productdate',0, null,44, '2019-06-09 23:45:05',0,0, 'N', 'N', 'Y', null, 'N', 'N', 'N', null, 'N', null, '0' ) ;
insert into md_property ( id, accessorclassname, classid, createtime, creator, datatype, datatypestyle, defaultvalue, description, displayname, dr, help, isactive, hided, nullable, readonly, attrlength, attrmaxvalue, attrminvalue, modifier, modifytime, name, precise, refmodelname, attrsequence, ts, visibility, versiontype, fixedlength, calculation, isauthen, resid, customattr, notserialize, dynamicattr, dynamictable, accesspower, accesspowergroup, industry ) values (  'aa42392c-2770-44b7-97dc-555e3482b87b', null, 'fcbcdbe2-c0e7-4d0d-ac3f-6cfeeb0b036a', null, null, 'BS000010000100001001',300, null, null, '生产批号',0, null, 'Y', 'N', 'Y', 'N',200, null, null, null, null, 'batchserial',0, null,45, '2019-06-09 23:45:05',0,0, 'N', 'N', 'Y', null, 'N', 'N', 'N', null, 'N', null, '0' ) ;
insert into md_property ( id, accessorclassname, classid, createtime, creator, datatype, datatypestyle, defaultvalue, description, displayname, dr, help, isactive, hided, nullable, readonly, attrlength, attrmaxvalue, attrminvalue, modifier, modifytime, name, precise, refmodelname, attrsequence, ts, visibility, versiontype, fixedlength, calculation, isauthen, resid, customattr, notserialize, dynamicattr, dynamictable, accesspower, accesspowergroup, industry ) values (  '97f3d243-651d-4233-81df-2366b1a79929', null, 'fcbcdbe2-c0e7-4d0d-ac3f-6cfeeb0b036a', null, null, '85efe9e1-3bc2-492e-a92a-f52d3acff25d',305, null, null, '产品鉴定类型',0, null, 'Y', 'N', 'Y', 'N',20, null, null, null, null, 'identificationtype',0, '自定义档案',46, '2019-06-09 23:45:05',0,0, 'N', 'N', 'Y', null, 'N', 'N', 'N', null, 'N', null, '0' ) ;
insert into md_property ( id, accessorclassname, classid, createtime, creator, datatype, datatypestyle, defaultvalue, description, displayname, dr, help, isactive, hided, nullable, readonly, attrlength, attrmaxvalue, attrminvalue, modifier, modifytime, name, precise, refmodelname, attrsequence, ts, visibility, versiontype, fixedlength, calculation, isauthen, resid, customattr, notserialize, dynamicattr, dynamictable, accesspower, accesspowergroup, industry ) values (  'd9166350-045d-4270-9aab-4b422f478b14', null, 'fcbcdbe2-c0e7-4d0d-ac3f-6cfeeb0b036a', null, null, '85efe9e1-3bc2-492e-a92a-f52d3acff25d',305, null, null, '认证类型',0, null, 'Y', 'N', 'Y', 'N',20, null, null, null, null, 'certificationtype',0, '自定义档案',47, '2019-06-09 23:45:05',0,0, 'N', 'N', 'Y', null, 'N', 'N', 'N', null, 'N', null, '0' ) ;
insert into md_property ( id, accessorclassname, classid, createtime, creator, datatype, datatypestyle, defaultvalue, description, displayname, dr, help, isactive, hided, nullable, readonly, attrlength, attrmaxvalue, attrminvalue, modifier, modifytime, name, precise, refmodelname, attrsequence, ts, visibility, versiontype, fixedlength, calculation, isauthen, resid, customattr, notserialize, dynamicattr, dynamictable, accesspower, accesspowergroup, industry ) values (  '6226f320-bc97-4eb5-ac83-4c5b464af0a2', null, 'fcbcdbe2-c0e7-4d0d-ac3f-6cfeeb0b036a', null, null, 'BS000010000100001001',300, null, null, '项目号',0, null, 'Y', 'N', 'Y', 'N',200, null, null, null, null, 'itemnumber',0, null,48, '2019-06-09 23:45:05',0,0, 'N', 'N', 'Y', null, 'N', 'N', 'N', null, 'N', null, '0' ) ;
insert into md_property ( id, accessorclassname, classid, createtime, creator, datatype, datatypestyle, defaultvalue, description, displayname, dr, help, isactive, hided, nullable, readonly, attrlength, attrmaxvalue, attrminvalue, modifier, modifytime, name, precise, refmodelname, attrsequence, ts, visibility, versiontype, fixedlength, calculation, isauthen, resid, customattr, notserialize, dynamicattr, dynamictable, accesspower, accesspowergroup, industry ) values (  '2bf9db6f-67cc-4a98-b997-db402fe0594e', null, 'fcbcdbe2-c0e7-4d0d-ac3f-6cfeeb0b036a', null, null, 'BS000010000100001001',300, null, null, '自定义项1',0, null, 'Y', 'N', 'Y', 'N',100, null, null, null, null, 'def1',0, null,49, '2019-06-09 23:45:05',0,0, 'N', 'N', 'Y', null, 'N', 'N', 'N', null, 'N', null, '0' ) ;
insert into md_property ( id, accessorclassname, classid, createtime, creator, datatype, datatypestyle, defaultvalue, description, displayname, dr, help, isactive, hided, nullable, readonly, attrlength, attrmaxvalue, attrminvalue, modifier, modifytime, name, precise, refmodelname, attrsequence, ts, visibility, versiontype, fixedlength, calculation, isauthen, resid, customattr, notserialize, dynamicattr, dynamictable, accesspower, accesspowergroup, industry ) values (  'da519cdd-db0f-48d5-adb7-446fb7c1fb7b', null, 'fcbcdbe2-c0e7-4d0d-ac3f-6cfeeb0b036a', null, null, 'BS000010000100001001',300, null, null, '自定义项2',0, null, 'Y', 'N', 'Y', 'N',100, null, null, null, null, 'def2',0, null,50, '2019-06-09 23:45:05',0,0, 'N', 'N', 'Y', null, 'N', 'N', 'N', null, 'N', null, '0' ) ;
insert into md_property ( id, accessorclassname, classid, createtime, creator, datatype, datatypestyle, defaultvalue, description, displayname, dr, help, isactive, hided, nullable, readonly, attrlength, attrmaxvalue, attrminvalue, modifier, modifytime, name, precise, refmodelname, attrsequence, ts, visibility, versiontype, fixedlength, calculation, isauthen, resid, customattr, notserialize, dynamicattr, dynamictable, accesspower, accesspowergroup, industry ) values (  'ef223bec-105b-4837-b053-2f4a35cfb8d8', null, 'fcbcdbe2-c0e7-4d0d-ac3f-6cfeeb0b036a', null, null, 'BS000010000100001001',300, null, null, '自定义项3',0, null, 'Y', 'N', 'Y', 'N',100, null, null, null, null, 'def3',0, null,51, '2019-06-09 23:45:05',0,0, 'N', 'N', 'Y', null, 'N', 'N', 'N', null, 'N', null, '0' ) ;
insert into md_property ( id, accessorclassname, classid, createtime, creator, datatype, datatypestyle, defaultvalue, description, displayname, dr, help, isactive, hided, nullable, readonly, attrlength, attrmaxvalue, attrminvalue, modifier, modifytime, name, precise, refmodelname, attrsequence, ts, visibility, versiontype, fixedlength, calculation, isauthen, resid, customattr, notserialize, dynamicattr, dynamictable, accesspower, accesspowergroup, industry ) values (  '6fd99b93-41bc-4225-bc9b-b818bba89b80', null, 'fcbcdbe2-c0e7-4d0d-ac3f-6cfeeb0b036a', null, null, 'BS000010000100001001',300, null, null, '自定义项4',0, null, 'Y', 'N', 'Y', 'N',100, null, null, null, null, 'def4',0, null,52, '2019-06-09 23:45:05',0,0, 'N', 'N', 'Y', null, 'N', 'N', 'N', null, 'N', null, '0' ) ;
insert into md_property ( id, accessorclassname, classid, createtime, creator, datatype, datatypestyle, defaultvalue, description, displayname, dr, help, isactive, hided, nullable, readonly, attrlength, attrmaxvalue, attrminvalue, modifier, modifytime, name, precise, refmodelname, attrsequence, ts, visibility, versiontype, fixedlength, calculation, isauthen, resid, customattr, notserialize, dynamicattr, dynamictable, accesspower, accesspowergroup, industry ) values (  '155d7dc4-368a-4d71-81df-783abcab60b7', null, 'fcbcdbe2-c0e7-4d0d-ac3f-6cfeeb0b036a', null, null, 'BS000010000100001001',300, null, null, '自定义项5',0, null, 'Y', 'N', 'Y', 'N',100, null, null, null, null, 'def5',0, null,53, '2019-06-09 23:45:05',0,0, 'N', 'N', 'Y', null, 'N', 'N', 'N', null, 'N', null, '0' ) ;
insert into md_property ( id, accessorclassname, classid, createtime, creator, datatype, datatypestyle, defaultvalue, description, displayname, dr, help, isactive, hided, nullable, readonly, attrlength, attrmaxvalue, attrminvalue, modifier, modifytime, name, precise, refmodelname, attrsequence, ts, visibility, versiontype, fixedlength, calculation, isauthen, resid, customattr, notserialize, dynamicattr, dynamictable, accesspower, accesspowergroup, industry ) values (  'bdc6eaca-0f72-4738-b44c-5093a24b0b13', null, 'fcbcdbe2-c0e7-4d0d-ac3f-6cfeeb0b036a', null, null, 'BS000010000100001001',300, null, null, '自定义项6',0, null, 'Y', 'N', 'Y', 'N',100, null, null, null, null, 'def6',0, null,54, '2019-06-09 23:45:05',0,0, 'N', 'N', 'Y', null, 'N', 'N', 'N', null, 'N', null, '0' ) ;
insert into md_property ( id, accessorclassname, classid, createtime, creator, datatype, datatypestyle, defaultvalue, description, displayname, dr, help, isactive, hided, nullable, readonly, attrlength, attrmaxvalue, attrminvalue, modifier, modifytime, name, precise, refmodelname, attrsequence, ts, visibility, versiontype, fixedlength, calculation, isauthen, resid, customattr, notserialize, dynamicattr, dynamictable, accesspower, accesspowergroup, industry ) values (  '76936c27-c7d6-4a03-ac9b-a7d1dc9461c1', null, 'fcbcdbe2-c0e7-4d0d-ac3f-6cfeeb0b036a', null, null, 'BS000010000100001001',300, null, null, '自定义项7',0, null, 'Y', 'N', 'Y', 'N',100, null, null, null, null, 'def7',0, null,55, '2019-06-09 23:45:05',0,0, 'N', 'N', 'Y', null, 'N', 'N', 'N', null, 'N', null, '0' ) ;
insert into md_property ( id, accessorclassname, classid, createtime, creator, datatype, datatypestyle, defaultvalue, description, displayname, dr, help, isactive, hided, nullable, readonly, attrlength, attrmaxvalue, attrminvalue, modifier, modifytime, name, precise, refmodelname, attrsequence, ts, visibility, versiontype, fixedlength, calculation, isauthen, resid, customattr, notserialize, dynamicattr, dynamictable, accesspower, accesspowergroup, industry ) values (  '0ba63ea0-3fda-4877-9cc4-07336e98794e', null, 'fcbcdbe2-c0e7-4d0d-ac3f-6cfeeb0b036a', null, null, 'BS000010000100001001',300, null, null, '自定义项8',0, null, 'Y', 'N', 'Y', 'N',100, null, null, null, null, 'def8',0, null,56, '2019-06-09 23:45:05',0,0, 'N', 'N', 'Y', null, 'N', 'N', 'N', null, 'N', null, '0' ) ;
insert into md_property ( id, accessorclassname, classid, createtime, creator, datatype, datatypestyle, defaultvalue, description, displayname, dr, help, isactive, hided, nullable, readonly, attrlength, attrmaxvalue, attrminvalue, modifier, modifytime, name, precise, refmodelname, attrsequence, ts, visibility, versiontype, fixedlength, calculation, isauthen, resid, customattr, notserialize, dynamicattr, dynamictable, accesspower, accesspowergroup, industry ) values (  '03be7042-9dce-4de7-850a-132caaf6a34e', null, 'fcbcdbe2-c0e7-4d0d-ac3f-6cfeeb0b036a', null, null, 'BS000010000100001001',300, null, null, '自定义项9',0, null, 'Y', 'N', 'Y', 'N',100, null, null, null, null, 'def9',0, null,57, '2019-06-09 23:45:05',0,0, 'N', 'N', 'Y', null, 'N', 'N', 'N', null, 'N', null, '0' ) ;
insert into md_property ( id, accessorclassname, classid, createtime, creator, datatype, datatypestyle, defaultvalue, description, displayname, dr, help, isactive, hided, nullable, readonly, attrlength, attrmaxvalue, attrminvalue, modifier, modifytime, name, precise, refmodelname, attrsequence, ts, visibility, versiontype, fixedlength, calculation, isauthen, resid, customattr, notserialize, dynamicattr, dynamictable, accesspower, accesspowergroup, industry ) values (  '54a17d90-ac1b-45be-bef7-5a6c88e5ab2d', null, 'fcbcdbe2-c0e7-4d0d-ac3f-6cfeeb0b036a', null, null, 'BS000010000100001001',300, null, null, '自定义项10',0, null, 'Y', 'N', 'Y', 'N',100, null, null, null, null, 'def10',0, null,58, '2019-06-09 23:45:05',0,0, 'N', 'N', 'Y', null, 'N', 'N', 'N', null, 'N', null, '0' ) ;
insert into md_property ( id, accessorclassname, classid, createtime, creator, datatype, datatypestyle, defaultvalue, description, displayname, dr, help, isactive, hided, nullable, readonly, attrlength, attrmaxvalue, attrminvalue, modifier, modifytime, name, precise, refmodelname, attrsequence, ts, visibility, versiontype, fixedlength, calculation, isauthen, resid, customattr, notserialize, dynamicattr, dynamictable, accesspower, accesspowergroup, industry ) values (  '8bdad393-4389-45dd-a55c-7e389b3e7773', null, 'fcbcdbe2-c0e7-4d0d-ac3f-6cfeeb0b036a', null, null, 'BS000010000100001001',300, null, null, '自定义项11',0, null, 'Y', 'N', 'Y', 'N',100, null, null, null, null, 'def11',0, null,59, '2019-06-09 23:45:05',0,0, 'N', 'N', 'Y', null, 'N', 'N', 'N', null, 'N', null, '0' ) ;
insert into md_property ( id, accessorclassname, classid, createtime, creator, datatype, datatypestyle, defaultvalue, description, displayname, dr, help, isactive, hided, nullable, readonly, attrlength, attrmaxvalue, attrminvalue, modifier, modifytime, name, precise, refmodelname, attrsequence, ts, visibility, versiontype, fixedlength, calculation, isauthen, resid, customattr, notserialize, dynamicattr, dynamictable, accesspower, accesspowergroup, industry ) values (  '97edf268-dc05-4d57-bf3c-45b2c7c03fae', null, 'fcbcdbe2-c0e7-4d0d-ac3f-6cfeeb0b036a', null, null, 'BS000010000100001001',300, null, null, '自定义项12',0, null, 'Y', 'N', 'Y', 'N',100, null, null, null, null, 'def12',0, null,60, '2019-06-09 23:45:05',0,0, 'N', 'N', 'Y', null, 'N', 'N', 'N', null, 'N', null, '0' ) ;
insert into md_property ( id, accessorclassname, classid, createtime, creator, datatype, datatypestyle, defaultvalue, description, displayname, dr, help, isactive, hided, nullable, readonly, attrlength, attrmaxvalue, attrminvalue, modifier, modifytime, name, precise, refmodelname, attrsequence, ts, visibility, versiontype, fixedlength, calculation, isauthen, resid, customattr, notserialize, dynamicattr, dynamictable, accesspower, accesspowergroup, industry ) values (  'e877d73f-850c-4837-8616-8e7176c4e52a', null, 'fcbcdbe2-c0e7-4d0d-ac3f-6cfeeb0b036a', null, null, 'BS000010000100001001',300, null, null, '自定义项13',0, null, 'Y', 'N', 'Y', 'N',100, null, null, null, null, 'def13',0, null,61, '2019-06-09 23:45:05',0,0, 'N', 'N', 'Y', null, 'N', 'N', 'N', null, 'N', null, '0' ) ;
insert into md_property ( id, accessorclassname, classid, createtime, creator, datatype, datatypestyle, defaultvalue, description, displayname, dr, help, isactive, hided, nullable, readonly, attrlength, attrmaxvalue, attrminvalue, modifier, modifytime, name, precise, refmodelname, attrsequence, ts, visibility, versiontype, fixedlength, calculation, isauthen, resid, customattr, notserialize, dynamicattr, dynamictable, accesspower, accesspowergroup, industry ) values (  '33e14363-c1dc-4d77-a34e-f39fc82e3afe', null, 'fcbcdbe2-c0e7-4d0d-ac3f-6cfeeb0b036a', null, null, 'BS000010000100001001',300, null, null, '自定义项14',0, null, 'Y', 'N', 'Y', 'N',100, null, null, null, null, 'def14',0, null,62, '2019-06-09 23:45:05',0,0, 'N', 'N', 'Y', null, 'N', 'N', 'N', null, 'N', null, '0' ) ;
insert into md_property ( id, accessorclassname, classid, createtime, creator, datatype, datatypestyle, defaultvalue, description, displayname, dr, help, isactive, hided, nullable, readonly, attrlength, attrmaxvalue, attrminvalue, modifier, modifytime, name, precise, refmodelname, attrsequence, ts, visibility, versiontype, fixedlength, calculation, isauthen, resid, customattr, notserialize, dynamicattr, dynamictable, accesspower, accesspowergroup, industry ) values (  'ac151120-d7be-4ab2-8c4e-f41907f28181', null, 'fcbcdbe2-c0e7-4d0d-ac3f-6cfeeb0b036a', null, null, 'BS000010000100001001',300, null, null, '自定义项15',0, null, 'Y', 'N', 'Y', 'N',100, null, null, null, null, 'def15',0, null,63, '2019-06-09 23:45:05',0,0, 'N', 'N', 'Y', null, 'N', 'N', 'N', null, 'N', null, '0' ) ;
insert into md_property ( id, accessorclassname, classid, createtime, creator, datatype, datatypestyle, defaultvalue, description, displayname, dr, help, isactive, hided, nullable, readonly, attrlength, attrmaxvalue, attrminvalue, modifier, modifytime, name, precise, refmodelname, attrsequence, ts, visibility, versiontype, fixedlength, calculation, isauthen, resid, customattr, notserialize, dynamicattr, dynamictable, accesspower, accesspowergroup, industry ) values (  '82ede28e-d8ad-44e6-a5f0-090d30dc1770', null, 'fcbcdbe2-c0e7-4d0d-ac3f-6cfeeb0b036a', null, null, 'BS000010000100001001',300, null, null, '自定义项16',0, null, 'Y', 'N', 'Y', 'N',100, null, null, null, null, 'def16',0, null,64, '2019-06-09 23:45:05',0,0, 'N', 'N', 'Y', null, 'N', 'N', 'N', null, 'N', null, '0' ) ;
insert into md_property ( id, accessorclassname, classid, createtime, creator, datatype, datatypestyle, defaultvalue, description, displayname, dr, help, isactive, hided, nullable, readonly, attrlength, attrmaxvalue, attrminvalue, modifier, modifytime, name, precise, refmodelname, attrsequence, ts, visibility, versiontype, fixedlength, calculation, isauthen, resid, customattr, notserialize, dynamicattr, dynamictable, accesspower, accesspowergroup, industry ) values (  '1f022d41-2128-47ec-893b-86f6f1bd0968', null, 'fcbcdbe2-c0e7-4d0d-ac3f-6cfeeb0b036a', null, null, 'BS000010000100001001',300, null, null, '自定义项17',0, null, 'Y', 'N', 'Y', 'N',100, null, null, null, null, 'def17',0, null,65, '2019-06-09 23:45:05',0,0, 'N', 'N', 'Y', null, 'N', 'N', 'N', null, 'N', null, '0' ) ;
insert into md_property ( id, accessorclassname, classid, createtime, creator, datatype, datatypestyle, defaultvalue, description, displayname, dr, help, isactive, hided, nullable, readonly, attrlength, attrmaxvalue, attrminvalue, modifier, modifytime, name, precise, refmodelname, attrsequence, ts, visibility, versiontype, fixedlength, calculation, isauthen, resid, customattr, notserialize, dynamicattr, dynamictable, accesspower, accesspowergroup, industry ) values (  '83d1f043-acd7-4ece-85c0-bcd19e453057', null, 'fcbcdbe2-c0e7-4d0d-ac3f-6cfeeb0b036a', null, null, 'BS000010000100001001',300, null, null, '自定义项18',0, null, 'Y', 'N', 'Y', 'N',100, null, null, null, null, 'def18',0, null,66, '2019-06-09 23:45:05',0,0, 'N', 'N', 'Y', null, 'N', 'N', 'N', null, 'N', null, '0' ) ;
insert into md_property ( id, accessorclassname, classid, createtime, creator, datatype, datatypestyle, defaultvalue, description, displayname, dr, help, isactive, hided, nullable, readonly, attrlength, attrmaxvalue, attrminvalue, modifier, modifytime, name, precise, refmodelname, attrsequence, ts, visibility, versiontype, fixedlength, calculation, isauthen, resid, customattr, notserialize, dynamicattr, dynamictable, accesspower, accesspowergroup, industry ) values (  '2178c227-527e-44e7-8eac-fa54ce55d7c3', null, 'fcbcdbe2-c0e7-4d0d-ac3f-6cfeeb0b036a', null, null, 'BS000010000100001001',300, null, null, '自定义项19',0, null, 'Y', 'N', 'Y', 'N',100, null, null, null, null, 'def19',0, null,67, '2019-06-09 23:45:05',0,0, 'N', 'N', 'Y', null, 'N', 'N', 'N', null, 'N', null, '0' ) ;
insert into md_property ( id, accessorclassname, classid, createtime, creator, datatype, datatypestyle, defaultvalue, description, displayname, dr, help, isactive, hided, nullable, readonly, attrlength, attrmaxvalue, attrminvalue, modifier, modifytime, name, precise, refmodelname, attrsequence, ts, visibility, versiontype, fixedlength, calculation, isauthen, resid, customattr, notserialize, dynamicattr, dynamictable, accesspower, accesspowergroup, industry ) values (  '0434c69d-a6d2-4458-bcf0-eabd7804b05d', null, 'fcbcdbe2-c0e7-4d0d-ac3f-6cfeeb0b036a', null, null, 'BS000010000100001001',300, null, null, '自定义项20',0, null, 'Y', 'N', 'Y', 'N',100, null, null, null, null, 'def20',0, null,68, '2019-06-09 23:45:05',0,0, 'N', 'N', 'Y', null, 'N', 'N', 'N', null, 'N', null, '0' ) ;
insert into md_property ( id, accessorclassname, classid, createtime, creator, datatype, datatypestyle, defaultvalue, description, displayname, dr, help, isactive, hided, nullable, readonly, attrlength, attrmaxvalue, attrminvalue, modifier, modifytime, name, precise, refmodelname, attrsequence, ts, visibility, versiontype, fixedlength, calculation, isauthen, resid, customattr, notserialize, dynamicattr, dynamictable, accesspower, accesspowergroup, industry ) values (  '347bbf57-0804-4f67-a6f4-1cd85a2550ee', null, 'fcbcdbe2-c0e7-4d0d-ac3f-6cfeeb0b036a', null, null, 'BS000010000100001001',300, null, null, '自定义项21',0, null, 'Y', 'N', 'Y', 'N',100, null, null, null, null, 'def21',0, null,69, '2019-06-09 23:45:05',0,0, 'N', 'N', 'Y', null, 'N', 'N', 'N', null, 'N', null, '0' ) ;
insert into md_property ( id, accessorclassname, classid, createtime, creator, datatype, datatypestyle, defaultvalue, description, displayname, dr, help, isactive, hided, nullable, readonly, attrlength, attrmaxvalue, attrminvalue, modifier, modifytime, name, precise, refmodelname, attrsequence, ts, visibility, versiontype, fixedlength, calculation, isauthen, resid, customattr, notserialize, dynamicattr, dynamictable, accesspower, accesspowergroup, industry ) values (  'b08cf71e-6083-4708-b5a0-04b29222622b', null, 'fcbcdbe2-c0e7-4d0d-ac3f-6cfeeb0b036a', null, null, 'BS000010000100001001',300, null, null, '自定义项22',0, null, 'Y', 'N', 'Y', 'N',100, null, null, null, null, 'def22',0, null,70, '2019-06-09 23:45:05',0,0, 'N', 'N', 'Y', null, 'N', 'N', 'N', null, 'N', null, '0' ) ;
insert into md_property ( id, accessorclassname, classid, createtime, creator, datatype, datatypestyle, defaultvalue, description, displayname, dr, help, isactive, hided, nullable, readonly, attrlength, attrmaxvalue, attrminvalue, modifier, modifytime, name, precise, refmodelname, attrsequence, ts, visibility, versiontype, fixedlength, calculation, isauthen, resid, customattr, notserialize, dynamicattr, dynamictable, accesspower, accesspowergroup, industry ) values (  'b1177e32-9738-4d8b-bb94-604ecf5cb9fe', null, 'fcbcdbe2-c0e7-4d0d-ac3f-6cfeeb0b036a', null, null, 'BS000010000100001001',300, null, null, '自定义项23',0, null, 'Y', 'N', 'Y', 'N',100, null, null, null, null, 'def23',0, null,71, '2019-06-09 23:45:05',0,0, 'N', 'N', 'Y', null, 'N', 'N', 'N', null, 'N', null, '0' ) ;
insert into md_property ( id, accessorclassname, classid, createtime, creator, datatype, datatypestyle, defaultvalue, description, displayname, dr, help, isactive, hided, nullable, readonly, attrlength, attrmaxvalue, attrminvalue, modifier, modifytime, name, precise, refmodelname, attrsequence, ts, visibility, versiontype, fixedlength, calculation, isauthen, resid, customattr, notserialize, dynamicattr, dynamictable, accesspower, accesspowergroup, industry ) values (  'fea534c6-2e12-4b14-9b19-248fa69cea41', null, 'fcbcdbe2-c0e7-4d0d-ac3f-6cfeeb0b036a', null, null, 'BS000010000100001001',300, null, null, '自定义项24',0, null, 'Y', 'N', 'Y', 'N',100, null, null, null, null, 'def24',0, null,72, '2019-06-09 23:45:05',0,0, 'N', 'N', 'Y', null, 'N', 'N', 'N', null, 'N', null, '0' ) ;
insert into md_property ( id, accessorclassname, classid, createtime, creator, datatype, datatypestyle, defaultvalue, description, displayname, dr, help, isactive, hided, nullable, readonly, attrlength, attrmaxvalue, attrminvalue, modifier, modifytime, name, precise, refmodelname, attrsequence, ts, visibility, versiontype, fixedlength, calculation, isauthen, resid, customattr, notserialize, dynamicattr, dynamictable, accesspower, accesspowergroup, industry ) values (  '80432654-4fb5-4401-a6f2-5b314bcf9eb9', null, 'fcbcdbe2-c0e7-4d0d-ac3f-6cfeeb0b036a', null, null, 'BS000010000100001001',300, null, null, '自定义项25',0, null, 'Y', 'N', 'Y', 'N',100, null, null, null, null, 'def25',0, null,73, '2019-06-09 23:45:05',0,0, 'N', 'N', 'Y', null, 'N', 'N', 'N', null, 'N', null, '0' ) ;
insert into md_property ( id, accessorclassname, classid, createtime, creator, datatype, datatypestyle, defaultvalue, description, displayname, dr, help, isactive, hided, nullable, readonly, attrlength, attrmaxvalue, attrminvalue, modifier, modifytime, name, precise, refmodelname, attrsequence, ts, visibility, versiontype, fixedlength, calculation, isauthen, resid, customattr, notserialize, dynamicattr, dynamictable, accesspower, accesspowergroup, industry ) values (  '0176f0b7-e69a-4385-8ed2-b84d0e9d02da', null, 'fcbcdbe2-c0e7-4d0d-ac3f-6cfeeb0b036a', null, null, 'BS000010000100001001',300, null, null, '自定义项26',0, null, 'Y', 'N', 'Y', 'N',100, null, null, null, null, 'def26',0, null,74, '2019-06-09 23:45:05',0,0, 'N', 'N', 'Y', null, 'N', 'N', 'N', null, 'N', null, '0' ) ;
insert into md_property ( id, accessorclassname, classid, createtime, creator, datatype, datatypestyle, defaultvalue, description, displayname, dr, help, isactive, hided, nullable, readonly, attrlength, attrmaxvalue, attrminvalue, modifier, modifytime, name, precise, refmodelname, attrsequence, ts, visibility, versiontype, fixedlength, calculation, isauthen, resid, customattr, notserialize, dynamicattr, dynamictable, accesspower, accesspowergroup, industry ) values (  'a10d1293-0143-488b-a57b-343a44e195ce', null, 'fcbcdbe2-c0e7-4d0d-ac3f-6cfeeb0b036a', null, null, 'BS000010000100001001',300, null, null, '自定义项27',0, null, 'Y', 'N', 'Y', 'N',100, null, null, null, null, 'def27',0, null,75, '2019-06-09 23:45:05',0,0, 'N', 'N', 'Y', null, 'N', 'N', 'N', null, 'N', null, '0' ) ;
insert into md_property ( id, accessorclassname, classid, createtime, creator, datatype, datatypestyle, defaultvalue, description, displayname, dr, help, isactive, hided, nullable, readonly, attrlength, attrmaxvalue, attrminvalue, modifier, modifytime, name, precise, refmodelname, attrsequence, ts, visibility, versiontype, fixedlength, calculation, isauthen, resid, customattr, notserialize, dynamicattr, dynamictable, accesspower, accesspowergroup, industry ) values (  'de5eebb1-5a2c-4ed4-b8ef-326d9f2c6f44', null, 'fcbcdbe2-c0e7-4d0d-ac3f-6cfeeb0b036a', null, null, 'BS000010000100001001',300, null, null, '自定义项28',0, null, 'Y', 'N', 'Y', 'N',100, null, null, null, null, 'def28',0, null,76, '2019-06-09 23:45:05',0,0, 'N', 'N', 'Y', null, 'N', 'N', 'N', null, 'N', null, '0' ) ;
insert into md_property ( id, accessorclassname, classid, createtime, creator, datatype, datatypestyle, defaultvalue, description, displayname, dr, help, isactive, hided, nullable, readonly, attrlength, attrmaxvalue, attrminvalue, modifier, modifytime, name, precise, refmodelname, attrsequence, ts, visibility, versiontype, fixedlength, calculation, isauthen, resid, customattr, notserialize, dynamicattr, dynamictable, accesspower, accesspowergroup, industry ) values (  'c460d0e3-02b1-4176-adad-0e1afb2e958e', null, 'fcbcdbe2-c0e7-4d0d-ac3f-6cfeeb0b036a', null, null, 'BS000010000100001001',300, null, null, '自定义项29',0, null, 'Y', 'N', 'Y', 'N',100, null, null, null, null, 'def29',0, null,77, '2019-06-09 23:45:05',0,0, 'N', 'N', 'Y', null, 'N', 'N', 'N', null, 'N', null, '0' ) ;
insert into md_property ( id, accessorclassname, classid, createtime, creator, datatype, datatypestyle, defaultvalue, description, displayname, dr, help, isactive, hided, nullable, readonly, attrlength, attrmaxvalue, attrminvalue, modifier, modifytime, name, precise, refmodelname, attrsequence, ts, visibility, versiontype, fixedlength, calculation, isauthen, resid, customattr, notserialize, dynamicattr, dynamictable, accesspower, accesspowergroup, industry ) values (  '5b417593-1f73-43ac-a8f3-7408747f97b4', null, 'fcbcdbe2-c0e7-4d0d-ac3f-6cfeeb0b036a', null, null, 'BS000010000100001001',300, null, null, '自定义项30',0, null, 'Y', 'N', 'Y', 'N',100, null, null, null, null, 'def30',0, null,78, '2019-06-09 23:45:05',0,0, 'N', 'N', 'Y', null, 'N', 'N', 'N', null, 'N', null, '0' ) ;
insert into md_property ( id, accessorclassname, classid, createtime, creator, datatype, datatypestyle, defaultvalue, description, displayname, dr, help, isactive, hided, nullable, readonly, attrlength, attrmaxvalue, attrminvalue, modifier, modifytime, name, precise, refmodelname, attrsequence, ts, visibility, versiontype, fixedlength, calculation, isauthen, resid, customattr, notserialize, dynamicattr, dynamictable, accesspower, accesspowergroup, industry ) values (  '3a3e1d8e-bcd9-43db-bb64-691214c8384a', null, 'fcbcdbe2-c0e7-4d0d-ac3f-6cfeeb0b036a', null, null, 'BS000010000100001001',300, null, null, '自定义项31',0, null, 'Y', 'N', 'Y', 'N',100, null, null, null, null, 'def31',0, null,79, '2019-06-09 23:45:05',0,0, 'N', 'N', 'Y', null, 'N', 'N', 'N', null, 'N', null, '0' ) ;
insert into md_property ( id, accessorclassname, classid, createtime, creator, datatype, datatypestyle, defaultvalue, description, displayname, dr, help, isactive, hided, nullable, readonly, attrlength, attrmaxvalue, attrminvalue, modifier, modifytime, name, precise, refmodelname, attrsequence, ts, visibility, versiontype, fixedlength, calculation, isauthen, resid, customattr, notserialize, dynamicattr, dynamictable, accesspower, accesspowergroup, industry ) values (  'ca03f0fc-56e3-434b-b528-d6137013b279', null, 'fcbcdbe2-c0e7-4d0d-ac3f-6cfeeb0b036a', null, null, 'BS000010000100001001',300, null, null, '自定义项32',0, null, 'Y', 'N', 'Y', 'N',100, null, null, null, null, 'def32',0, null,80, '2019-06-09 23:45:05',0,0, 'N', 'N', 'Y', null, 'N', 'N', 'N', null, 'N', null, '0' ) ;
insert into md_property ( id, accessorclassname, classid, createtime, creator, datatype, datatypestyle, defaultvalue, description, displayname, dr, help, isactive, hided, nullable, readonly, attrlength, attrmaxvalue, attrminvalue, modifier, modifytime, name, precise, refmodelname, attrsequence, ts, visibility, versiontype, fixedlength, calculation, isauthen, resid, customattr, notserialize, dynamicattr, dynamictable, accesspower, accesspowergroup, industry ) values (  'd2ea1c3e-284d-49b4-a338-fdf33b0d1db3', null, 'fcbcdbe2-c0e7-4d0d-ac3f-6cfeeb0b036a', null, null, 'BS000010000100001001',300, null, null, '自定义项33',0, null, 'Y', 'N', 'Y', 'N',100, null, null, null, null, 'def33',0, null,81, '2019-06-09 23:45:05',0,0, 'N', 'N', 'Y', null, 'N', 'N', 'N', null, 'N', null, '0' ) ;
insert into md_property ( id, accessorclassname, classid, createtime, creator, datatype, datatypestyle, defaultvalue, description, displayname, dr, help, isactive, hided, nullable, readonly, attrlength, attrmaxvalue, attrminvalue, modifier, modifytime, name, precise, refmodelname, attrsequence, ts, visibility, versiontype, fixedlength, calculation, isauthen, resid, customattr, notserialize, dynamicattr, dynamictable, accesspower, accesspowergroup, industry ) values (  'e323c0b8-b903-4136-85c4-32e341b8b2d1', null, 'fcbcdbe2-c0e7-4d0d-ac3f-6cfeeb0b036a', null, null, 'BS000010000100001001',300, null, null, '自定义项34',0, null, 'Y', 'N', 'Y', 'N',100, null, null, null, null, 'def34',0, null,82, '2019-06-09 23:45:05',0,0, 'N', 'N', 'Y', null, 'N', 'N', 'N', null, 'N', null, '0' ) ;
insert into md_property ( id, accessorclassname, classid, createtime, creator, datatype, datatypestyle, defaultvalue, description, displayname, dr, help, isactive, hided, nullable, readonly, attrlength, attrmaxvalue, attrminvalue, modifier, modifytime, name, precise, refmodelname, attrsequence, ts, visibility, versiontype, fixedlength, calculation, isauthen, resid, customattr, notserialize, dynamicattr, dynamictable, accesspower, accesspowergroup, industry ) values (  '697ac8b9-65f0-42ad-bd77-955d72b07505', null, 'fcbcdbe2-c0e7-4d0d-ac3f-6cfeeb0b036a', null, null, 'BS000010000100001001',300, null, null, '自定义项35',0, null, 'Y', 'N', 'Y', 'N',100, null, null, null, null, 'def35',0, null,83, '2019-06-09 23:45:05',0,0, 'N', 'N', 'Y', null, 'N', 'N', 'N', null, 'N', null, '0' ) ;
insert into md_property ( id, accessorclassname, classid, createtime, creator, datatype, datatypestyle, defaultvalue, description, displayname, dr, help, isactive, hided, nullable, readonly, attrlength, attrmaxvalue, attrminvalue, modifier, modifytime, name, precise, refmodelname, attrsequence, ts, visibility, versiontype, fixedlength, calculation, isauthen, resid, customattr, notserialize, dynamicattr, dynamictable, accesspower, accesspowergroup, industry ) values (  'aafb93ed-fd19-4f9a-8942-9468553ed44f', null, 'fcbcdbe2-c0e7-4d0d-ac3f-6cfeeb0b036a', null, null, 'BS000010000100001001',300, null, null, '自定义项36',0, null, 'Y', 'N', 'Y', 'N',100, null, null, null, null, 'def36',0, null,84, '2019-06-09 23:45:05',0,0, 'N', 'N', 'Y', null, 'N', 'N', 'N', null, 'N', null, '0' ) ;
insert into md_property ( id, accessorclassname, classid, createtime, creator, datatype, datatypestyle, defaultvalue, description, displayname, dr, help, isactive, hided, nullable, readonly, attrlength, attrmaxvalue, attrminvalue, modifier, modifytime, name, precise, refmodelname, attrsequence, ts, visibility, versiontype, fixedlength, calculation, isauthen, resid, customattr, notserialize, dynamicattr, dynamictable, accesspower, accesspowergroup, industry ) values (  'd60ef4cc-6565-44c0-aa9a-f24b21cda3ac', null, 'fcbcdbe2-c0e7-4d0d-ac3f-6cfeeb0b036a', null, null, 'BS000010000100001001',300, null, null, '自定义项37',0, null, 'Y', 'N', 'Y', 'N',100, null, null, null, null, 'def37',0, null,85, '2019-06-09 23:45:05',0,0, 'N', 'N', 'Y', null, 'N', 'N', 'N', null, 'N', null, '0' ) ;
insert into md_property ( id, accessorclassname, classid, createtime, creator, datatype, datatypestyle, defaultvalue, description, displayname, dr, help, isactive, hided, nullable, readonly, attrlength, attrmaxvalue, attrminvalue, modifier, modifytime, name, precise, refmodelname, attrsequence, ts, visibility, versiontype, fixedlength, calculation, isauthen, resid, customattr, notserialize, dynamicattr, dynamictable, accesspower, accesspowergroup, industry ) values (  'e746d425-b7cd-49e8-8fd7-2d445e5dd258', null, 'fcbcdbe2-c0e7-4d0d-ac3f-6cfeeb0b036a', null, null, 'BS000010000100001001',300, null, null, '自定义项38',0, null, 'Y', 'N', 'Y', 'N',100, null, null, null, null, 'def38',0, null,86, '2019-06-09 23:45:05',0,0, 'N', 'N', 'Y', null, 'N', 'N', 'N', null, 'N', null, '0' ) ;
insert into md_property ( id, accessorclassname, classid, createtime, creator, datatype, datatypestyle, defaultvalue, description, displayname, dr, help, isactive, hided, nullable, readonly, attrlength, attrmaxvalue, attrminvalue, modifier, modifytime, name, precise, refmodelname, attrsequence, ts, visibility, versiontype, fixedlength, calculation, isauthen, resid, customattr, notserialize, dynamicattr, dynamictable, accesspower, accesspowergroup, industry ) values (  'e696167d-6558-44e2-8172-ae06f7bd76e0', null, 'fcbcdbe2-c0e7-4d0d-ac3f-6cfeeb0b036a', null, null, 'BS000010000100001001',300, null, null, '自定义项39',0, null, 'Y', 'N', 'Y', 'N',100, null, null, null, null, 'def39',0, null,87, '2019-06-09 23:45:05',0,0, 'N', 'N', 'Y', null, 'N', 'N', 'N', null, 'N', null, '0' ) ;
insert into md_property ( id, accessorclassname, classid, createtime, creator, datatype, datatypestyle, defaultvalue, description, displayname, dr, help, isactive, hided, nullable, readonly, attrlength, attrmaxvalue, attrminvalue, modifier, modifytime, name, precise, refmodelname, attrsequence, ts, visibility, versiontype, fixedlength, calculation, isauthen, resid, customattr, notserialize, dynamicattr, dynamictable, accesspower, accesspowergroup, industry ) values (  '2e309dc0-28c4-403f-a7cf-c333f9b747f9', null, 'fcbcdbe2-c0e7-4d0d-ac3f-6cfeeb0b036a', null, null, 'BS000010000100001001',300, null, null, '自定义项40',0, null, 'Y', 'N', 'Y', 'N',100, null, null, null, null, 'def40',0, null,88, '2019-06-09 23:45:05',0,0, 'N', 'N', 'Y', null, 'N', 'N', 'N', null, 'N', null, '0' ) ;
insert into md_property ( id, accessorclassname, classid, createtime, creator, datatype, datatypestyle, defaultvalue, description, displayname, dr, help, isactive, hided, nullable, readonly, attrlength, attrmaxvalue, attrminvalue, modifier, modifytime, name, precise, refmodelname, attrsequence, ts, visibility, versiontype, fixedlength, calculation, isauthen, resid, customattr, notserialize, dynamicattr, dynamictable, accesspower, accesspowergroup, industry ) values (  'ba9709d4-a645-415d-aafb-bf8fb6c6bcde', null, 'fcbcdbe2-c0e7-4d0d-ac3f-6cfeeb0b036a', null, null, 'BS000010000100001001',300, null, null, '状态',0, null, 'Y', 'N', 'Y', 'N',50, null, null, null, null, 'docstatus',0, null,89, '2019-06-09 23:45:05',0,0, 'N', 'N', 'Y', null, 'N', 'N', 'N', null, 'N', null, '0' ) ;
insert into md_property ( id, accessorclassname, classid, createtime, creator, datatype, datatypestyle, defaultvalue, description, displayname, dr, help, isactive, hided, nullable, readonly, attrlength, attrmaxvalue, attrminvalue, modifier, modifytime, name, precise, refmodelname, attrsequence, ts, visibility, versiontype, fixedlength, calculation, isauthen, resid, customattr, notserialize, dynamicattr, dynamictable, accesspower, accesspowergroup, industry ) values (  '966d5ba6-269d-4486-9365-f3187a1a15a0', 'nc.md.model.access.BodyOfAggVOAccessor', 'fcbcdbe2-c0e7-4d0d-ac3f-6cfeeb0b036a', null, null, '81401002-4e72-4f06-ad4b-72e2b666e331',301, null, null, '变更记录主键',0, null, 'Y', 'N', 'Y', 'N',0, null, null, null, null, 'pk_commission_c',0, null,90, '2019-06-09 23:45:05',0,0, 'N', 'N', 'Y', null, 'N', 'N', 'N', null, 'N', null, '0' ) ;
insert into md_property ( id, accessorclassname, classid, createtime, creator, datatype, datatypestyle, defaultvalue, description, displayname, dr, help, isactive, hided, nullable, readonly, attrlength, attrmaxvalue, attrminvalue, modifier, modifytime, name, precise, refmodelname, attrsequence, ts, visibility, versiontype, fixedlength, calculation, isauthen, resid, customattr, notserialize, dynamicattr, dynamictable, accesspower, accesspowergroup, industry ) values (  'f6f41665-b0a4-41cb-a7d6-4382ed8c3973', null, '13e87994-f2fd-482e-8c93-5d3842ba20a5', null, null, 'BS000010000100001051',300, null, null, '样品行主键',0, null, 'Y', 'N', 'N', 'N',20, null, null, null, null, 'pk_commission_b',0, null,0, '2019-06-09 23:45:05',0,0, 'N', 'N', 'Y', null, 'N', 'N', 'N', null, 'N', null, '0' ) ;
insert into md_property ( id, accessorclassname, classid, createtime, creator, datatype, datatypestyle, defaultvalue, description, displayname, dr, help, isactive, hided, nullable, readonly, attrlength, attrmaxvalue, attrminvalue, modifier, modifytime, name, precise, refmodelname, attrsequence, ts, visibility, versiontype, fixedlength, calculation, isauthen, resid, customattr, notserialize, dynamicattr, dynamictable, accesspower, accesspowergroup, industry ) values (  '59f9afe9-7602-4db2-b9b2-6d2c6ebd52d5', null, '13e87994-f2fd-482e-8c93-5d3842ba20a5', null, null, 'BS000010000100001001',300, null, null, '行号',0, null, 'Y', 'N', 'Y', 'N',50, null, null, null, null, 'rowno',0, null,1, '2019-06-09 23:45:05',0,0, 'N', 'N', 'Y', null, 'N', 'N', 'N', null, 'N', null, '0' ) ;
insert into md_property ( id, accessorclassname, classid, createtime, creator, datatype, datatypestyle, defaultvalue, description, displayname, dr, help, isactive, hided, nullable, readonly, attrlength, attrmaxvalue, attrminvalue, modifier, modifytime, name, precise, refmodelname, attrsequence, ts, visibility, versiontype, fixedlength, calculation, isauthen, resid, customattr, notserialize, dynamicattr, dynamictable, accesspower, accesspowergroup, industry ) values (  '9e243804-1b1b-47f8-92c8-60a2b6e9b7ec', null, '13e87994-f2fd-482e-8c93-5d3842ba20a5', null, null, '85efe9e1-3bc2-492e-a92a-f52d3acff25d',305, null, null, '产品系列',0, null, 'Y', 'N', 'Y', 'N',20, null, null, null, null, 'pk_productserial',0, '自定义档案',2, '2019-06-09 23:45:05',0,0, 'N', 'N', 'Y', null, 'N', 'N', 'N', null, 'N', null, '0' ) ;
insert into md_property ( id, accessorclassname, classid, createtime, creator, datatype, datatypestyle, defaultvalue, description, displayname, dr, help, isactive, hided, nullable, readonly, attrlength, attrmaxvalue, attrminvalue, modifier, modifytime, name, precise, refmodelname, attrsequence, ts, visibility, versiontype, fixedlength, calculation, isauthen, resid, customattr, notserialize, dynamicattr, dynamictable, accesspower, accesspowergroup, industry ) values (  '5cef77af-9d19-4d09-844e-9efde9166684', null, '13e87994-f2fd-482e-8c93-5d3842ba20a5', null, null, '85efe9e1-3bc2-492e-a92a-f52d3acff25d',305, null, null, '企业标准',0, null, 'Y', 'N', 'Y', 'N',20, null, null, null, null, 'pk_enterprisestandard',0, '自定义档案',3, '2019-06-09 23:45:05',0,0, 'N', 'N', 'Y', null, 'N', 'N', 'N', null, 'N', null, '0' ) ;
insert into md_property ( id, accessorclassname, classid, createtime, creator, datatype, datatypestyle, defaultvalue, description, displayname, dr, help, isactive, hided, nullable, readonly, attrlength, attrmaxvalue, attrminvalue, modifier, modifytime, name, precise, refmodelname, attrsequence, ts, visibility, versiontype, fixedlength, calculation, isauthen, resid, customattr, notserialize, dynamicattr, dynamictable, accesspower, accesspowergroup, industry ) values (  '59fd98dc-249e-40ca-a3dc-ee2dc4e74b1f', null, '13e87994-f2fd-482e-8c93-5d3842ba20a5', null, null, 'BS000010000100001001',300, null, null, '规格型号',0, null, 'Y', 'N', 'Y', 'N',200, null, null, null, null, 'typeno',0, null,4, '2019-06-09 23:45:05',0,0, 'N', 'N', 'Y', null, 'N', 'N', 'N', null, 'N', null, '0' ) ;
insert into md_property ( id, accessorclassname, classid, createtime, creator, datatype, datatypestyle, defaultvalue, description, displayname, dr, help, isactive, hided, nullable, readonly, attrlength, attrmaxvalue, attrminvalue, modifier, modifytime, name, precise, refmodelname, attrsequence, ts, visibility, versiontype, fixedlength, calculation, isauthen, resid, customattr, notserialize, dynamicattr, dynamictable, accesspower, accesspowergroup, industry ) values (  'e93cd13d-373a-4be4-b9b6-b5c0c64efbe8', null, '13e87994-f2fd-482e-8c93-5d3842ba20a5', null, null, '85efe9e1-3bc2-492e-a92a-f52d3acff25d',305, null, null, '规格号',0, null, 'Y', 'N', 'Y', 'N',20, null, null, null, null, 'pk_productspec',0, '自定义档案',5, '2019-06-09 23:45:05',0,0, 'N', 'N', 'Y', null, 'N', 'N', 'N', null, 'N', null, '0' ) ;
insert into md_property ( id, accessorclassname, classid, createtime, creator, datatype, datatypestyle, defaultvalue, description, displayname, dr, help, isactive, hided, nullable, readonly, attrlength, attrmaxvalue, attrminvalue, modifier, modifytime, name, precise, refmodelname, attrsequence, ts, visibility, versiontype, fixedlength, calculation, isauthen, resid, customattr, notserialize, dynamicattr, dynamictable, accesspower, accesspowergroup, industry ) values (  '9059d6b8-5a0a-4b37-a768-a26e7234c144', null, '13e87994-f2fd-482e-8c93-5d3842ba20a5', null, null, '85efe9e1-3bc2-492e-a92a-f52d3acff25d',305, null, null, '结构类型',0, null, 'Y', 'N', 'Y', 'N',20, null, null, null, null, 'pk_structuretype',0, '自定义档案',6, '2019-06-09 23:45:05',0,0, 'N', 'N', 'Y', null, 'N', 'N', 'N', null, 'N', null, '0' ) ;
insert into md_property ( id, accessorclassname, classid, createtime, creator, datatype, datatypestyle, defaultvalue, description, displayname, dr, help, isactive, hided, nullable, readonly, attrlength, attrmaxvalue, attrminvalue, modifier, modifytime, name, precise, refmodelname, attrsequence, ts, visibility, versiontype, fixedlength, calculation, isauthen, resid, customattr, notserialize, dynamicattr, dynamictable, accesspower, accesspowergroup, industry ) values (  '07a0b45d-e69c-4c0d-b00d-edd49d3c998a', null, '13e87994-f2fd-482e-8c93-5d3842ba20a5', null, null, 'BS000010000100001001',300, null, null, '触点类型',0, null, 'Y', 'N', 'Y', 'N',50, null, null, null, null, 'contacttype',0, null,7, '2019-06-09 23:45:05',0,0, 'N', 'N', 'Y', null, 'N', 'N', 'N', null, 'N', null, '0' ) ;
insert into md_property ( id, accessorclassname, classid, createtime, creator, datatype, datatypestyle, defaultvalue, description, displayname, dr, help, isactive, hided, nullable, readonly, attrlength, attrmaxvalue, attrminvalue, modifier, modifytime, name, precise, refmodelname, attrsequence, ts, visibility, versiontype, fixedlength, calculation, isauthen, resid, customattr, notserialize, dynamicattr, dynamictable, accesspower, accesspowergroup, industry ) values (  '0c037053-9b4c-494d-ae6c-74540d155172', null, '13e87994-f2fd-482e-8c93-5d3842ba20a5', null, null, 'BS000010000100001031',300, null, null, '样品数量',0, null, 'Y', 'N', 'Y', 'N',28, null, null, null, null, 'quantity',8, null,8, '2019-06-09 23:45:05',0,0, 'N', 'N', 'Y', null, 'N', 'N', 'N', null, 'N', null, '0' ) ;
insert into md_property ( id, accessorclassname, classid, createtime, creator, datatype, datatypestyle, defaultvalue, description, displayname, dr, help, isactive, hided, nullable, readonly, attrlength, attrmaxvalue, attrminvalue, modifier, modifytime, name, precise, refmodelname, attrsequence, ts, visibility, versiontype, fixedlength, calculation, isauthen, resid, customattr, notserialize, dynamicattr, dynamictable, accesspower, accesspowergroup, industry ) values (  'b6404fe9-09aa-4a0e-ab5c-7562cec4b889', null, '13e87994-f2fd-482e-8c93-5d3842ba20a5', null, null, 'BS000010000100001001',300, null, null, '制造商',0, null, 'Y', 'N', 'Y', 'N',200, null, null, null, null, 'manufacturer',0, null,9, '2019-06-09 23:45:05',0,0, 'N', 'N', 'Y', null, 'N', 'N', 'N', null, 'N', null, '0' ) ;
insert into md_property ( id, accessorclassname, classid, createtime, creator, datatype, datatypestyle, defaultvalue, description, displayname, dr, help, isactive, hided, nullable, readonly, attrlength, attrmaxvalue, attrminvalue, modifier, modifytime, name, precise, refmodelname, attrsequence, ts, visibility, versiontype, fixedlength, calculation, isauthen, resid, customattr, notserialize, dynamicattr, dynamictable, accesspower, accesspowergroup, industry ) values (  'fb190b05-d26c-4f39-9b17-357db6a0aefd', null, '13e87994-f2fd-482e-8c93-5d3842ba20a5', null, null, '85efe9e1-3bc2-492e-a92a-f52d3acff25d',305, null, null, '触点牌号',0, null, 'Y', 'N', 'Y', 'N',20, null, null, null, null, 'pk_contactbrand',0, '自定义档案',10, '2019-06-09 23:45:05',0,0, 'N', 'N', 'Y', null, 'N', 'N', 'N', null, 'N', null, '0' ) ;
insert into md_property ( id, accessorclassname, classid, createtime, creator, datatype, datatypestyle, defaultvalue, description, displayname, dr, help, isactive, hided, nullable, readonly, attrlength, attrmaxvalue, attrminvalue, modifier, modifytime, name, precise, refmodelname, attrsequence, ts, visibility, versiontype, fixedlength, calculation, isauthen, resid, customattr, notserialize, dynamicattr, dynamictable, accesspower, accesspowergroup, industry ) values (  '754729ac-b004-4647-8d1a-ff6497b01456', null, '13e87994-f2fd-482e-8c93-5d3842ba20a5', null, null, 'BS000010000100001001',300, null, null, '触点型号',0, null, 'Y', 'N', 'Y', 'N',50, null, null, null, null, 'contactmodel',0, null,11, '2019-06-09 23:45:05',0,0, 'N', 'N', 'Y', null, 'N', 'N', 'N', null, 'N', null, '0' ) ;
insert into md_property ( id, accessorclassname, classid, createtime, creator, datatype, datatypestyle, defaultvalue, description, displayname, dr, help, isactive, hided, nullable, readonly, attrlength, attrmaxvalue, attrminvalue, modifier, modifytime, name, precise, refmodelname, attrsequence, ts, visibility, versiontype, fixedlength, calculation, isauthen, resid, customattr, notserialize, dynamicattr, dynamictable, accesspower, accesspowergroup, industry ) values (  '27e55dc2-eefa-4165-b02e-0173d5ae0f0c', null, '13e87994-f2fd-482e-8c93-5d3842ba20a5', null, null, 'BS000010000100001001',300, null, null, '温度',0, null, 'Y', 'N', 'Y', 'N',50, null, null, null, null, 'productstage',0, null,12, '2019-06-09 23:45:05',0,0, 'N', 'N', 'Y', null, 'N', 'N', 'N', null, 'N', null, '0' ) ;
insert into md_property ( id, accessorclassname, classid, createtime, creator, datatype, datatypestyle, defaultvalue, description, displayname, dr, help, isactive, hided, nullable, readonly, attrlength, attrmaxvalue, attrminvalue, modifier, modifytime, name, precise, refmodelname, attrsequence, ts, visibility, versiontype, fixedlength, calculation, isauthen, resid, customattr, notserialize, dynamicattr, dynamictable, accesspower, accesspowergroup, industry ) values (  '051c0b80-90de-4d7f-acb7-7a97470555dc', null, '13e87994-f2fd-482e-8c93-5d3842ba20a5', null, null, '85efe9e1-3bc2-492e-a92a-f52d3acff25d',305, null, null, '样品组别',0, null, 'Y', 'N', 'Y', 'N',20, null, null, null, null, 'pk_samplegroup',0, '自定义档案',13, '2019-06-09 23:45:05',0,0, 'N', 'N', 'Y', null, 'N', 'N', 'N', null, 'N', null, '0' ) ;
insert into md_property ( id, accessorclassname, classid, createtime, creator, datatype, datatypestyle, defaultvalue, description, displayname, dr, help, isactive, hided, nullable, readonly, attrlength, attrmaxvalue, attrminvalue, modifier, modifytime, name, precise, refmodelname, attrsequence, ts, visibility, versiontype, fixedlength, calculation, isauthen, resid, customattr, notserialize, dynamicattr, dynamictable, accesspower, accesspowergroup, industry ) values (  '846fa421-2aef-4219-80f3-07eaf9a85f5b', null, '13e87994-f2fd-482e-8c93-5d3842ba20a5', null, null, 'BS000010000100001001',300, null, null, '实验前参数',0, null, 'Y', 'N', 'Y', 'N',200, null, null, null, null, 'analysisref',0, null,14, '2019-06-09 23:45:05',0,0, 'N', 'N', 'Y', null, 'N', 'N', 'N', null, 'N', null, '0' ) ;
insert into md_property ( id, accessorclassname, classid, createtime, creator, datatype, datatypestyle, defaultvalue, description, displayname, dr, help, isactive, hided, nullable, readonly, attrlength, attrmaxvalue, attrminvalue, modifier, modifytime, name, precise, refmodelname, attrsequence, ts, visibility, versiontype, fixedlength, calculation, isauthen, resid, customattr, notserialize, dynamicattr, dynamictable, accesspower, accesspowergroup, industry ) values (  '6176cb07-a973-4404-9a98-2317f5b30a30', null, '13e87994-f2fd-482e-8c93-5d3842ba20a5', null, null, 'BS000010000100001001',300, null, null, '其他信息',0, null, 'Y', 'N', 'Y', 'N',400, null, null, null, null, 'otherinfo',0, null,15, '2019-06-09 23:45:05',0,0, 'N', 'N', 'Y', null, 'N', 'N', 'N', null, 'N', null, '0' ) ;
insert into md_property ( id, accessorclassname, classid, createtime, creator, datatype, datatypestyle, defaultvalue, description, displayname, dr, help, isactive, hided, nullable, readonly, attrlength, attrmaxvalue, attrminvalue, modifier, modifytime, name, precise, refmodelname, attrsequence, ts, visibility, versiontype, fixedlength, calculation, isauthen, resid, customattr, notserialize, dynamicattr, dynamictable, accesspower, accesspowergroup, industry ) values (  '852e2bc2-43a3-436e-8c93-85485cb41799', null, '13e87994-f2fd-482e-8c93-5d3842ba20a5', null, null, '15d35e3e-1230-45f2-9279-5412dc4077df',301, null, null, '试验前参数主键',0, null, 'Y', 'N', 'Y', 'N',0, null, null, null, null, 'pk_commission_r',0, null,16, '2019-06-09 23:45:05',0,0, 'N', 'N', 'Y', null, 'N', 'N', 'N', null, 'N', null, '0' ) ;
insert into md_property ( id, accessorclassname, classid, createtime, creator, datatype, datatypestyle, defaultvalue, description, displayname, dr, help, isactive, hided, nullable, readonly, attrlength, attrmaxvalue, attrminvalue, modifier, modifytime, name, precise, refmodelname, attrsequence, ts, visibility, versiontype, fixedlength, calculation, isauthen, resid, customattr, notserialize, dynamicattr, dynamictable, accesspower, accesspowergroup, industry ) values (  '70d5bdeb-9fbd-4a26-b646-16e18c8c7611', null, '13e87994-f2fd-482e-8c93-5d3842ba20a5', null, null, 'BS000010000100001001',300, null, null, '自定义项1',0, null, 'Y', 'N', 'Y', 'N',100, null, null, null, null, 'def1',0, null,17, '2019-06-09 23:45:05',0,0, 'N', 'N', 'Y', null, 'N', 'N', 'N', null, 'N', null, '0' ) ;
insert into md_property ( id, accessorclassname, classid, createtime, creator, datatype, datatypestyle, defaultvalue, description, displayname, dr, help, isactive, hided, nullable, readonly, attrlength, attrmaxvalue, attrminvalue, modifier, modifytime, name, precise, refmodelname, attrsequence, ts, visibility, versiontype, fixedlength, calculation, isauthen, resid, customattr, notserialize, dynamicattr, dynamictable, accesspower, accesspowergroup, industry ) values (  '12fc8b23-b1aa-452c-8c26-0b4ff31b3be9', null, '13e87994-f2fd-482e-8c93-5d3842ba20a5', null, null, 'BS000010000100001001',300, null, null, '自定义项2',0, null, 'Y', 'N', 'Y', 'N',100, null, null, null, null, 'def2',0, null,18, '2019-06-09 23:45:05',0,0, 'N', 'N', 'Y', null, 'N', 'N', 'N', null, 'N', null, '0' ) ;
insert into md_property ( id, accessorclassname, classid, createtime, creator, datatype, datatypestyle, defaultvalue, description, displayname, dr, help, isactive, hided, nullable, readonly, attrlength, attrmaxvalue, attrminvalue, modifier, modifytime, name, precise, refmodelname, attrsequence, ts, visibility, versiontype, fixedlength, calculation, isauthen, resid, customattr, notserialize, dynamicattr, dynamictable, accesspower, accesspowergroup, industry ) values (  'bbfdd8a8-c662-47e9-a735-ab477f10cb3d', null, '13e87994-f2fd-482e-8c93-5d3842ba20a5', null, null, 'BS000010000100001001',300, null, null, '自定义项3',0, null, 'Y', 'N', 'Y', 'N',100, null, null, null, null, 'def3',0, null,19, '2019-06-09 23:45:05',0,0, 'N', 'N', 'Y', null, 'N', 'N', 'N', null, 'N', null, '0' ) ;
insert into md_property ( id, accessorclassname, classid, createtime, creator, datatype, datatypestyle, defaultvalue, description, displayname, dr, help, isactive, hided, nullable, readonly, attrlength, attrmaxvalue, attrminvalue, modifier, modifytime, name, precise, refmodelname, attrsequence, ts, visibility, versiontype, fixedlength, calculation, isauthen, resid, customattr, notserialize, dynamicattr, dynamictable, accesspower, accesspowergroup, industry ) values (  'e848b826-2057-4bf6-9698-3e49b0d96bfc', null, '13e87994-f2fd-482e-8c93-5d3842ba20a5', null, null, 'BS000010000100001001',300, null, null, '自定义项4',0, null, 'Y', 'N', 'Y', 'N',100, null, null, null, null, 'def4',0, null,20, '2019-06-09 23:45:05',0,0, 'N', 'N', 'Y', null, 'N', 'N', 'N', null, 'N', null, '0' ) ;
insert into md_property ( id, accessorclassname, classid, createtime, creator, datatype, datatypestyle, defaultvalue, description, displayname, dr, help, isactive, hided, nullable, readonly, attrlength, attrmaxvalue, attrminvalue, modifier, modifytime, name, precise, refmodelname, attrsequence, ts, visibility, versiontype, fixedlength, calculation, isauthen, resid, customattr, notserialize, dynamicattr, dynamictable, accesspower, accesspowergroup, industry ) values (  'ec0a02df-4777-4763-a6ca-440baba60bc3', null, '13e87994-f2fd-482e-8c93-5d3842ba20a5', null, null, 'BS000010000100001001',300, null, null, '自定义项5',0, null, 'Y', 'N', 'Y', 'N',100, null, null, null, null, 'def5',0, null,21, '2019-06-09 23:45:05',0,0, 'N', 'N', 'Y', null, 'N', 'N', 'N', null, 'N', null, '0' ) ;
insert into md_property ( id, accessorclassname, classid, createtime, creator, datatype, datatypestyle, defaultvalue, description, displayname, dr, help, isactive, hided, nullable, readonly, attrlength, attrmaxvalue, attrminvalue, modifier, modifytime, name, precise, refmodelname, attrsequence, ts, visibility, versiontype, fixedlength, calculation, isauthen, resid, customattr, notserialize, dynamicattr, dynamictable, accesspower, accesspowergroup, industry ) values (  'a944e8d2-d093-4fa6-8465-b4a7c5644cfc', null, '13e87994-f2fd-482e-8c93-5d3842ba20a5', null, null, 'BS000010000100001001',300, null, null, '自定义项6',0, null, 'Y', 'N', 'Y', 'N',100, null, null, null, null, 'def6',0, null,22, '2019-06-09 23:45:05',0,0, 'N', 'N', 'Y', null, 'N', 'N', 'N', null, 'N', null, '0' ) ;
insert into md_property ( id, accessorclassname, classid, createtime, creator, datatype, datatypestyle, defaultvalue, description, displayname, dr, help, isactive, hided, nullable, readonly, attrlength, attrmaxvalue, attrminvalue, modifier, modifytime, name, precise, refmodelname, attrsequence, ts, visibility, versiontype, fixedlength, calculation, isauthen, resid, customattr, notserialize, dynamicattr, dynamictable, accesspower, accesspowergroup, industry ) values (  '1a24def9-d83d-4d12-b408-74cb61da6808', null, '13e87994-f2fd-482e-8c93-5d3842ba20a5', null, null, 'BS000010000100001001',300, null, null, '自定义项7',0, null, 'Y', 'N', 'Y', 'N',100, null, null, null, null, 'def7',0, null,23, '2019-06-09 23:45:05',0,0, 'N', 'N', 'Y', null, 'N', 'N', 'N', null, 'N', null, '0' ) ;
insert into md_property ( id, accessorclassname, classid, createtime, creator, datatype, datatypestyle, defaultvalue, description, displayname, dr, help, isactive, hided, nullable, readonly, attrlength, attrmaxvalue, attrminvalue, modifier, modifytime, name, precise, refmodelname, attrsequence, ts, visibility, versiontype, fixedlength, calculation, isauthen, resid, customattr, notserialize, dynamicattr, dynamictable, accesspower, accesspowergroup, industry ) values (  '643d453c-0755-4096-b410-0dadb9eaa925', null, '13e87994-f2fd-482e-8c93-5d3842ba20a5', null, null, 'BS000010000100001001',300, null, null, '自定义项8',0, null, 'Y', 'N', 'Y', 'N',100, null, null, null, null, 'def8',0, null,24, '2019-06-09 23:45:05',0,0, 'N', 'N', 'Y', null, 'N', 'N', 'N', null, 'N', null, '0' ) ;
insert into md_property ( id, accessorclassname, classid, createtime, creator, datatype, datatypestyle, defaultvalue, description, displayname, dr, help, isactive, hided, nullable, readonly, attrlength, attrmaxvalue, attrminvalue, modifier, modifytime, name, precise, refmodelname, attrsequence, ts, visibility, versiontype, fixedlength, calculation, isauthen, resid, customattr, notserialize, dynamicattr, dynamictable, accesspower, accesspowergroup, industry ) values (  'a49f17ef-e96c-49af-92e9-3690ca00bf23', null, '13e87994-f2fd-482e-8c93-5d3842ba20a5', null, null, 'BS000010000100001001',300, null, null, '自定义项9',0, null, 'Y', 'N', 'Y', 'N',100, null, null, null, null, 'def9',0, null,25, '2019-06-09 23:45:05',0,0, 'N', 'N', 'Y', null, 'N', 'N', 'N', null, 'N', null, '0' ) ;
insert into md_property ( id, accessorclassname, classid, createtime, creator, datatype, datatypestyle, defaultvalue, description, displayname, dr, help, isactive, hided, nullable, readonly, attrlength, attrmaxvalue, attrminvalue, modifier, modifytime, name, precise, refmodelname, attrsequence, ts, visibility, versiontype, fixedlength, calculation, isauthen, resid, customattr, notserialize, dynamicattr, dynamictable, accesspower, accesspowergroup, industry ) values (  'e00a76c9-2544-4f4f-a4bd-97b2d2ea8cea', null, '13e87994-f2fd-482e-8c93-5d3842ba20a5', null, null, 'BS000010000100001001',300, null, null, '自定义项10',0, null, 'Y', 'N', 'Y', 'N',100, null, null, null, null, 'def10',0, null,26, '2019-06-09 23:45:05',0,0, 'N', 'N', 'Y', null, 'N', 'N', 'N', null, 'N', null, '0' ) ;
insert into md_property ( id, accessorclassname, classid, createtime, creator, datatype, datatypestyle, defaultvalue, description, displayname, dr, help, isactive, hided, nullable, readonly, attrlength, attrmaxvalue, attrminvalue, modifier, modifytime, name, precise, refmodelname, attrsequence, ts, visibility, versiontype, fixedlength, calculation, isauthen, resid, customattr, notserialize, dynamicattr, dynamictable, accesspower, accesspowergroup, industry ) values (  'cfc01404-fbce-4493-8125-97d43b853ac1', null, '13e87994-f2fd-482e-8c93-5d3842ba20a5', null, null, 'BS000010000100001001',300, null, null, '自定义项11',0, null, 'Y', 'N', 'Y', 'N',100, null, null, null, null, 'def11',0, null,27, '2019-06-09 23:45:05',0,0, 'N', 'N', 'Y', null, 'N', 'N', 'N', null, 'N', null, '0' ) ;
insert into md_property ( id, accessorclassname, classid, createtime, creator, datatype, datatypestyle, defaultvalue, description, displayname, dr, help, isactive, hided, nullable, readonly, attrlength, attrmaxvalue, attrminvalue, modifier, modifytime, name, precise, refmodelname, attrsequence, ts, visibility, versiontype, fixedlength, calculation, isauthen, resid, customattr, notserialize, dynamicattr, dynamictable, accesspower, accesspowergroup, industry ) values (  '0e1e1597-54f4-4f0c-8f46-abcadd63a723', null, '13e87994-f2fd-482e-8c93-5d3842ba20a5', null, null, 'BS000010000100001001',300, null, null, '自定义项12',0, null, 'Y', 'N', 'Y', 'N',100, null, null, null, null, 'def12',0, null,28, '2019-06-09 23:45:05',0,0, 'N', 'N', 'Y', null, 'N', 'N', 'N', null, 'N', null, '0' ) ;
insert into md_property ( id, accessorclassname, classid, createtime, creator, datatype, datatypestyle, defaultvalue, description, displayname, dr, help, isactive, hided, nullable, readonly, attrlength, attrmaxvalue, attrminvalue, modifier, modifytime, name, precise, refmodelname, attrsequence, ts, visibility, versiontype, fixedlength, calculation, isauthen, resid, customattr, notserialize, dynamicattr, dynamictable, accesspower, accesspowergroup, industry ) values (  '8b152ba2-dd8b-4d10-afca-b8596f4d3ca9', null, '13e87994-f2fd-482e-8c93-5d3842ba20a5', null, null, 'BS000010000100001001',300, null, null, '自定义项13',0, null, 'Y', 'N', 'Y', 'N',100, null, null, null, null, 'def13',0, null,29, '2019-06-09 23:45:05',0,0, 'N', 'N', 'Y', null, 'N', 'N', 'N', null, 'N', null, '0' ) ;
insert into md_property ( id, accessorclassname, classid, createtime, creator, datatype, datatypestyle, defaultvalue, description, displayname, dr, help, isactive, hided, nullable, readonly, attrlength, attrmaxvalue, attrminvalue, modifier, modifytime, name, precise, refmodelname, attrsequence, ts, visibility, versiontype, fixedlength, calculation, isauthen, resid, customattr, notserialize, dynamicattr, dynamictable, accesspower, accesspowergroup, industry ) values (  '59e485c3-dfe3-40f4-b7cc-8633890477ae', null, '13e87994-f2fd-482e-8c93-5d3842ba20a5', null, null, 'BS000010000100001001',300, null, null, '自定义项14',0, null, 'Y', 'N', 'Y', 'N',100, null, null, null, null, 'def14',0, null,30, '2019-06-09 23:45:05',0,0, 'N', 'N', 'Y', null, 'N', 'N', 'N', null, 'N', null, '0' ) ;
insert into md_property ( id, accessorclassname, classid, createtime, creator, datatype, datatypestyle, defaultvalue, description, displayname, dr, help, isactive, hided, nullable, readonly, attrlength, attrmaxvalue, attrminvalue, modifier, modifytime, name, precise, refmodelname, attrsequence, ts, visibility, versiontype, fixedlength, calculation, isauthen, resid, customattr, notserialize, dynamicattr, dynamictable, accesspower, accesspowergroup, industry ) values (  'a251c369-396a-4cae-97ca-d0fe2f2e4006', null, '13e87994-f2fd-482e-8c93-5d3842ba20a5', null, null, 'BS000010000100001001',300, null, null, '自定义项15',0, null, 'Y', 'N', 'Y', 'N',100, null, null, null, null, 'def15',0, null,31, '2019-06-09 23:45:05',0,0, 'N', 'N', 'Y', null, 'N', 'N', 'N', null, 'N', null, '0' ) ;
insert into md_property ( id, accessorclassname, classid, createtime, creator, datatype, datatypestyle, defaultvalue, description, displayname, dr, help, isactive, hided, nullable, readonly, attrlength, attrmaxvalue, attrminvalue, modifier, modifytime, name, precise, refmodelname, attrsequence, ts, visibility, versiontype, fixedlength, calculation, isauthen, resid, customattr, notserialize, dynamicattr, dynamictable, accesspower, accesspowergroup, industry ) values (  'a553c777-3256-48f5-b11a-13a5ffd84054', null, '13e87994-f2fd-482e-8c93-5d3842ba20a5', null, null, 'BS000010000100001001',300, null, null, '自定义项16',0, null, 'Y', 'N', 'Y', 'N',100, null, null, null, null, 'def16',0, null,32, '2019-06-09 23:45:05',0,0, 'N', 'N', 'Y', null, 'N', 'N', 'N', null, 'N', null, '0' ) ;
insert into md_property ( id, accessorclassname, classid, createtime, creator, datatype, datatypestyle, defaultvalue, description, displayname, dr, help, isactive, hided, nullable, readonly, attrlength, attrmaxvalue, attrminvalue, modifier, modifytime, name, precise, refmodelname, attrsequence, ts, visibility, versiontype, fixedlength, calculation, isauthen, resid, customattr, notserialize, dynamicattr, dynamictable, accesspower, accesspowergroup, industry ) values (  '7cfc1038-0203-47b6-8f7e-45ce4246329e', null, '13e87994-f2fd-482e-8c93-5d3842ba20a5', null, null, 'BS000010000100001001',300, null, null, '自定义项17',0, null, 'Y', 'N', 'Y', 'N',100, null, null, null, null, 'def17',0, null,33, '2019-06-09 23:45:05',0,0, 'N', 'N', 'Y', null, 'N', 'N', 'N', null, 'N', null, '0' ) ;
insert into md_property ( id, accessorclassname, classid, createtime, creator, datatype, datatypestyle, defaultvalue, description, displayname, dr, help, isactive, hided, nullable, readonly, attrlength, attrmaxvalue, attrminvalue, modifier, modifytime, name, precise, refmodelname, attrsequence, ts, visibility, versiontype, fixedlength, calculation, isauthen, resid, customattr, notserialize, dynamicattr, dynamictable, accesspower, accesspowergroup, industry ) values (  '605c3c99-3f47-49c9-b270-4ccdaedf3578', null, '13e87994-f2fd-482e-8c93-5d3842ba20a5', null, null, 'BS000010000100001001',300, null, null, '自定义项18',0, null, 'Y', 'N', 'Y', 'N',100, null, null, null, null, 'def18',0, null,34, '2019-06-09 23:45:05',0,0, 'N', 'N', 'Y', null, 'N', 'N', 'N', null, 'N', null, '0' ) ;
insert into md_property ( id, accessorclassname, classid, createtime, creator, datatype, datatypestyle, defaultvalue, description, displayname, dr, help, isactive, hided, nullable, readonly, attrlength, attrmaxvalue, attrminvalue, modifier, modifytime, name, precise, refmodelname, attrsequence, ts, visibility, versiontype, fixedlength, calculation, isauthen, resid, customattr, notserialize, dynamicattr, dynamictable, accesspower, accesspowergroup, industry ) values (  'ef74a80d-8d84-453e-b6e4-44631c5b1602', null, '13e87994-f2fd-482e-8c93-5d3842ba20a5', null, null, 'BS000010000100001001',300, null, null, '自定义项19',0, null, 'Y', 'N', 'Y', 'N',100, null, null, null, null, 'def19',0, null,35, '2019-06-09 23:45:05',0,0, 'N', 'N', 'Y', null, 'N', 'N', 'N', null, 'N', null, '0' ) ;
insert into md_property ( id, accessorclassname, classid, createtime, creator, datatype, datatypestyle, defaultvalue, description, displayname, dr, help, isactive, hided, nullable, readonly, attrlength, attrmaxvalue, attrminvalue, modifier, modifytime, name, precise, refmodelname, attrsequence, ts, visibility, versiontype, fixedlength, calculation, isauthen, resid, customattr, notserialize, dynamicattr, dynamictable, accesspower, accesspowergroup, industry ) values (  '8f0ba6a8-58ca-45d3-ac8a-28cb761d2a01', null, '13e87994-f2fd-482e-8c93-5d3842ba20a5', null, null, 'BS000010000100001001',300, null, null, '自定义项20',0, null, 'Y', 'N', 'Y', 'N',100, null, null, null, null, 'def20',0, null,36, '2019-06-09 23:45:05',0,0, 'N', 'N', 'Y', null, 'N', 'N', 'N', null, 'N', null, '0' ) ;
insert into md_property ( id, accessorclassname, classid, createtime, creator, datatype, datatypestyle, defaultvalue, description, displayname, dr, help, isactive, hided, nullable, readonly, attrlength, attrmaxvalue, attrminvalue, modifier, modifytime, name, precise, refmodelname, attrsequence, ts, visibility, versiontype, fixedlength, calculation, isauthen, resid, customattr, notserialize, dynamicattr, dynamictable, accesspower, accesspowergroup, industry ) values (  '04b25484-4efa-4336-9149-41838ac0479e', null, '15d35e3e-1230-45f2-9279-5412dc4077df', null, null, 'BS000010000100001051',300, null, null, '参数行主键',0, null, 'Y', 'N', 'N', 'N',20, null, null, null, null, 'pk_commission_r',0, null,0, '2019-06-09 23:45:05',0,0, 'N', 'N', 'Y', null, 'N', 'N', 'N', null, 'N', null, '0' ) ;
insert into md_property ( id, accessorclassname, classid, createtime, creator, datatype, datatypestyle, defaultvalue, description, displayname, dr, help, isactive, hided, nullable, readonly, attrlength, attrmaxvalue, attrminvalue, modifier, modifytime, name, precise, refmodelname, attrsequence, ts, visibility, versiontype, fixedlength, calculation, isauthen, resid, customattr, notserialize, dynamicattr, dynamictable, accesspower, accesspowergroup, industry ) values (  '56256a83-f3e4-48e2-9714-86de2cd9d9de', null, '15d35e3e-1230-45f2-9279-5412dc4077df', null, null, 'BS000010000100001001',300, null, null, '行号',0, null, 'Y', 'N', 'Y', 'N',50, null, null, null, null, 'rowno',0, null,1, '2019-06-09 23:45:05',0,0, 'N', 'N', 'Y', null, 'N', 'N', 'N', null, 'N', null, '0' ) ;
insert into md_property ( id, accessorclassname, classid, createtime, creator, datatype, datatypestyle, defaultvalue, description, displayname, dr, help, isactive, hided, nullable, readonly, attrlength, attrmaxvalue, attrminvalue, modifier, modifytime, name, precise, refmodelname, attrsequence, ts, visibility, versiontype, fixedlength, calculation, isauthen, resid, customattr, notserialize, dynamicattr, dynamictable, accesspower, accesspowergroup, industry ) values (  'f52ffd7c-b69e-479a-9d0e-9f8e772ee07c', null, '15d35e3e-1230-45f2-9279-5412dc4077df', null, null, 'BS000010000100001001',300, null, null, '实验前参数名称',0, null, 'Y', 'N', 'Y', 'N',50, null, null, null, null, 'analysisname',0, null,2, '2019-06-09 23:45:05',0,0, 'N', 'N', 'Y', null, 'N', 'N', 'N', null, 'N', null, '0' ) ;
insert into md_property ( id, accessorclassname, classid, createtime, creator, datatype, datatypestyle, defaultvalue, description, displayname, dr, help, isactive, hided, nullable, readonly, attrlength, attrmaxvalue, attrminvalue, modifier, modifytime, name, precise, refmodelname, attrsequence, ts, visibility, versiontype, fixedlength, calculation, isauthen, resid, customattr, notserialize, dynamicattr, dynamictable, accesspower, accesspowergroup, industry ) values (  '8df03dd9-284e-4490-beaf-9c65f7e4c30e', null, '15d35e3e-1230-45f2-9279-5412dc4077df', null, null, '85efe9e1-3bc2-492e-a92a-f52d3acff25d',305, null, null, '样品组别',0, null, 'Y', 'N', 'Y', 'N',20, null, null, null, null, 'pk_samplegroup',0, '自定义档案',3, '2019-06-09 23:45:05',0,0, 'N', 'N', 'Y', null, 'N', 'N', 'N', null, 'N', null, '0' ) ;
insert into md_property ( id, accessorclassname, classid, createtime, creator, datatype, datatypestyle, defaultvalue, description, displayname, dr, help, isactive, hided, nullable, readonly, attrlength, attrmaxvalue, attrminvalue, modifier, modifytime, name, precise, refmodelname, attrsequence, ts, visibility, versiontype, fixedlength, calculation, isauthen, resid, customattr, notserialize, dynamicattr, dynamictable, accesspower, accesspowergroup, industry ) values (  '63b6e2a8-f6db-42ac-bb36-bc4687481bca', null, '15d35e3e-1230-45f2-9279-5412dc4077df', null, null, '85efe9e1-3bc2-492e-a92a-f52d3acff25d',305, null, null, '参数项',0, null, 'Y', 'N', 'Y', 'N',20, null, null, null, null, 'pk_component',0, '自定义档案',4, '2019-06-09 23:45:05',0,0, 'N', 'N', 'Y', null, 'N', 'N', 'N', null, 'N', null, '0' ) ;
insert into md_property ( id, accessorclassname, classid, createtime, creator, datatype, datatypestyle, defaultvalue, description, displayname, dr, help, isactive, hided, nullable, readonly, attrlength, attrmaxvalue, attrminvalue, modifier, modifytime, name, precise, refmodelname, attrsequence, ts, visibility, versiontype, fixedlength, calculation, isauthen, resid, customattr, notserialize, dynamicattr, dynamictable, accesspower, accesspowergroup, industry ) values (  'a9ed3e74-24d2-4d2e-b69a-c6cfbeec4906', null, '15d35e3e-1230-45f2-9279-5412dc4077df', null, null, '85efe9e1-3bc2-492e-a92a-f52d3acff25d',305, null, null, '值类型',0, null, 'Y', 'N', 'Y', 'N',20, null, null, null, null, 'pk_valuetype',0, '自定义档案',5, '2019-06-09 23:45:05',0,0, 'N', 'N', 'Y', null, 'N', 'N', 'N', null, 'N', null, '0' ) ;
insert into md_property ( id, accessorclassname, classid, createtime, creator, datatype, datatypestyle, defaultvalue, description, displayname, dr, help, isactive, hided, nullable, readonly, attrlength, attrmaxvalue, attrminvalue, modifier, modifytime, name, precise, refmodelname, attrsequence, ts, visibility, versiontype, fixedlength, calculation, isauthen, resid, customattr, notserialize, dynamicattr, dynamictable, accesspower, accesspowergroup, industry ) values (  'ea3f609a-14a8-40c9-8704-3b6ecc48b91b', null, '15d35e3e-1230-45f2-9279-5412dc4077df', null, null, 'BS000010000100001001',300, null, null, '最大值',0, null, 'Y', 'N', 'Y', 'N',50, null, null, null, null, 'stdmaxvalue',0, null,6, '2019-06-09 23:45:05',0,0, 'N', 'N', 'Y', null, 'N', 'N', 'N', null, 'N', null, '0' ) ;
insert into md_property ( id, accessorclassname, classid, createtime, creator, datatype, datatypestyle, defaultvalue, description, displayname, dr, help, isactive, hided, nullable, readonly, attrlength, attrmaxvalue, attrminvalue, modifier, modifytime, name, precise, refmodelname, attrsequence, ts, visibility, versiontype, fixedlength, calculation, isauthen, resid, customattr, notserialize, dynamicattr, dynamictable, accesspower, accesspowergroup, industry ) values (  'db47bc58-21de-4664-abfa-aae264534c8c', null, '15d35e3e-1230-45f2-9279-5412dc4077df', null, null, 'BS000010000100001001',300, null, null, '最小值',0, null, 'Y', 'N', 'Y', 'N',50, null, null, null, null, 'stdminvalue',0, null,7, '2019-06-09 23:45:05',0,0, 'N', 'N', 'Y', null, 'N', 'N', 'N', null, 'N', null, '0' ) ;
insert into md_property ( id, accessorclassname, classid, createtime, creator, datatype, datatypestyle, defaultvalue, description, displayname, dr, help, isactive, hided, nullable, readonly, attrlength, attrmaxvalue, attrminvalue, modifier, modifytime, name, precise, refmodelname, attrsequence, ts, visibility, versiontype, fixedlength, calculation, isauthen, resid, customattr, notserialize, dynamicattr, dynamictable, accesspower, accesspowergroup, industry ) values (  'c6d74871-5679-4921-8827-9abc64486ac5', null, '15d35e3e-1230-45f2-9279-5412dc4077df', null, null, 'BS000010000100001001',300, null, null, '单位',0, null, 'Y', 'N', 'Y', 'N',50, null, null, null, null, 'unitname',0, null,8, '2019-06-09 23:45:05',0,0, 'N', 'N', 'Y', null, 'N', 'N', 'N', null, 'N', null, '0' ) ;
insert into md_property ( id, accessorclassname, classid, createtime, creator, datatype, datatypestyle, defaultvalue, description, displayname, dr, help, isactive, hided, nullable, readonly, attrlength, attrmaxvalue, attrminvalue, modifier, modifytime, name, precise, refmodelname, attrsequence, ts, visibility, versiontype, fixedlength, calculation, isauthen, resid, customattr, notserialize, dynamicattr, dynamictable, accesspower, accesspowergroup, industry ) values (  'd4947d74-3313-4e29-a23c-2e23fa238c0a', null, '15d35e3e-1230-45f2-9279-5412dc4077df', null, null, 'BS000010000100001032',300, null, null, '是否判定',0, null, 'Y', 'N', 'Y', 'N',1, null, null, null, null, 'judgeflag',0, null,9, '2019-06-09 23:45:05',0,0, 'N', 'N', 'Y', null, 'N', 'N', 'N', null, 'N', null, '0' ) ;
insert into md_property ( id, accessorclassname, classid, createtime, creator, datatype, datatypestyle, defaultvalue, description, displayname, dr, help, isactive, hided, nullable, readonly, attrlength, attrmaxvalue, attrminvalue, modifier, modifytime, name, precise, refmodelname, attrsequence, ts, visibility, versiontype, fixedlength, calculation, isauthen, resid, customattr, notserialize, dynamicattr, dynamictable, accesspower, accesspowergroup, industry ) values (  'a189ef76-e9e7-4bc1-954c-6004a1b066c8', null, '15d35e3e-1230-45f2-9279-5412dc4077df', null, null, 'BS000010000100001032',300, null, null, '是否测试',0, null, 'Y', 'N', 'Y', 'N',1, null, null, null, null, 'testflag',0, null,10, '2019-06-09 23:45:05',0,0, 'N', 'N', 'Y', null, 'N', 'N', 'N', null, 'N', null, '0' ) ;
insert into md_property ( id, accessorclassname, classid, createtime, creator, datatype, datatypestyle, defaultvalue, description, displayname, dr, help, isactive, hided, nullable, readonly, attrlength, attrmaxvalue, attrminvalue, modifier, modifytime, name, precise, refmodelname, attrsequence, ts, visibility, versiontype, fixedlength, calculation, isauthen, resid, customattr, notserialize, dynamicattr, dynamictable, accesspower, accesspowergroup, industry ) values (  'e2fc5006-3583-4668-a6d7-31577a16a940', null, '15d35e3e-1230-45f2-9279-5412dc4077df', null, null, 'BS000010000100001001',300, null, null, '测试温度',0, null, 'Y', 'N', 'Y', 'N',50, null, null, null, null, 'productstage',0, null,11, '2019-06-09 23:45:05',0,0, 'N', 'N', 'Y', null, 'N', 'N', 'N', null, 'N', null, '0' ) ;
insert into md_property ( id, accessorclassname, classid, createtime, creator, datatype, datatypestyle, defaultvalue, description, displayname, dr, help, isactive, hided, nullable, readonly, attrlength, attrmaxvalue, attrminvalue, modifier, modifytime, name, precise, refmodelname, attrsequence, ts, visibility, versiontype, fixedlength, calculation, isauthen, resid, customattr, notserialize, dynamicattr, dynamictable, accesspower, accesspowergroup, industry ) values (  '69fd2721-0c42-4de6-8999-1ca396e3f9a5', null, '15d35e3e-1230-45f2-9279-5412dc4077df', null, null, 'BS000010000100001032',300, null, null, '系统生成',0, null, 'Y', 'N', 'Y', 'N',1, null, null, null, null, 'isautogeneration',0, null,12, '2019-06-09 23:45:05',0,0, 'N', 'N', 'Y', null, 'N', 'N', 'N', null, 'N', null, '0' ) ;
insert into md_property ( id, accessorclassname, classid, createtime, creator, datatype, datatypestyle, defaultvalue, description, displayname, dr, help, isactive, hided, nullable, readonly, attrlength, attrmaxvalue, attrminvalue, modifier, modifytime, name, precise, refmodelname, attrsequence, ts, visibility, versiontype, fixedlength, calculation, isauthen, resid, customattr, notserialize, dynamicattr, dynamictable, accesspower, accesspowergroup, industry ) values (  '2044a7de-3d6d-43bd-b3e4-20c5e25d8bb9', null, '81401002-4e72-4f06-ad4b-72e2b666e331', null, null, 'BS000010000100001051',300, null, null, '变更记录主键',0, null, 'Y', 'N', 'N', 'N',20, null, null, null, null, 'pk_commission_c',0, null,0, '2019-06-09 23:45:05',0,0, 'N', 'N', 'Y', null, 'N', 'N', 'N', null, 'N', null, '0' ) ;
insert into md_property ( id, accessorclassname, classid, createtime, creator, datatype, datatypestyle, defaultvalue, description, displayname, dr, help, isactive, hided, nullable, readonly, attrlength, attrmaxvalue, attrminvalue, modifier, modifytime, name, precise, refmodelname, attrsequence, ts, visibility, versiontype, fixedlength, calculation, isauthen, resid, customattr, notserialize, dynamicattr, dynamictable, accesspower, accesspowergroup, industry ) values (  '87042d9b-3c87-4187-9f24-9521ecc33a6e', null, '81401002-4e72-4f06-ad4b-72e2b666e331', null, null, 'BS000010000100001001',300, null, null, '行号',0, null, 'Y', 'N', 'Y', 'N',50, null, null, null, null, 'rowno',0, null,1, '2019-06-09 23:45:05',0,0, 'N', 'N', 'Y', null, 'N', 'N', 'N', null, 'N', null, '0' ) ;
insert into md_property ( id, accessorclassname, classid, createtime, creator, datatype, datatypestyle, defaultvalue, description, displayname, dr, help, isactive, hided, nullable, readonly, attrlength, attrmaxvalue, attrminvalue, modifier, modifytime, name, precise, refmodelname, attrsequence, ts, visibility, versiontype, fixedlength, calculation, isauthen, resid, customattr, notserialize, dynamicattr, dynamictable, accesspower, accesspowergroup, industry ) values (  '038583bb-7e98-4d26-85ac-7b5ce766a55f', null, '81401002-4e72-4f06-ad4b-72e2b666e331', null, null, 'f6f9a473-56c0-432f-8bc7-fbf8fde54fee',305, null, null, '变更人',0, null, 'Y', 'N', 'Y', 'N',20, null, null, null, null, 'modifier',0, '用户',2, '2019-06-09 23:45:05',0,0, 'N', 'N', 'Y', null, 'N', 'N', 'N', null, 'N', null, '0' ) ;
insert into md_property ( id, accessorclassname, classid, createtime, creator, datatype, datatypestyle, defaultvalue, description, displayname, dr, help, isactive, hided, nullable, readonly, attrlength, attrmaxvalue, attrminvalue, modifier, modifytime, name, precise, refmodelname, attrsequence, ts, visibility, versiontype, fixedlength, calculation, isauthen, resid, customattr, notserialize, dynamicattr, dynamictable, accesspower, accesspowergroup, industry ) values (  'd3f87368-3773-4768-b7fd-fb6422966bc7', null, '81401002-4e72-4f06-ad4b-72e2b666e331', null, null, 'BS000010000100001034',300, null, null, '变更时间',0, null, 'Y', 'N', 'Y', 'N',19, null, null, null, null, 'modifiedtime',0, null,3, '2019-06-09 23:45:05',0,0, 'N', 'N', 'Y', null, 'N', 'N', 'N', null, 'N', null, '0' ) ;
insert into md_property ( id, accessorclassname, classid, createtime, creator, datatype, datatypestyle, defaultvalue, description, displayname, dr, help, isactive, hided, nullable, readonly, attrlength, attrmaxvalue, attrminvalue, modifier, modifytime, name, precise, refmodelname, attrsequence, ts, visibility, versiontype, fixedlength, calculation, isauthen, resid, customattr, notserialize, dynamicattr, dynamictable, accesspower, accesspowergroup, industry ) values (  '4d23da13-3bd5-4b73-b4de-1c27cba185d4', null, '81401002-4e72-4f06-ad4b-72e2b666e331', null, null, 'BS000010000100001001',300, null, null, '变更项目',0, null, 'Y', 'N', 'Y', 'N',50, null, null, null, null, 'itemname',0, null,4, '2019-06-09 23:45:05',0,0, 'N', 'N', 'Y', null, 'N', 'N', 'N', null, 'N', null, '0' ) ;
insert into md_property ( id, accessorclassname, classid, createtime, creator, datatype, datatypestyle, defaultvalue, description, displayname, dr, help, isactive, hided, nullable, readonly, attrlength, attrmaxvalue, attrminvalue, modifier, modifytime, name, precise, refmodelname, attrsequence, ts, visibility, versiontype, fixedlength, calculation, isauthen, resid, customattr, notserialize, dynamicattr, dynamictable, accesspower, accesspowergroup, industry ) values (  'd5846cbe-80fc-4688-b41d-8e1eb0fa1b87', null, '81401002-4e72-4f06-ad4b-72e2b666e331', null, null, 'BS000010000100001001',300, null, null, '变更前',0, null, 'Y', 'N', 'Y', 'N',200, null, null, null, null, 'oldvalue',0, null,5, '2019-06-09 23:45:05',0,0, 'N', 'N', 'Y', null, 'N', 'N', 'N', null, 'N', null, '0' ) ;
insert into md_property ( id, accessorclassname, classid, createtime, creator, datatype, datatypestyle, defaultvalue, description, displayname, dr, help, isactive, hided, nullable, readonly, attrlength, attrmaxvalue, attrminvalue, modifier, modifytime, name, precise, refmodelname, attrsequence, ts, visibility, versiontype, fixedlength, calculation, isauthen, resid, customattr, notserialize, dynamicattr, dynamictable, accesspower, accesspowergroup, industry ) values (  'cc7e61c7-20c8-4be6-b5d8-990ff43afbf2', null, '81401002-4e72-4f06-ad4b-72e2b666e331', null, null, 'BS000010000100001001',300, null, null, '变更后',0, null, 'Y', 'N', 'Y', 'N',200, null, null, null, null, 'newvalue',0, null,6, '2019-06-09 23:45:05',0,0, 'N', 'N', 'Y', null, 'N', 'N', 'N', null, 'N', null, '0' ) ;
insert into md_accessorPara ( id, dr, paravalue, assosequence, ts, versiontype, industry ) values (  'fcbcdbe2-c0e7-4d0d-ac3f-6cfeeb0b036a',0, 'nc.vo.qcco.commission.AggCommissionHVO',0, '2019-06-09 23:45:05',null, null ) ;
insert into md_bizItfMap ( bizinterfaceid, intattrid, classid, classattrid, bizitfimpclassname, classattrpath, dr, ts ) values (  '2b226ae1-aad9-4abe-a405-36bcacaa94a8', 'e5a2aef6-8d58-416a-b8b7-4dd10e13d788', 'fcbcdbe2-c0e7-4d0d-ac3f-6cfeeb0b036a', '4477f987-27de-4b48-83e8-6af592f24a92', null, null,0, '2019-06-09 23:45:05' ) ;
insert into md_bizItfMap ( bizinterfaceid, intattrid, classid, classattrid, bizitfimpclassname, classattrpath, dr, ts ) values (  '2b226ae1-aad9-4abe-a405-36bcacaa94a8', '49b6b1ae-cd5b-4b54-99cd-a6bb9fee7343', 'fcbcdbe2-c0e7-4d0d-ac3f-6cfeeb0b036a', 'f115f992-e014-4ea7-a17a-64a9045f2183', null, null,0, '2019-06-09 23:45:05' ) ;
insert into md_bizItfMap ( bizinterfaceid, intattrid, classid, classattrid, bizitfimpclassname, classattrpath, dr, ts ) values (  '2b226ae1-aad9-4abe-a405-36bcacaa94a8', '54c42368-5a43-4295-a7d4-74d276eed522', 'fcbcdbe2-c0e7-4d0d-ac3f-6cfeeb0b036a', '9ee747e3-fd6b-40b1-b7b2-ce132f10c054', null, null,0, '2019-06-09 23:45:05' ) ;
insert into md_bizItfMap ( bizinterfaceid, intattrid, classid, classattrid, bizitfimpclassname, classattrpath, dr, ts ) values (  '2b226ae1-aad9-4abe-a405-36bcacaa94a8', '0abfd569-b9cf-4c44-a8d9-45979c083b08', 'fcbcdbe2-c0e7-4d0d-ac3f-6cfeeb0b036a', '651de86b-a5bd-44b3-9183-f3e730283596', null, null,0, '2019-06-09 23:45:05' ) ;
insert into md_bizItfMap ( bizinterfaceid, intattrid, classid, classattrid, bizitfimpclassname, classattrpath, dr, ts ) values (  '6c8722b9-911a-489b-8d0d-18bd3734fcf6', '5dd3c721-22ad-42b1-9c10-4351c236bc77', 'fcbcdbe2-c0e7-4d0d-ac3f-6cfeeb0b036a', 'a1824629-d9d1-4d3a-9d01-5869568d16d7', null, null,0, '2019-06-09 23:45:05' ) ;
insert into md_bizItfMap ( bizinterfaceid, intattrid, classid, classattrid, bizitfimpclassname, classattrpath, dr, ts ) values (  '6c8722b9-911a-489b-8d0d-18bd3734fcf6', 'c8334364-7ab9-4266-8d4b-e74537935e46', 'fcbcdbe2-c0e7-4d0d-ac3f-6cfeeb0b036a', null, null, null,0, '2019-06-09 23:45:05' ) ;
insert into md_bizItfMap ( bizinterfaceid, intattrid, classid, classattrid, bizitfimpclassname, classattrpath, dr, ts ) values (  '6c8722b9-911a-489b-8d0d-18bd3734fcf6', 'ecf1b76a-6e44-42e2-a55e-87596504775b', 'fcbcdbe2-c0e7-4d0d-ac3f-6cfeeb0b036a', 'c48e36d9-1ad9-4be4-a8c7-2461114ce8e9', null, null,0, '2019-06-09 23:45:05' ) ;
insert into md_bizItfMap ( bizinterfaceid, intattrid, classid, classattrid, bizitfimpclassname, classattrpath, dr, ts ) values (  '6c8722b9-911a-489b-8d0d-18bd3734fcf6', 'd32cc17b-f415-415a-923f-0764443eb102', 'fcbcdbe2-c0e7-4d0d-ac3f-6cfeeb0b036a', null, null, null,0, '2019-06-09 23:45:05' ) ;
insert into md_bizItfMap ( bizinterfaceid, intattrid, classid, classattrid, bizitfimpclassname, classattrpath, dr, ts ) values (  '6c8722b9-911a-489b-8d0d-18bd3734fcf6', '89578a97-42fe-439b-827c-8eabd9e3604c', 'fcbcdbe2-c0e7-4d0d-ac3f-6cfeeb0b036a', '1d8cf9d1-f20b-475f-89ef-d72b166939ab', null, null,0, '2019-06-09 23:45:05' ) ;
insert into md_bizItfMap ( bizinterfaceid, intattrid, classid, classattrid, bizitfimpclassname, classattrpath, dr, ts ) values (  '6c8722b9-911a-489b-8d0d-18bd3734fcf6', 'a47e6cda-09e4-480b-923f-ec6f41e3e06c', 'fcbcdbe2-c0e7-4d0d-ac3f-6cfeeb0b036a', '5485afd8-71e3-4fc8-bd0f-990d42c00855', null, null,0, '2019-06-09 23:45:05' ) ;
insert into md_bizItfMap ( bizinterfaceid, intattrid, classid, classattrid, bizitfimpclassname, classattrpath, dr, ts ) values (  'cc8a1739-1dca-454c-b8ef-b175b79a3426', '2d2ee0e2-05b9-4bf5-b263-a39796d4f26b', 'fcbcdbe2-c0e7-4d0d-ac3f-6cfeeb0b036a', 'c75851b1-c752-4454-ab5a-26fda6197d31', null, null,0, '2019-06-09 23:45:05' ) ;
insert into md_bizItfMap ( bizinterfaceid, intattrid, classid, classattrid, bizitfimpclassname, classattrpath, dr, ts ) values (  'cc8a1739-1dca-454c-b8ef-b175b79a3426', 'da02e89c-df72-4c8c-bfb4-c3ba94a7268c', 'fcbcdbe2-c0e7-4d0d-ac3f-6cfeeb0b036a', 'c8677624-a57d-4350-a4bb-4d4636143e52', null, null,0, '2019-06-09 23:45:05' ) ;
insert into md_bizItfMap ( bizinterfaceid, intattrid, classid, classattrid, bizitfimpclassname, classattrpath, dr, ts ) values (  'ede1e93f-a86e-4588-b441-9db78f30219f', '72145ab5-b7fa-448e-ad62-8e13cd547191', 'fcbcdbe2-c0e7-4d0d-ac3f-6cfeeb0b036a', 'c48e36d9-1ad9-4be4-a8c7-2461114ce8e9', null, null,0, '2019-06-09 23:45:05' ) ;
insert into md_bizItfMap ( bizinterfaceid, intattrid, classid, classattrid, bizitfimpclassname, classattrpath, dr, ts ) values (  'ede1e93f-a86e-4588-b441-9db78f30219f', '0c37faa9-6e38-4e27-b596-dabc8d5ad732', 'fcbcdbe2-c0e7-4d0d-ac3f-6cfeeb0b036a', '80c35b87-37f8-45d2-99dc-f57690856cbf', null, null,0, '2019-06-09 23:45:05' ) ;
insert into md_bizItfMap ( bizinterfaceid, intattrid, classid, classattrid, bizitfimpclassname, classattrpath, dr, ts ) values (  '60bdf1fb-95e3-43dc-8feb-f874de9293eb', '25bd08e0-96da-40a6-bfc0-1298b2399f4a', 'fcbcdbe2-c0e7-4d0d-ac3f-6cfeeb0b036a', 'a1824629-d9d1-4d3a-9d01-5869568d16d7', null, null,0, '2019-06-09 23:45:05' ) ;
insert into md_bizItfMap ( bizinterfaceid, intattrid, classid, classattrid, bizitfimpclassname, classattrpath, dr, ts ) values (  'ca510be7-0329-4e1f-9ca9-b9d0a6d71ede', '595de635-7ecb-4cb0-9300-c9e47ffc25f4', '13e87994-f2fd-482e-8c93-5d3842ba20a5', '59f9afe9-7602-4db2-b9b2-6d2c6ebd52d5', null, null,0, '2019-06-09 23:45:05' ) ;
insert into md_bizItfMap ( bizinterfaceid, intattrid, classid, classattrid, bizitfimpclassname, classattrpath, dr, ts ) values (  'ca510be7-0329-4e1f-9ca9-b9d0a6d71ede', '2d99f85f-17d8-4653-849e-f51cf6cfb827', '13e87994-f2fd-482e-8c93-5d3842ba20a5', null, null, null,0, '2019-06-09 23:45:05' ) ;
insert into md_bizItfMap ( bizinterfaceid, intattrid, classid, classattrid, bizitfimpclassname, classattrpath, dr, ts ) values (  'ca510be7-0329-4e1f-9ca9-b9d0a6d71ede', '595de635-7ecb-4cb0-9300-c9e47ffc25f4', '15d35e3e-1230-45f2-9279-5412dc4077df', '56256a83-f3e4-48e2-9714-86de2cd9d9de', null, null,0, '2019-06-09 23:45:05' ) ;
insert into md_bizItfMap ( bizinterfaceid, intattrid, classid, classattrid, bizitfimpclassname, classattrpath, dr, ts ) values (  'ca510be7-0329-4e1f-9ca9-b9d0a6d71ede', '2d99f85f-17d8-4653-849e-f51cf6cfb827', '15d35e3e-1230-45f2-9279-5412dc4077df', null, null, null,0, '2019-06-09 23:45:05' ) ;
insert into md_association ( id, componentid, creator, createtime, dr, endcardinality, startbeanid, endelementid, isactive, modifier, modifytime, name, startcardinality, startelementid, ts, type, versiontype, industry ) values (  '433e1003-b3c6-4ac2-8a6d-8cb883cb71aa', 'b9e67531-40b1-4a29-8749-38bf4fdc2855', null, '2018-11-12 14:48:27',0, '1..n', 'fcbcdbe2-c0e7-4d0d-ac3f-6cfeeb0b036a', '13e87994-f2fd-482e-8c93-5d3842ba20a5', null, 'YONYOU NC', '2018-11-12 14:48:27', 'Aggregation Relation', '1', 'fed288be-4851-4759-8625-c8b5df862f58', '2019-06-09 23:45:05',1,0, '0' ) ;
insert into md_association ( id, componentid, creator, createtime, dr, endcardinality, startbeanid, endelementid, isactive, modifier, modifytime, name, startcardinality, startelementid, ts, type, versiontype, industry ) values (  'fcee1f09-3b11-46f9-b194-63c379aa0055', 'b9e67531-40b1-4a29-8749-38bf4fdc2855', null, '2019-05-14 23:58:25',0, '1..n', 'fcbcdbe2-c0e7-4d0d-ac3f-6cfeeb0b036a', '81401002-4e72-4f06-ad4b-72e2b666e331', null, 'YONYOU NC', '2019-05-14 23:58:25', 'Aggregation Relation', '1', '966d5ba6-269d-4486-9365-f3187a1a15a0', '2019-06-09 23:45:05',1,0, '0' ) ;
insert into md_association ( id, componentid, creator, createtime, dr, endcardinality, startbeanid, endelementid, isactive, modifier, modifytime, name, startcardinality, startelementid, ts, type, versiontype, industry ) values (  'fd546a3f-934e-4838-b79a-f0e1b8fbf11d', 'b9e67531-40b1-4a29-8749-38bf4fdc2855', null, '2018-11-12 15:46:01',0, '1..n', '13e87994-f2fd-482e-8c93-5d3842ba20a5', '15d35e3e-1230-45f2-9279-5412dc4077df', null, 'YONYOU NC', '2018-11-12 15:46:01', 'Aggregation Relation', '1', '852e2bc2-43a3-436e-8c93-85485cb41799', '2019-06-09 23:45:05',1,0, '0' ) ;
insert into md_association ( id, componentid, creator, createtime, dr, endcardinality, startbeanid, endelementid, isactive, modifier, modifytime, name, startcardinality, startelementid, ts, type, versiontype, industry ) values (  '7daa013e-bf59-40a2-9f47-510c4a9f13fb', 'b9e67531-40b1-4a29-8749-38bf4fdc2855', null, null,0, '1', 'fcbcdbe2-c0e7-4d0d-ac3f-6cfeeb0b036a', 'f6f9a473-56c0-432f-8bc7-fbf8fde54fee', 'Y', null, null, 'commission_h_creator', '1', '4477f987-27de-4b48-83e8-6af592f24a92', '2019-06-09 23:45:05',3,0, '0' ) ;
insert into md_association ( id, componentid, creator, createtime, dr, endcardinality, startbeanid, endelementid, isactive, modifier, modifytime, name, startcardinality, startelementid, ts, type, versiontype, industry ) values (  '1fc9fb52-8ece-4198-a66a-91ce9c039928', 'b9e67531-40b1-4a29-8749-38bf4fdc2855', null, null,0, '1', 'fcbcdbe2-c0e7-4d0d-ac3f-6cfeeb0b036a', 'f6f9a473-56c0-432f-8bc7-fbf8fde54fee', 'Y', null, null, 'commission_h_modifier', '1', '9ee747e3-fd6b-40b1-b7b2-ce132f10c054', '2019-06-09 23:45:05',3,0, '0' ) ;
insert into md_association ( id, componentid, creator, createtime, dr, endcardinality, startbeanid, endelementid, isactive, modifier, modifytime, name, startcardinality, startelementid, ts, type, versiontype, industry ) values (  '0b6ad239-6573-47ea-b80f-f70b2b478e9f', 'b9e67531-40b1-4a29-8749-38bf4fdc2855', null, null,0, '1', 'fcbcdbe2-c0e7-4d0d-ac3f-6cfeeb0b036a', '3b6dd171-2900-47f3-bfbe-41e4483a2a65', 'Y', null, null, 'commission_h_pk_group', '1', '5485afd8-71e3-4fc8-bd0f-990d42c00855', '2019-06-09 23:45:05',3,0, '0' ) ;
insert into md_association ( id, componentid, creator, createtime, dr, endcardinality, startbeanid, endelementid, isactive, modifier, modifytime, name, startcardinality, startelementid, ts, type, versiontype, industry ) values (  'dc64c50b-42b3-44f4-a842-13d66cf2ce67', 'b9e67531-40b1-4a29-8749-38bf4fdc2855', null, null,0, '1', 'fcbcdbe2-c0e7-4d0d-ac3f-6cfeeb0b036a', '985be8a4-3a36-4778-8afe-2d8ed3902659', 'Y', null, null, 'commission_h_pk_org', '1', 'c48e36d9-1ad9-4be4-a8c7-2461114ce8e9', '2019-06-09 23:45:05',3,0, '0' ) ;
insert into md_association ( id, componentid, creator, createtime, dr, endcardinality, startbeanid, endelementid, isactive, modifier, modifytime, name, startcardinality, startelementid, ts, type, versiontype, industry ) values (  '39bcdadd-3654-49a3-a72f-de24ad3a4684', 'b9e67531-40b1-4a29-8749-38bf4fdc2855', null, null,0, '1', 'fcbcdbe2-c0e7-4d0d-ac3f-6cfeeb0b036a', 'da7bba89-9a59-42d6-a262-c13ef459dbd9', 'Y', null, null, 'commission_h_pk_org_v', '1', '80c35b87-37f8-45d2-99dc-f57690856cbf', '2019-06-09 23:45:05',3,0, '0' ) ;
insert into md_association ( id, componentid, creator, createtime, dr, endcardinality, startbeanid, endelementid, isactive, modifier, modifytime, name, startcardinality, startelementid, ts, type, versiontype, industry ) values (  '22b41482-fb82-460a-8858-4e1e88effff8', 'b9e67531-40b1-4a29-8749-38bf4fdc2855', null, null,0, '1', 'fcbcdbe2-c0e7-4d0d-ac3f-6cfeeb0b036a', '85efe9e1-3bc2-492e-a92a-f52d3acff25d', 'Y', null, null, 'commission_h_pk_commissiontype', '1', '600ebdb2-ffc7-4aaa-9682-2f1c13f2867a', '2019-06-09 23:45:05',3,0, '0' ) ;
insert into md_association ( id, componentid, creator, createtime, dr, endcardinality, startbeanid, endelementid, isactive, modifier, modifytime, name, startcardinality, startelementid, ts, type, versiontype, industry ) values (  '381cfe25-9c0c-4caf-a739-63935f382d70', 'b9e67531-40b1-4a29-8749-38bf4fdc2855', null, null,0, '1', 'fcbcdbe2-c0e7-4d0d-ac3f-6cfeeb0b036a', '85efe9e1-3bc2-492e-a92a-f52d3acff25d', 'Y', null, null, 'commission_h_codeprefix', '1', '389c6660-038c-44d2-918b-ec49cffc7cb5', '2019-06-09 23:45:05',3,0, '0' ) ;
insert into md_association ( id, componentid, creator, createtime, dr, endcardinality, startbeanid, endelementid, isactive, modifier, modifytime, name, startcardinality, startelementid, ts, type, versiontype, industry ) values (  'e86a2ee4-4a72-4a10-8548-676ecdec0694', 'b9e67531-40b1-4a29-8749-38bf4fdc2855', null, null,0, '1', 'fcbcdbe2-c0e7-4d0d-ac3f-6cfeeb0b036a', '985be8a4-3a36-4778-8afe-2d8ed3902659', 'Y', null, null, 'commission_h_pk_owner', '1', '77c92533-7f49-4dab-b650-25866c513bcd', '2019-06-09 23:45:05',3,0, '0' ) ;
insert into md_association ( id, componentid, creator, createtime, dr, endcardinality, startbeanid, endelementid, isactive, modifier, modifytime, name, startcardinality, startelementid, ts, type, versiontype, industry ) values (  '2018a096-feea-4898-bcdd-b0c140ea405d', 'b9e67531-40b1-4a29-8749-38bf4fdc2855', null, null,0, '1', 'fcbcdbe2-c0e7-4d0d-ac3f-6cfeeb0b036a', 'b26fa3cb-4087-4027-a3b6-c83ab2a086a9', 'Y', null, null, 'commission_h_pk_dept', '1', '8f16c284-58bf-4999-b79f-a341df699bc3', '2019-06-09 23:45:05',3,0, '0' ) ;
insert into md_association ( id, componentid, creator, createtime, dr, endcardinality, startbeanid, endelementid, isactive, modifier, modifytime, name, startcardinality, startelementid, ts, type, versiontype, industry ) values (  '14c2f66d-2b77-445c-8fcf-f5f74852327a', 'b9e67531-40b1-4a29-8749-38bf4fdc2855', null, null,0, '1', 'fcbcdbe2-c0e7-4d0d-ac3f-6cfeeb0b036a', '985be8a4-3a36-4778-8afe-2d8ed3902659', 'Y', null, null, 'commission_h_pk_payer', '1', '74a508a1-8c73-4017-b48f-da8fdb133891', '2019-06-09 23:45:05',3,0, '0' ) ;
insert into md_association ( id, componentid, creator, createtime, dr, endcardinality, startbeanid, endelementid, isactive, modifier, modifytime, name, startcardinality, startelementid, ts, type, versiontype, industry ) values (  '8c464822-3a6e-48d2-b95d-32e68465ba80', 'b9e67531-40b1-4a29-8749-38bf4fdc2855', null, null,0, '1', 'fcbcdbe2-c0e7-4d0d-ac3f-6cfeeb0b036a', '85efe9e1-3bc2-492e-a92a-f52d3acff25d', 'Y', null, null, 'commission_h_pk_maincategory', '1', '6447b304-3715-465a-99a5-d1b943a7171e', '2019-06-09 23:45:05',3,0, '0' ) ;
insert into md_association ( id, componentid, creator, createtime, dr, endcardinality, startbeanid, endelementid, isactive, modifier, modifytime, name, startcardinality, startelementid, ts, type, versiontype, industry ) values (  '2c11a27a-ef37-43ba-85d7-53a2666e58fb', 'b9e67531-40b1-4a29-8749-38bf4fdc2855', null, null,0, '1', 'fcbcdbe2-c0e7-4d0d-ac3f-6cfeeb0b036a', '85efe9e1-3bc2-492e-a92a-f52d3acff25d', 'Y', null, null, 'commission_h_pk_subcategory', '1', 'b98aa317-078c-43ba-8423-02d0815f71ea', '2019-06-09 23:45:05',3,0, '0' ) ;
insert into md_association ( id, componentid, creator, createtime, dr, endcardinality, startbeanid, endelementid, isactive, modifier, modifytime, name, startcardinality, startelementid, ts, type, versiontype, industry ) values (  '8898cc31-7dc6-413f-8999-01fc5ef286e4', 'b9e67531-40b1-4a29-8749-38bf4fdc2855', null, null,0, '1', 'fcbcdbe2-c0e7-4d0d-ac3f-6cfeeb0b036a', '85efe9e1-3bc2-492e-a92a-f52d3acff25d', 'Y', null, null, 'commission_h_pk_lastcategory', '1', '4d09b438-d04c-416f-be0e-e60476c43c18', '2019-06-09 23:45:05',3,0, '0' ) ;
insert into md_association ( id, componentid, creator, createtime, dr, endcardinality, startbeanid, endelementid, isactive, modifier, modifytime, name, startcardinality, startelementid, ts, type, versiontype, industry ) values (  'dc12378e-61f4-48ce-b608-8da3435fce88', 'b9e67531-40b1-4a29-8749-38bf4fdc2855', null, null,0, '1', 'fcbcdbe2-c0e7-4d0d-ac3f-6cfeeb0b036a', '40d39c26-a2b6-4f16-a018-45664cac1a1f', 'Y', null, null, 'commission_h_cuserid', '1', '6042b996-c245-449e-94c3-b6f3cdfc66b9', '2019-06-09 23:45:05',3,0, '0' ) ;
insert into md_association ( id, componentid, creator, createtime, dr, endcardinality, startbeanid, endelementid, isactive, modifier, modifytime, name, startcardinality, startelementid, ts, type, versiontype, industry ) values (  '677a3be4-695a-4622-835d-02caaac96bd8', 'b9e67531-40b1-4a29-8749-38bf4fdc2855', null, null,0, '1', 'fcbcdbe2-c0e7-4d0d-ac3f-6cfeeb0b036a', '85efe9e1-3bc2-492e-a92a-f52d3acff25d', 'Y', null, null, 'commission_h_reportformat', '1', 'd6d37635-34a2-4d1d-8c2d-7d6753f92f81', '2019-06-09 23:45:05',3,0, '0' ) ;
insert into md_association ( id, componentid, creator, createtime, dr, endcardinality, startbeanid, endelementid, isactive, modifier, modifytime, name, startcardinality, startelementid, ts, type, versiontype, industry ) values (  '35ef8330-352f-495b-9123-b4cad7d97b73', 'b9e67531-40b1-4a29-8749-38bf4fdc2855', null, null,0, '1', 'fcbcdbe2-c0e7-4d0d-ac3f-6cfeeb0b036a', '85efe9e1-3bc2-492e-a92a-f52d3acff25d', 'Y', null, null, 'commission_h_reportlang', '1', 'f6772c5a-2b3b-4dd9-ab67-95ccf49614e5', '2019-06-09 23:45:05',3,0, '0' ) ;
insert into md_association ( id, componentid, creator, createtime, dr, endcardinality, startbeanid, endelementid, isactive, modifier, modifytime, name, startcardinality, startelementid, ts, type, versiontype, industry ) values (  '56002586-cf5d-4d8a-900f-508f9c3a5b89', 'b9e67531-40b1-4a29-8749-38bf4fdc2855', null, null,0, '1', 'fcbcdbe2-c0e7-4d0d-ac3f-6cfeeb0b036a', '85efe9e1-3bc2-492e-a92a-f52d3acff25d', 'Y', null, null, 'commission_h_sampledealtype', '1', 'fc75d56e-881d-4391-9f2a-391f25470fa9', '2019-06-09 23:45:05',3,0, '0' ) ;
insert into md_association ( id, componentid, creator, createtime, dr, endcardinality, startbeanid, endelementid, isactive, modifier, modifytime, name, startcardinality, startelementid, ts, type, versiontype, industry ) values (  '3200508c-a73c-45bd-a0c8-98156c82e47a', 'b9e67531-40b1-4a29-8749-38bf4fdc2855', null, null,0, '1', 'fcbcdbe2-c0e7-4d0d-ac3f-6cfeeb0b036a', '85efe9e1-3bc2-492e-a92a-f52d3acff25d', 'Y', null, null, 'commission_h_productproperty', '1', 'a1d2e0d3-2d18-4ab8-b905-cb80cd138f13', '2019-06-09 23:45:05',3,0, '0' ) ;
insert into md_association ( id, componentid, creator, createtime, dr, endcardinality, startbeanid, endelementid, isactive, modifier, modifytime, name, startcardinality, startelementid, ts, type, versiontype, industry ) values (  '80e78357-9bc7-4b5d-92d7-99bb0be2dba3', 'b9e67531-40b1-4a29-8749-38bf4fdc2855', null, null,0, '1', 'fcbcdbe2-c0e7-4d0d-ac3f-6cfeeb0b036a', '85efe9e1-3bc2-492e-a92a-f52d3acff25d', 'Y', null, null, 'commission_h_customertype', '1', '4ed9a6fb-196b-4f78-8d16-d1b9dfc435b5', '2019-06-09 23:45:05',3,0, '0' ) ;
insert into md_association ( id, componentid, creator, createtime, dr, endcardinality, startbeanid, endelementid, isactive, modifier, modifytime, name, startcardinality, startelementid, ts, type, versiontype, industry ) values (  'bacaf309-f49c-4e13-81c1-b21e3c413461', 'b9e67531-40b1-4a29-8749-38bf4fdc2855', null, null,0, '1', 'fcbcdbe2-c0e7-4d0d-ac3f-6cfeeb0b036a', '85efe9e1-3bc2-492e-a92a-f52d3acff25d', 'Y', null, null, 'commission_h_testrequirement', '1', '91532db8-3092-41f9-8f41-e6f0d218c8dc', '2019-06-09 23:45:05',3,0, '0' ) ;
insert into md_association ( id, componentid, creator, createtime, dr, endcardinality, startbeanid, endelementid, isactive, modifier, modifytime, name, startcardinality, startelementid, ts, type, versiontype, industry ) values (  '4ca006ac-aa1d-4bd1-a707-7ecc0587fbee', 'b9e67531-40b1-4a29-8749-38bf4fdc2855', null, null,0, '1', 'fcbcdbe2-c0e7-4d0d-ac3f-6cfeeb0b036a', '85efe9e1-3bc2-492e-a92a-f52d3acff25d', 'Y', null, null, 'commission_h_checkingproperty', '1', '42961667-a139-4b7f-8db7-3a624d10d8ce', '2019-06-09 23:45:05',3,0, '0' ) ;
insert into md_association ( id, componentid, creator, createtime, dr, endcardinality, startbeanid, endelementid, isactive, modifier, modifytime, name, startcardinality, startelementid, ts, type, versiontype, industry ) values (  '2e109833-4582-4c31-9572-82020faefd4e', 'b9e67531-40b1-4a29-8749-38bf4fdc2855', null, null,0, '1', 'fcbcdbe2-c0e7-4d0d-ac3f-6cfeeb0b036a', '85efe9e1-3bc2-492e-a92a-f52d3acff25d', 'Y', null, null, 'commission_h_identificationtype', '1', '97f3d243-651d-4233-81df-2366b1a79929', '2019-06-09 23:45:05',3,0, '0' ) ;
insert into md_association ( id, componentid, creator, createtime, dr, endcardinality, startbeanid, endelementid, isactive, modifier, modifytime, name, startcardinality, startelementid, ts, type, versiontype, industry ) values (  '21398a81-b1f8-479c-8bb7-6d78325b00b2', 'b9e67531-40b1-4a29-8749-38bf4fdc2855', null, null,0, '1', 'fcbcdbe2-c0e7-4d0d-ac3f-6cfeeb0b036a', '85efe9e1-3bc2-492e-a92a-f52d3acff25d', 'Y', null, null, 'commission_h_certificationtype', '1', 'd9166350-045d-4270-9aab-4b422f478b14', '2019-06-09 23:45:05',3,0, '0' ) ;
insert into md_association ( id, componentid, creator, createtime, dr, endcardinality, startbeanid, endelementid, isactive, modifier, modifytime, name, startcardinality, startelementid, ts, type, versiontype, industry ) values (  'f84a0373-d2fc-450b-bb2a-d869c457194f', 'b9e67531-40b1-4a29-8749-38bf4fdc2855', null, null,0, '1', '13e87994-f2fd-482e-8c93-5d3842ba20a5', '85efe9e1-3bc2-492e-a92a-f52d3acff25d', 'Y', null, null, 'commission_b_pk_productserial', '1', '9e243804-1b1b-47f8-92c8-60a2b6e9b7ec', '2019-06-09 23:45:05',3,0, '0' ) ;
insert into md_association ( id, componentid, creator, createtime, dr, endcardinality, startbeanid, endelementid, isactive, modifier, modifytime, name, startcardinality, startelementid, ts, type, versiontype, industry ) values (  '618a620f-7a2b-45a9-9893-c82d3532fe89', 'b9e67531-40b1-4a29-8749-38bf4fdc2855', null, null,0, '1', '13e87994-f2fd-482e-8c93-5d3842ba20a5', '85efe9e1-3bc2-492e-a92a-f52d3acff25d', 'Y', null, null, 'commission_b_pk_enterprisestandard', '1', '5cef77af-9d19-4d09-844e-9efde9166684', '2019-06-09 23:45:05',3,0, '0' ) ;
insert into md_association ( id, componentid, creator, createtime, dr, endcardinality, startbeanid, endelementid, isactive, modifier, modifytime, name, startcardinality, startelementid, ts, type, versiontype, industry ) values (  'ddedc77b-03ba-4035-9c1c-39a208f193aa', 'b9e67531-40b1-4a29-8749-38bf4fdc2855', null, null,0, '1', '13e87994-f2fd-482e-8c93-5d3842ba20a5', '85efe9e1-3bc2-492e-a92a-f52d3acff25d', 'Y', null, null, 'commission_b_pk_productspec', '1', 'e93cd13d-373a-4be4-b9b6-b5c0c64efbe8', '2019-06-09 23:45:05',3,0, '0' ) ;
insert into md_association ( id, componentid, creator, createtime, dr, endcardinality, startbeanid, endelementid, isactive, modifier, modifytime, name, startcardinality, startelementid, ts, type, versiontype, industry ) values (  '64d1eae9-2f86-4644-b872-1e38a4d5a196', 'b9e67531-40b1-4a29-8749-38bf4fdc2855', null, null,0, '1', '13e87994-f2fd-482e-8c93-5d3842ba20a5', '85efe9e1-3bc2-492e-a92a-f52d3acff25d', 'Y', null, null, 'commission_b_pk_structuretype', '1', '9059d6b8-5a0a-4b37-a768-a26e7234c144', '2019-06-09 23:45:05',3,0, '0' ) ;
insert into md_association ( id, componentid, creator, createtime, dr, endcardinality, startbeanid, endelementid, isactive, modifier, modifytime, name, startcardinality, startelementid, ts, type, versiontype, industry ) values (  'ec7e0857-e748-4e88-b077-0cc04c2bccfd', 'b9e67531-40b1-4a29-8749-38bf4fdc2855', null, null,0, '1', '13e87994-f2fd-482e-8c93-5d3842ba20a5', '85efe9e1-3bc2-492e-a92a-f52d3acff25d', 'Y', null, null, 'commission_b_pk_contactbrand', '1', 'fb190b05-d26c-4f39-9b17-357db6a0aefd', '2019-06-09 23:45:05',3,0, '0' ) ;
insert into md_association ( id, componentid, creator, createtime, dr, endcardinality, startbeanid, endelementid, isactive, modifier, modifytime, name, startcardinality, startelementid, ts, type, versiontype, industry ) values (  '18fa0cce-5d14-4bac-b926-8faa971ecf47', 'b9e67531-40b1-4a29-8749-38bf4fdc2855', null, null,0, '1', '13e87994-f2fd-482e-8c93-5d3842ba20a5', '85efe9e1-3bc2-492e-a92a-f52d3acff25d', 'Y', null, null, 'commission_b_pk_samplegroup', '1', '051c0b80-90de-4d7f-acb7-7a97470555dc', '2019-06-09 23:45:05',3,0, '0' ) ;
insert into md_association ( id, componentid, creator, createtime, dr, endcardinality, startbeanid, endelementid, isactive, modifier, modifytime, name, startcardinality, startelementid, ts, type, versiontype, industry ) values (  'd4ad5cac-c536-4e70-a5b1-1333ccd77afa', 'b9e67531-40b1-4a29-8749-38bf4fdc2855', null, null,0, '1', '15d35e3e-1230-45f2-9279-5412dc4077df', '85efe9e1-3bc2-492e-a92a-f52d3acff25d', 'Y', null, null, 'commission_r_pk_samplegroup', '1', '8df03dd9-284e-4490-beaf-9c65f7e4c30e', '2019-06-09 23:45:05',3,0, '0' ) ;
insert into md_association ( id, componentid, creator, createtime, dr, endcardinality, startbeanid, endelementid, isactive, modifier, modifytime, name, startcardinality, startelementid, ts, type, versiontype, industry ) values (  '1f323996-a701-48ec-bb2e-adcf8379d73c', 'b9e67531-40b1-4a29-8749-38bf4fdc2855', null, null,0, '1', '15d35e3e-1230-45f2-9279-5412dc4077df', '85efe9e1-3bc2-492e-a92a-f52d3acff25d', 'Y', null, null, 'commission_r_pk_component', '1', '63b6e2a8-f6db-42ac-bb36-bc4687481bca', '2019-06-09 23:45:05',3,0, '0' ) ;
insert into md_association ( id, componentid, creator, createtime, dr, endcardinality, startbeanid, endelementid, isactive, modifier, modifytime, name, startcardinality, startelementid, ts, type, versiontype, industry ) values (  'e618d72a-c221-4d6f-bfbf-997f93f06c16', 'b9e67531-40b1-4a29-8749-38bf4fdc2855', null, null,0, '1', '15d35e3e-1230-45f2-9279-5412dc4077df', '85efe9e1-3bc2-492e-a92a-f52d3acff25d', 'Y', null, null, 'commission_r_pk_valuetype', '1', 'a9ed3e74-24d2-4d2e-b69a-c6cfbeec4906', '2019-06-09 23:45:05',3,0, '0' ) ;
insert into md_association ( id, componentid, creator, createtime, dr, endcardinality, startbeanid, endelementid, isactive, modifier, modifytime, name, startcardinality, startelementid, ts, type, versiontype, industry ) values (  'a4ce88cb-91b0-4534-aa83-9fc0e1bd65c4', 'b9e67531-40b1-4a29-8749-38bf4fdc2855', null, null,0, '1', '81401002-4e72-4f06-ad4b-72e2b666e331', 'f6f9a473-56c0-432f-8bc7-fbf8fde54fee', 'Y', null, null, 'commission_c_modifier', '1', '038583bb-7e98-4d26-85ac-7b5ce766a55f', '2019-06-09 23:45:05',3,0, '0' ) ;
insert into md_table ( id, createtime, creator, databaseid, description, displayname, dr, help, isactive, fromsourcebmf, modifier, modifytime, name, ts, versiontype, resmodule, resid, parenttable, isextendtable, industry ) values (  'qc_commission_h', '2018-11-12 11:55:24', 'yonyouBQ', null, null, '委托单',0, null, null, 'Y', 'YONYOU NC', '2019-05-20 15:20:59', 'qc_commission_h', '2019-06-09 23:45:05',0, 'commission', null, null, null, '0' ) ;
insert into md_table ( id, createtime, creator, databaseid, description, displayname, dr, help, isactive, fromsourcebmf, modifier, modifytime, name, ts, versiontype, resmodule, resid, parenttable, isextendtable, industry ) values (  'qc_commission_b', '2018-11-12 14:26:03', 'yonyouBQ', null, null, '样品子表',0, null, null, 'Y', 'YONYOU NC', '2019-05-20 15:20:59', 'qc_commission_b', '2019-06-09 23:45:05',0, 'commission', null, null, null, '0' ) ;
insert into md_table ( id, createtime, creator, databaseid, description, displayname, dr, help, isactive, fromsourcebmf, modifier, modifytime, name, ts, versiontype, resmodule, resid, parenttable, isextendtable, industry ) values (  'qc_commission_r', '2018-11-12 15:39:31', 'yonyouBQ', null, null, '实验前参数',0, null, null, 'Y', 'YONYOU NC', '2019-05-20 15:20:59', 'qc_commission_r', '2019-06-09 23:45:05',0, 'commission', null, null, null, '0' ) ;
insert into md_table ( id, createtime, creator, databaseid, description, displayname, dr, help, isactive, fromsourcebmf, modifier, modifytime, name, ts, versiontype, resmodule, resid, parenttable, isextendtable, industry ) values (  'qc_commission_c', '2019-05-14 23:54:10', 'YONYOU NC', null, null, '变更记录',0, null, null, 'Y', 'YONYOU NC', '2019-05-20 15:20:59', 'qc_commission_c', '2019-06-09 23:45:05',0, 'commission', null, null, null, '0' ) ;
insert into md_column ( id, sqldatetype, createtime, creator, defaultvalue, description, displayname, dr, help, incrementseed, incrementstep, isactive, identitied, pkey, nullable, columnlength, modifier, modifytime, name, precise, columnsequence, tableid, ts, versiontype, resid, groupid, columntype, forlocale ) values (  'qc_commission_h@@PK@@', 'char', null, null, null, null, '主表主键',0, null,null,null, 'Y', null, 'Y', 'N',20, null, null, 'pk_commission_h',0,0, 'qc_commission_h', '2019-06-09 23:45:05',0, null, null,0, 'N' ) ;
insert into md_column ( id, sqldatetype, createtime, creator, defaultvalue, description, displayname, dr, help, incrementseed, incrementstep, isactive, identitied, pkey, nullable, columnlength, modifier, modifytime, name, precise, columnsequence, tableid, ts, versiontype, resid, groupid, columntype, forlocale ) values (  'qc_commission_h@@@creator', 'varchar', null, null, '*~', null, '创建人',0, null,null,null, 'Y', null, 'N', 'Y',20, null, null, 'creator',0,2, 'qc_commission_h', '2019-06-09 23:45:05',0, null, null,0, 'N' ) ;
insert into md_column ( id, sqldatetype, createtime, creator, defaultvalue, description, displayname, dr, help, incrementseed, incrementstep, isactive, identitied, pkey, nullable, columnlength, modifier, modifytime, name, precise, columnsequence, tableid, ts, versiontype, resid, groupid, columntype, forlocale ) values (  'qc_commission_h@@@creationtime', 'char', null, null, null, null, '创建时间',0, null,null,null, 'Y', null, 'N', 'Y',19, null, null, 'creationtime',0,3, 'qc_commission_h', '2019-06-09 23:45:05',0, null, null,0, 'N' ) ;
insert into md_column ( id, sqldatetype, createtime, creator, defaultvalue, description, displayname, dr, help, incrementseed, incrementstep, isactive, identitied, pkey, nullable, columnlength, modifier, modifytime, name, precise, columnsequence, tableid, ts, versiontype, resid, groupid, columntype, forlocale ) values (  'qc_commission_h@@@modifier', 'varchar', null, null, '*~', null, '修改人',0, null,null,null, 'Y', null, 'N', 'Y',20, null, null, 'modifier',0,4, 'qc_commission_h', '2019-06-09 23:45:05',0, null, null,0, 'N' ) ;
insert into md_column ( id, sqldatetype, createtime, creator, defaultvalue, description, displayname, dr, help, incrementseed, incrementstep, isactive, identitied, pkey, nullable, columnlength, modifier, modifytime, name, precise, columnsequence, tableid, ts, versiontype, resid, groupid, columntype, forlocale ) values (  'qc_commission_h@@@modifiedtime', 'char', null, null, null, null, '修改时间',0, null,null,null, 'Y', null, 'N', 'Y',19, null, null, 'modifiedtime',0,5, 'qc_commission_h', '2019-06-09 23:45:05',0, null, null,0, 'N' ) ;
insert into md_column ( id, sqldatetype, createtime, creator, defaultvalue, description, displayname, dr, help, incrementseed, incrementstep, isactive, identitied, pkey, nullable, columnlength, modifier, modifytime, name, precise, columnsequence, tableid, ts, versiontype, resid, groupid, columntype, forlocale ) values (  'qc_commission_h@@@lastmaketime', 'char', null, null, null, null, '最后修改时间',0, null,null,null, 'Y', null, 'N', 'Y',19, null, null, 'lastmaketime',0,6, 'qc_commission_h', '2019-06-09 23:45:05',0, null, null,0, 'N' ) ;
insert into md_column ( id, sqldatetype, createtime, creator, defaultvalue, description, displayname, dr, help, incrementseed, incrementstep, isactive, identitied, pkey, nullable, columnlength, modifier, modifytime, name, precise, columnsequence, tableid, ts, versiontype, resid, groupid, columntype, forlocale ) values (  'qc_commission_h@@@dmakedate', 'char', null, null, null, null, '制单日期',0, null,null,null, 'Y', null, 'N', 'Y',19, null, null, 'dmakedate',0,7, 'qc_commission_h', '2019-06-09 23:45:05',0, null, null,0, 'N' ) ;
insert into md_column ( id, sqldatetype, createtime, creator, defaultvalue, description, displayname, dr, help, incrementseed, incrementstep, isactive, identitied, pkey, nullable, columnlength, modifier, modifytime, name, precise, columnsequence, tableid, ts, versiontype, resid, groupid, columntype, forlocale ) values (  'qc_commission_h@@@pk_group', 'varchar', null, null, '*~', null, '集团',0, null,null,null, 'Y', null, 'N', 'Y',20, null, null, 'pk_group',0,8, 'qc_commission_h', '2019-06-09 23:45:05',0, null, null,0, 'N' ) ;
insert into md_column ( id, sqldatetype, createtime, creator, defaultvalue, description, displayname, dr, help, incrementseed, incrementstep, isactive, identitied, pkey, nullable, columnlength, modifier, modifytime, name, precise, columnsequence, tableid, ts, versiontype, resid, groupid, columntype, forlocale ) values (  'qc_commission_h@@@pk_org', 'varchar', null, null, '*~', null, '组织',0, null,null,null, 'Y', null, 'N', 'Y',20, null, null, 'pk_org',0,9, 'qc_commission_h', '2019-06-09 23:45:05',0, null, null,0, 'N' ) ;
insert into md_column ( id, sqldatetype, createtime, creator, defaultvalue, description, displayname, dr, help, incrementseed, incrementstep, isactive, identitied, pkey, nullable, columnlength, modifier, modifytime, name, precise, columnsequence, tableid, ts, versiontype, resid, groupid, columntype, forlocale ) values (  'qc_commission_h@@@pk_org_v', 'varchar', null, null, '*~', null, '组织版本',0, null,null,null, 'Y', null, 'N', 'Y',20, null, null, 'pk_org_v',0,10, 'qc_commission_h', '2019-06-09 23:45:05',0, null, null,0, 'N' ) ;
insert into md_column ( id, sqldatetype, createtime, creator, defaultvalue, description, displayname, dr, help, incrementseed, incrementstep, isactive, identitied, pkey, nullable, columnlength, modifier, modifytime, name, precise, columnsequence, tableid, ts, versiontype, resid, groupid, columntype, forlocale ) values (  'qc_commission_h@@@pk_commissiontype', 'varchar', null, null, '*~', null, '委托单类型',0, null,null,null, 'Y', null, 'N', 'Y',20, null, null, 'pk_commissiontype',0,11, 'qc_commission_h', '2019-06-09 23:45:05',0, null, null,0, 'N' ) ;
insert into md_column ( id, sqldatetype, createtime, creator, defaultvalue, description, displayname, dr, help, incrementseed, incrementstep, isactive, identitied, pkey, nullable, columnlength, modifier, modifytime, name, precise, columnsequence, tableid, ts, versiontype, resid, groupid, columntype, forlocale ) values (  'qc_commission_h@@@codeprefix', 'varchar', null, null, '*~', null, '委托单编码前缀',0, null,null,null, 'Y', null, 'N', 'Y',20, null, null, 'codeprefix',0,12, 'qc_commission_h', '2019-06-09 23:45:05',0, null, null,0, 'N' ) ;
insert into md_column ( id, sqldatetype, createtime, creator, defaultvalue, description, displayname, dr, help, incrementseed, incrementstep, isactive, identitied, pkey, nullable, columnlength, modifier, modifytime, name, precise, columnsequence, tableid, ts, versiontype, resid, groupid, columntype, forlocale ) values (  'qc_commission_h@@@billno', 'varchar', null, null, null, null, '委托单编码',0, null,null,null, 'Y', null, 'N', 'Y',50, null, null, 'billno',0,13, 'qc_commission_h', '2019-06-09 23:45:05',0, null, null,0, 'N' ) ;
insert into md_column ( id, sqldatetype, createtime, creator, defaultvalue, description, displayname, dr, help, incrementseed, incrementstep, isactive, identitied, pkey, nullable, columnlength, modifier, modifytime, name, precise, columnsequence, tableid, ts, versiontype, resid, groupid, columntype, forlocale ) values (  'qc_commission_h@@@billname', 'varchar', null, null, null, null, '委托单名称',0, null,null,null, 'Y', null, 'N', 'Y',50, null, null, 'billname',0,14, 'qc_commission_h', '2019-06-09 23:45:05',0, null, null,0, 'N' ) ;
insert into md_column ( id, sqldatetype, createtime, creator, defaultvalue, description, displayname, dr, help, incrementseed, incrementstep, isactive, identitied, pkey, nullable, columnlength, modifier, modifytime, name, precise, columnsequence, tableid, ts, versiontype, resid, groupid, columntype, forlocale ) values (  'qc_commission_h@@@pk_owner', 'varchar', null, null, '*~', null, '委托单位',0, null,null,null, 'Y', null, 'N', 'Y',20, null, null, 'pk_owner',0,15, 'qc_commission_h', '2019-06-09 23:45:05',0, null, null,0, 'N' ) ;
insert into md_column ( id, sqldatetype, createtime, creator, defaultvalue, description, displayname, dr, help, incrementseed, incrementstep, isactive, identitied, pkey, nullable, columnlength, modifier, modifytime, name, precise, columnsequence, tableid, ts, versiontype, resid, groupid, columntype, forlocale ) values (  'qc_commission_h@@@pk_dept', 'varchar', null, null, '*~', null, '部门',0, null,null,null, 'Y', null, 'N', 'Y',20, null, null, 'pk_dept',0,16, 'qc_commission_h', '2019-06-09 23:45:05',0, null, null,0, 'N' ) ;
insert into md_column ( id, sqldatetype, createtime, creator, defaultvalue, description, displayname, dr, help, incrementseed, incrementstep, isactive, identitied, pkey, nullable, columnlength, modifier, modifytime, name, precise, columnsequence, tableid, ts, versiontype, resid, groupid, columntype, forlocale ) values (  'qc_commission_h@@@pk_payer', 'varchar', null, null, '*~', null, '付费单位',0, null,null,null, 'Y', null, 'N', 'Y',20, null, null, 'pk_payer',0,17, 'qc_commission_h', '2019-06-09 23:45:05',0, null, null,0, 'N' ) ;
insert into md_column ( id, sqldatetype, createtime, creator, defaultvalue, description, displayname, dr, help, incrementseed, incrementstep, isactive, identitied, pkey, nullable, columnlength, modifier, modifytime, name, precise, columnsequence, tableid, ts, versiontype, resid, groupid, columntype, forlocale ) values (  'qc_commission_h@@@contract', 'varchar', null, null, null, null, '联系人',0, null,null,null, 'Y', null, 'N', 'Y',200, null, null, 'contract',0,18, 'qc_commission_h', '2019-06-09 23:45:05',0, null, null,0, 'N' ) ;
insert into md_column ( id, sqldatetype, createtime, creator, defaultvalue, description, displayname, dr, help, incrementseed, incrementstep, isactive, identitied, pkey, nullable, columnlength, modifier, modifytime, name, precise, columnsequence, tableid, ts, versiontype, resid, groupid, columntype, forlocale ) values (  'qc_commission_h@@@email', 'varchar', null, null, null, null, '电子邮件',0, null,null,null, 'Y', null, 'N', 'Y',200, null, null, 'email',0,19, 'qc_commission_h', '2019-06-09 23:45:05',0, null, null,0, 'N' ) ;
insert into md_column ( id, sqldatetype, createtime, creator, defaultvalue, description, displayname, dr, help, incrementseed, incrementstep, isactive, identitied, pkey, nullable, columnlength, modifier, modifytime, name, precise, columnsequence, tableid, ts, versiontype, resid, groupid, columntype, forlocale ) values (  'qc_commission_h@@@teleno', 'varchar', null, null, null, null, '联系电话',0, null,null,null, 'Y', null, 'N', 'Y',200, null, null, 'teleno',0,20, 'qc_commission_h', '2019-06-09 23:45:05',0, null, null,0, 'N' ) ;
insert into md_column ( id, sqldatetype, createtime, creator, defaultvalue, description, displayname, dr, help, incrementseed, incrementstep, isactive, identitied, pkey, nullable, columnlength, modifier, modifytime, name, precise, columnsequence, tableid, ts, versiontype, resid, groupid, columntype, forlocale ) values (  'qc_commission_h@@@pk_maincategory', 'varchar', null, null, '*~', null, '产品大类',0, null,null,null, 'Y', null, 'N', 'Y',20, null, null, 'pk_maincategory',0,21, 'qc_commission_h', '2019-06-09 23:45:05',0, null, null,0, 'N' ) ;
insert into md_column ( id, sqldatetype, createtime, creator, defaultvalue, description, displayname, dr, help, incrementseed, incrementstep, isactive, identitied, pkey, nullable, columnlength, modifier, modifytime, name, precise, columnsequence, tableid, ts, versiontype, resid, groupid, columntype, forlocale ) values (  'qc_commission_h@@@pk_subcategory', 'varchar', null, null, '*~', null, '二级分类',0, null,null,null, 'Y', null, 'N', 'Y',20, null, null, 'pk_subcategory',0,22, 'qc_commission_h', '2019-06-09 23:45:05',0, null, null,0, 'N' ) ;
insert into md_column ( id, sqldatetype, createtime, creator, defaultvalue, description, displayname, dr, help, incrementseed, incrementstep, isactive, identitied, pkey, nullable, columnlength, modifier, modifytime, name, precise, columnsequence, tableid, ts, versiontype, resid, groupid, columntype, forlocale ) values (  'qc_commission_h@@@pk_lastcategory', 'varchar', null, null, '*~', null, '三级分类',0, null,null,null, 'Y', null, 'N', 'Y',20, null, null, 'pk_lastcategory',0,23, 'qc_commission_h', '2019-06-09 23:45:05',0, null, null,0, 'N' ) ;
insert into md_column ( id, sqldatetype, createtime, creator, defaultvalue, description, displayname, dr, help, incrementseed, incrementstep, isactive, identitied, pkey, nullable, columnlength, modifier, modifytime, name, precise, columnsequence, tableid, ts, versiontype, resid, groupid, columntype, forlocale ) values (  'qc_commission_h@@@cuserid', 'varchar', null, null, '*~', null, '制单人',0, null,null,null, 'Y', null, 'N', 'Y',20, null, null, 'cuserid',0,24, 'qc_commission_h', '2019-06-09 23:45:05',0, null, null,0, 'N' ) ;
insert into md_column ( id, sqldatetype, createtime, creator, defaultvalue, description, displayname, dr, help, incrementseed, incrementstep, isactive, identitied, pkey, nullable, columnlength, modifier, modifytime, name, precise, columnsequence, tableid, ts, versiontype, resid, groupid, columntype, forlocale ) values (  'qc_commission_h@@@reportformat', 'varchar', null, null, '*~', null, '报告格式',0, null,null,null, 'Y', null, 'N', 'Y',20, null, null, 'reportformat',0,25, 'qc_commission_h', '2019-06-09 23:45:05',0, null, null,0, 'N' ) ;
insert into md_column ( id, sqldatetype, createtime, creator, defaultvalue, description, displayname, dr, help, incrementseed, incrementstep, isactive, identitied, pkey, nullable, columnlength, modifier, modifytime, name, precise, columnsequence, tableid, ts, versiontype, resid, groupid, columntype, forlocale ) values (  'qc_commission_h@@@reportlang', 'varchar', null, null, '*~', null, '报告语言',0, null,null,null, 'Y', null, 'N', 'Y',20, null, null, 'reportlang',0,26, 'qc_commission_h', '2019-06-09 23:45:05',0, null, null,0, 'N' ) ;
insert into md_column ( id, sqldatetype, createtime, creator, defaultvalue, description, displayname, dr, help, incrementseed, incrementstep, isactive, identitied, pkey, nullable, columnlength, modifier, modifytime, name, precise, columnsequence, tableid, ts, versiontype, resid, groupid, columntype, forlocale ) values (  'qc_commission_h@@@managersendflag', 'char', null, null, null, null, '主管审核发送邮件',0, null,null,null, 'Y', null, 'N', 'Y',1, null, null, 'managersendflag',0,27, 'qc_commission_h', '2019-06-09 23:45:05',0, null, null,0, 'N' ) ;
insert into md_column ( id, sqldatetype, createtime, creator, defaultvalue, description, displayname, dr, help, incrementseed, incrementstep, isactive, identitied, pkey, nullable, columnlength, modifier, modifytime, name, precise, columnsequence, tableid, ts, versiontype, resid, groupid, columntype, forlocale ) values (  'qc_commission_h@@@taskbeginsendflag', 'char', null, null, null, null, '任务开始发送邮件',0, null,null,null, 'Y', null, 'N', 'Y',1, null, null, 'taskbeginsendflag',0,28, 'qc_commission_h', '2019-06-09 23:45:05',0, null, null,0, 'N' ) ;
insert into md_column ( id, sqldatetype, createtime, creator, defaultvalue, description, displayname, dr, help, incrementseed, incrementstep, isactive, identitied, pkey, nullable, columnlength, modifier, modifytime, name, precise, columnsequence, tableid, ts, versiontype, resid, groupid, columntype, forlocale ) values (  'qc_commission_h@@@taskendsendflag', 'char', null, null, null, null, '任务结束发送邮件',0, null,null,null, 'Y', null, 'N', 'Y',1, null, null, 'taskendsendflag',0,29, 'qc_commission_h', '2019-06-09 23:45:05',0, null, null,0, 'N' ) ;
insert into md_column ( id, sqldatetype, createtime, creator, defaultvalue, description, displayname, dr, help, incrementseed, incrementstep, isactive, identitied, pkey, nullable, columnlength, modifier, modifytime, name, precise, columnsequence, tableid, ts, versiontype, resid, groupid, columntype, forlocale ) values (  'qc_commission_h@@@reportsendflag', 'char', null, null, null, null, '报告签发发送邮件',0, null,null,null, 'Y', null, 'N', 'Y',1, null, null, 'reportsendflag',0,30, 'qc_commission_h', '2019-06-09 23:45:05',0, null, null,0, 'N' ) ;
insert into md_column ( id, sqldatetype, createtime, creator, defaultvalue, description, displayname, dr, help, incrementseed, incrementstep, isactive, identitied, pkey, nullable, columnlength, modifier, modifytime, name, precise, columnsequence, tableid, ts, versiontype, resid, groupid, columntype, forlocale ) values (  'qc_commission_h@@@savetotemplateflag', 'char', null, null, null, null, '是否保存为模板',0, null,null,null, 'Y', null, 'N', 'Y',1, null, null, 'savetotemplateflag',0,31, 'qc_commission_h', '2019-06-09 23:45:05',0, null, null,0, 'N' ) ;
insert into md_column ( id, sqldatetype, createtime, creator, defaultvalue, description, displayname, dr, help, incrementseed, incrementstep, isactive, identitied, pkey, nullable, columnlength, modifier, modifytime, name, precise, columnsequence, tableid, ts, versiontype, resid, groupid, columntype, forlocale ) values (  'qc_commission_h@@@receiptsendflag', 'char', null, null, null, null, '计费单邮件提醒',0, null,null,null, 'Y', null, 'N', 'Y',1, null, null, 'receiptsendflag',0,32, 'qc_commission_h', '2019-06-09 23:45:05',0, null, null,0, 'N' ) ;
insert into md_column ( id, sqldatetype, createtime, creator, defaultvalue, description, displayname, dr, help, incrementseed, incrementstep, isactive, identitied, pkey, nullable, columnlength, modifier, modifytime, name, precise, columnsequence, tableid, ts, versiontype, resid, groupid, columntype, forlocale ) values (  'qc_commission_h@@@quotaionsendflag', 'char', null, null, null, null, '报价单邮件提醒',0, null,null,null, 'Y', null, 'N', 'Y',1, null, null, 'quotaionsendflag',0,33, 'qc_commission_h', '2019-06-09 23:45:05',0, null, null,0, 'N' ) ;
insert into md_column ( id, sqldatetype, createtime, creator, defaultvalue, description, displayname, dr, help, incrementseed, incrementstep, isactive, identitied, pkey, nullable, columnlength, modifier, modifytime, name, precise, columnsequence, tableid, ts, versiontype, resid, groupid, columntype, forlocale ) values (  'qc_commission_h@@@testaim', 'varchar', null, null, null, null, '测试目的',0, null,null,null, 'Y', null, 'N', 'Y',200, null, null, 'testaim',0,34, 'qc_commission_h', '2019-06-09 23:45:05',0, null, null,0, 'N' ) ;
insert into md_column ( id, sqldatetype, createtime, creator, defaultvalue, description, displayname, dr, help, incrementseed, incrementstep, isactive, identitied, pkey, nullable, columnlength, modifier, modifytime, name, precise, columnsequence, tableid, ts, versiontype, resid, groupid, columntype, forlocale ) values (  'qc_commission_h@@@progressneed', 'varchar', null, null, null, null, '进度要求',0, null,null,null, 'Y', null, 'N', 'Y',200, null, null, 'progressneed',0,35, 'qc_commission_h', '2019-06-09 23:45:05',0, null, null,0, 'N' ) ;
insert into md_column ( id, sqldatetype, createtime, creator, defaultvalue, description, displayname, dr, help, incrementseed, incrementstep, isactive, identitied, pkey, nullable, columnlength, modifier, modifytime, name, precise, columnsequence, tableid, ts, versiontype, resid, groupid, columntype, forlocale ) values (  'qc_commission_h@@@sampledealtype', 'varchar', null, null, '*~', null, '检后样品处理',0, null,null,null, 'Y', null, 'N', 'Y',20, null, null, 'sampledealtype',0,36, 'qc_commission_h', '2019-06-09 23:45:05',0, null, null,0, 'N' ) ;
insert into md_column ( id, sqldatetype, createtime, creator, defaultvalue, description, displayname, dr, help, incrementseed, incrementstep, isactive, identitied, pkey, nullable, columnlength, modifier, modifytime, name, precise, columnsequence, tableid, ts, versiontype, resid, groupid, columntype, forlocale ) values (  'qc_commission_h@@@productproperty', 'varchar', null, null, '*~', null, '产品属性',0, null,null,null, 'Y', null, 'N', 'Y',20, null, null, 'productproperty',0,37, 'qc_commission_h', '2019-06-09 23:45:05',0, null, null,0, 'N' ) ;
insert into md_column ( id, sqldatetype, createtime, creator, defaultvalue, description, displayname, dr, help, incrementseed, incrementstep, isactive, identitied, pkey, nullable, columnlength, modifier, modifytime, name, precise, columnsequence, tableid, ts, versiontype, resid, groupid, columntype, forlocale ) values (  'qc_commission_h@@@customername', 'varchar', null, null, null, null, '客户名称',0, null,null,null, 'Y', null, 'N', 'Y',200, null, null, 'customername',0,38, 'qc_commission_h', '2019-06-09 23:45:05',0, null, null,0, 'N' ) ;
insert into md_column ( id, sqldatetype, createtime, creator, defaultvalue, description, displayname, dr, help, incrementseed, incrementstep, isactive, identitied, pkey, nullable, columnlength, modifier, modifytime, name, precise, columnsequence, tableid, ts, versiontype, resid, groupid, columntype, forlocale ) values (  'qc_commission_h@@@customertype', 'varchar', null, null, '*~', null, '客户类型',0, null,null,null, 'Y', null, 'N', 'Y',20, null, null, 'customertype',0,39, 'qc_commission_h', '2019-06-09 23:45:05',0, null, null,0, 'N' ) ;
insert into md_column ( id, sqldatetype, createtime, creator, defaultvalue, description, displayname, dr, help, incrementseed, incrementstep, isactive, identitied, pkey, nullable, columnlength, modifier, modifytime, name, precise, columnsequence, tableid, ts, versiontype, resid, groupid, columntype, forlocale ) values (  'qc_commission_h@@@testrequirement', 'varchar', null, null, '*~', null, '测试需求',0, null,null,null, 'Y', null, 'N', 'Y',20, null, null, 'testrequirement',0,40, 'qc_commission_h', '2019-06-09 23:45:05',0, null, null,0, 'N' ) ;
insert into md_column ( id, sqldatetype, createtime, creator, defaultvalue, description, displayname, dr, help, incrementseed, incrementstep, isactive, identitied, pkey, nullable, columnlength, modifier, modifytime, name, precise, columnsequence, tableid, ts, versiontype, resid, groupid, columntype, forlocale ) values (  'qc_commission_h@@@checkingproperty', 'varchar', null, null, '*~', null, '检测性质',0, null,null,null, 'Y', null, 'N', 'Y',20, null, null, 'checkingproperty',0,41, 'qc_commission_h', '2019-06-09 23:45:05',0, null, null,0, 'N' ) ;
insert into md_column ( id, sqldatetype, createtime, creator, defaultvalue, description, displayname, dr, help, incrementseed, incrementstep, isactive, identitied, pkey, nullable, columnlength, modifier, modifytime, name, precise, columnsequence, tableid, ts, versiontype, resid, groupid, columntype, forlocale ) values (  'qc_commission_h@@@productline', 'varchar', null, null, null, null, '生产产线',0, null,null,null, 'Y', null, 'N', 'Y',200, null, null, 'productline',0,42, 'qc_commission_h', '2019-06-09 23:45:05',0, null, null,0, 'N' ) ;
insert into md_column ( id, sqldatetype, createtime, creator, defaultvalue, description, displayname, dr, help, incrementseed, incrementstep, isactive, identitied, pkey, nullable, columnlength, modifier, modifytime, name, precise, columnsequence, tableid, ts, versiontype, resid, groupid, columntype, forlocale ) values (  'qc_commission_h@@@batchnumber', 'varchar', null, null, null, null, '生产批量',0, null,null,null, 'Y', null, 'N', 'Y',200, null, null, 'batchnumber',0,43, 'qc_commission_h', '2019-06-09 23:45:05',0, null, null,0, 'N' ) ;
insert into md_column ( id, sqldatetype, createtime, creator, defaultvalue, description, displayname, dr, help, incrementseed, incrementstep, isactive, identitied, pkey, nullable, columnlength, modifier, modifytime, name, precise, columnsequence, tableid, ts, versiontype, resid, groupid, columntype, forlocale ) values (  'qc_commission_h@@@productdate', 'char', null, null, null, null, '生产日期',0, null,null,null, 'Y', null, 'N', 'Y',10, null, null, 'productdate',0,44, 'qc_commission_h', '2019-06-09 23:45:05',0, null, null,0, 'N' ) ;
insert into md_column ( id, sqldatetype, createtime, creator, defaultvalue, description, displayname, dr, help, incrementseed, incrementstep, isactive, identitied, pkey, nullable, columnlength, modifier, modifytime, name, precise, columnsequence, tableid, ts, versiontype, resid, groupid, columntype, forlocale ) values (  'qc_commission_h@@@batchserial', 'varchar', null, null, null, null, '生产批号',0, null,null,null, 'Y', null, 'N', 'Y',200, null, null, 'batchserial',0,45, 'qc_commission_h', '2019-06-09 23:45:05',0, null, null,0, 'N' ) ;
insert into md_column ( id, sqldatetype, createtime, creator, defaultvalue, description, displayname, dr, help, incrementseed, incrementstep, isactive, identitied, pkey, nullable, columnlength, modifier, modifytime, name, precise, columnsequence, tableid, ts, versiontype, resid, groupid, columntype, forlocale ) values (  'qc_commission_h@@@identificationtype', 'varchar', null, null, '*~', null, '产品鉴定类型',0, null,null,null, 'Y', null, 'N', 'Y',20, null, null, 'identificationtype',0,46, 'qc_commission_h', '2019-06-09 23:45:05',0, null, null,0, 'N' ) ;
insert into md_column ( id, sqldatetype, createtime, creator, defaultvalue, description, displayname, dr, help, incrementseed, incrementstep, isactive, identitied, pkey, nullable, columnlength, modifier, modifytime, name, precise, columnsequence, tableid, ts, versiontype, resid, groupid, columntype, forlocale ) values (  'qc_commission_h@@@certificationtype', 'varchar', null, null, '*~', null, '认证类型',0, null,null,null, 'Y', null, 'N', 'Y',20, null, null, 'certificationtype',0,47, 'qc_commission_h', '2019-06-09 23:45:05',0, null, null,0, 'N' ) ;
insert into md_column ( id, sqldatetype, createtime, creator, defaultvalue, description, displayname, dr, help, incrementseed, incrementstep, isactive, identitied, pkey, nullable, columnlength, modifier, modifytime, name, precise, columnsequence, tableid, ts, versiontype, resid, groupid, columntype, forlocale ) values (  'qc_commission_h@@@itemnumber', 'varchar', null, null, null, null, '项目号',0, null,null,null, 'Y', null, 'N', 'Y',200, null, null, 'itemnumber',0,48, 'qc_commission_h', '2019-06-09 23:45:05',0, null, null,0, 'N' ) ;
insert into md_column ( id, sqldatetype, createtime, creator, defaultvalue, description, displayname, dr, help, incrementseed, incrementstep, isactive, identitied, pkey, nullable, columnlength, modifier, modifytime, name, precise, columnsequence, tableid, ts, versiontype, resid, groupid, columntype, forlocale ) values (  'qc_commission_h@@@def1', 'varchar', null, null, null, null, '自定义项1',0, null,null,null, 'Y', null, 'N', 'Y',100, null, null, 'def1',0,49, 'qc_commission_h', '2019-06-09 23:45:05',0, null, null,0, 'N' ) ;
insert into md_column ( id, sqldatetype, createtime, creator, defaultvalue, description, displayname, dr, help, incrementseed, incrementstep, isactive, identitied, pkey, nullable, columnlength, modifier, modifytime, name, precise, columnsequence, tableid, ts, versiontype, resid, groupid, columntype, forlocale ) values (  'qc_commission_h@@@def2', 'varchar', null, null, null, null, '自定义项2',0, null,null,null, 'Y', null, 'N', 'Y',100, null, null, 'def2',0,50, 'qc_commission_h', '2019-06-09 23:45:05',0, null, null,0, 'N' ) ;
insert into md_column ( id, sqldatetype, createtime, creator, defaultvalue, description, displayname, dr, help, incrementseed, incrementstep, isactive, identitied, pkey, nullable, columnlength, modifier, modifytime, name, precise, columnsequence, tableid, ts, versiontype, resid, groupid, columntype, forlocale ) values (  'qc_commission_h@@@def3', 'varchar', null, null, null, null, '自定义项3',0, null,null,null, 'Y', null, 'N', 'Y',100, null, null, 'def3',0,51, 'qc_commission_h', '2019-06-09 23:45:05',0, null, null,0, 'N' ) ;
insert into md_column ( id, sqldatetype, createtime, creator, defaultvalue, description, displayname, dr, help, incrementseed, incrementstep, isactive, identitied, pkey, nullable, columnlength, modifier, modifytime, name, precise, columnsequence, tableid, ts, versiontype, resid, groupid, columntype, forlocale ) values (  'qc_commission_h@@@def4', 'varchar', null, null, null, null, '自定义项4',0, null,null,null, 'Y', null, 'N', 'Y',100, null, null, 'def4',0,52, 'qc_commission_h', '2019-06-09 23:45:05',0, null, null,0, 'N' ) ;
insert into md_column ( id, sqldatetype, createtime, creator, defaultvalue, description, displayname, dr, help, incrementseed, incrementstep, isactive, identitied, pkey, nullable, columnlength, modifier, modifytime, name, precise, columnsequence, tableid, ts, versiontype, resid, groupid, columntype, forlocale ) values (  'qc_commission_h@@@def5', 'varchar', null, null, null, null, '自定义项5',0, null,null,null, 'Y', null, 'N', 'Y',100, null, null, 'def5',0,53, 'qc_commission_h', '2019-06-09 23:45:05',0, null, null,0, 'N' ) ;
insert into md_column ( id, sqldatetype, createtime, creator, defaultvalue, description, displayname, dr, help, incrementseed, incrementstep, isactive, identitied, pkey, nullable, columnlength, modifier, modifytime, name, precise, columnsequence, tableid, ts, versiontype, resid, groupid, columntype, forlocale ) values (  'qc_commission_h@@@def6', 'varchar', null, null, null, null, '自定义项6',0, null,null,null, 'Y', null, 'N', 'Y',100, null, null, 'def6',0,54, 'qc_commission_h', '2019-06-09 23:45:05',0, null, null,0, 'N' ) ;
insert into md_column ( id, sqldatetype, createtime, creator, defaultvalue, description, displayname, dr, help, incrementseed, incrementstep, isactive, identitied, pkey, nullable, columnlength, modifier, modifytime, name, precise, columnsequence, tableid, ts, versiontype, resid, groupid, columntype, forlocale ) values (  'qc_commission_h@@@def7', 'varchar', null, null, null, null, '自定义项7',0, null,null,null, 'Y', null, 'N', 'Y',100, null, null, 'def7',0,55, 'qc_commission_h', '2019-06-09 23:45:05',0, null, null,0, 'N' ) ;
insert into md_column ( id, sqldatetype, createtime, creator, defaultvalue, description, displayname, dr, help, incrementseed, incrementstep, isactive, identitied, pkey, nullable, columnlength, modifier, modifytime, name, precise, columnsequence, tableid, ts, versiontype, resid, groupid, columntype, forlocale ) values (  'qc_commission_h@@@def8', 'varchar', null, null, null, null, '自定义项8',0, null,null,null, 'Y', null, 'N', 'Y',100, null, null, 'def8',0,56, 'qc_commission_h', '2019-06-09 23:45:05',0, null, null,0, 'N' ) ;
insert into md_column ( id, sqldatetype, createtime, creator, defaultvalue, description, displayname, dr, help, incrementseed, incrementstep, isactive, identitied, pkey, nullable, columnlength, modifier, modifytime, name, precise, columnsequence, tableid, ts, versiontype, resid, groupid, columntype, forlocale ) values (  'qc_commission_h@@@def9', 'varchar', null, null, null, null, '自定义项9',0, null,null,null, 'Y', null, 'N', 'Y',100, null, null, 'def9',0,57, 'qc_commission_h', '2019-06-09 23:45:05',0, null, null,0, 'N' ) ;
insert into md_column ( id, sqldatetype, createtime, creator, defaultvalue, description, displayname, dr, help, incrementseed, incrementstep, isactive, identitied, pkey, nullable, columnlength, modifier, modifytime, name, precise, columnsequence, tableid, ts, versiontype, resid, groupid, columntype, forlocale ) values (  'qc_commission_h@@@def10', 'varchar', null, null, null, null, '自定义项10',0, null,null,null, 'Y', null, 'N', 'Y',100, null, null, 'def10',0,58, 'qc_commission_h', '2019-06-09 23:45:05',0, null, null,0, 'N' ) ;
insert into md_column ( id, sqldatetype, createtime, creator, defaultvalue, description, displayname, dr, help, incrementseed, incrementstep, isactive, identitied, pkey, nullable, columnlength, modifier, modifytime, name, precise, columnsequence, tableid, ts, versiontype, resid, groupid, columntype, forlocale ) values (  'qc_commission_h@@@def11', 'varchar', null, null, null, null, '自定义项11',0, null,null,null, 'Y', null, 'N', 'Y',100, null, null, 'def11',0,59, 'qc_commission_h', '2019-06-09 23:45:05',0, null, null,0, 'N' ) ;
insert into md_column ( id, sqldatetype, createtime, creator, defaultvalue, description, displayname, dr, help, incrementseed, incrementstep, isactive, identitied, pkey, nullable, columnlength, modifier, modifytime, name, precise, columnsequence, tableid, ts, versiontype, resid, groupid, columntype, forlocale ) values (  'qc_commission_h@@@def12', 'varchar', null, null, null, null, '自定义项12',0, null,null,null, 'Y', null, 'N', 'Y',100, null, null, 'def12',0,60, 'qc_commission_h', '2019-06-09 23:45:05',0, null, null,0, 'N' ) ;
insert into md_column ( id, sqldatetype, createtime, creator, defaultvalue, description, displayname, dr, help, incrementseed, incrementstep, isactive, identitied, pkey, nullable, columnlength, modifier, modifytime, name, precise, columnsequence, tableid, ts, versiontype, resid, groupid, columntype, forlocale ) values (  'qc_commission_h@@@def13', 'varchar', null, null, null, null, '自定义项13',0, null,null,null, 'Y', null, 'N', 'Y',100, null, null, 'def13',0,61, 'qc_commission_h', '2019-06-09 23:45:05',0, null, null,0, 'N' ) ;
insert into md_column ( id, sqldatetype, createtime, creator, defaultvalue, description, displayname, dr, help, incrementseed, incrementstep, isactive, identitied, pkey, nullable, columnlength, modifier, modifytime, name, precise, columnsequence, tableid, ts, versiontype, resid, groupid, columntype, forlocale ) values (  'qc_commission_h@@@def14', 'varchar', null, null, null, null, '自定义项14',0, null,null,null, 'Y', null, 'N', 'Y',100, null, null, 'def14',0,62, 'qc_commission_h', '2019-06-09 23:45:05',0, null, null,0, 'N' ) ;
insert into md_column ( id, sqldatetype, createtime, creator, defaultvalue, description, displayname, dr, help, incrementseed, incrementstep, isactive, identitied, pkey, nullable, columnlength, modifier, modifytime, name, precise, columnsequence, tableid, ts, versiontype, resid, groupid, columntype, forlocale ) values (  'qc_commission_h@@@def15', 'varchar', null, null, null, null, '自定义项15',0, null,null,null, 'Y', null, 'N', 'Y',100, null, null, 'def15',0,63, 'qc_commission_h', '2019-06-09 23:45:05',0, null, null,0, 'N' ) ;
insert into md_column ( id, sqldatetype, createtime, creator, defaultvalue, description, displayname, dr, help, incrementseed, incrementstep, isactive, identitied, pkey, nullable, columnlength, modifier, modifytime, name, precise, columnsequence, tableid, ts, versiontype, resid, groupid, columntype, forlocale ) values (  'qc_commission_h@@@def16', 'varchar', null, null, null, null, '自定义项16',0, null,null,null, 'Y', null, 'N', 'Y',100, null, null, 'def16',0,64, 'qc_commission_h', '2019-06-09 23:45:05',0, null, null,0, 'N' ) ;
insert into md_column ( id, sqldatetype, createtime, creator, defaultvalue, description, displayname, dr, help, incrementseed, incrementstep, isactive, identitied, pkey, nullable, columnlength, modifier, modifytime, name, precise, columnsequence, tableid, ts, versiontype, resid, groupid, columntype, forlocale ) values (  'qc_commission_h@@@def17', 'varchar', null, null, null, null, '自定义项17',0, null,null,null, 'Y', null, 'N', 'Y',100, null, null, 'def17',0,65, 'qc_commission_h', '2019-06-09 23:45:05',0, null, null,0, 'N' ) ;
insert into md_column ( id, sqldatetype, createtime, creator, defaultvalue, description, displayname, dr, help, incrementseed, incrementstep, isactive, identitied, pkey, nullable, columnlength, modifier, modifytime, name, precise, columnsequence, tableid, ts, versiontype, resid, groupid, columntype, forlocale ) values (  'qc_commission_h@@@def18', 'varchar', null, null, null, null, '自定义项18',0, null,null,null, 'Y', null, 'N', 'Y',100, null, null, 'def18',0,66, 'qc_commission_h', '2019-06-09 23:45:05',0, null, null,0, 'N' ) ;
insert into md_column ( id, sqldatetype, createtime, creator, defaultvalue, description, displayname, dr, help, incrementseed, incrementstep, isactive, identitied, pkey, nullable, columnlength, modifier, modifytime, name, precise, columnsequence, tableid, ts, versiontype, resid, groupid, columntype, forlocale ) values (  'qc_commission_h@@@def19', 'varchar', null, null, null, null, '自定义项19',0, null,null,null, 'Y', null, 'N', 'Y',100, null, null, 'def19',0,67, 'qc_commission_h', '2019-06-09 23:45:05',0, null, null,0, 'N' ) ;
insert into md_column ( id, sqldatetype, createtime, creator, defaultvalue, description, displayname, dr, help, incrementseed, incrementstep, isactive, identitied, pkey, nullable, columnlength, modifier, modifytime, name, precise, columnsequence, tableid, ts, versiontype, resid, groupid, columntype, forlocale ) values (  'qc_commission_h@@@def20', 'varchar', null, null, null, null, '自定义项20',0, null,null,null, 'Y', null, 'N', 'Y',100, null, null, 'def20',0,68, 'qc_commission_h', '2019-06-09 23:45:05',0, null, null,0, 'N' ) ;
insert into md_column ( id, sqldatetype, createtime, creator, defaultvalue, description, displayname, dr, help, incrementseed, incrementstep, isactive, identitied, pkey, nullable, columnlength, modifier, modifytime, name, precise, columnsequence, tableid, ts, versiontype, resid, groupid, columntype, forlocale ) values (  'qc_commission_h@@@def21', 'varchar', null, null, null, null, '自定义项21',0, null,null,null, 'Y', null, 'N', 'Y',100, null, null, 'def21',0,69, 'qc_commission_h', '2019-06-09 23:45:05',0, null, null,0, 'N' ) ;
insert into md_column ( id, sqldatetype, createtime, creator, defaultvalue, description, displayname, dr, help, incrementseed, incrementstep, isactive, identitied, pkey, nullable, columnlength, modifier, modifytime, name, precise, columnsequence, tableid, ts, versiontype, resid, groupid, columntype, forlocale ) values (  'qc_commission_h@@@def22', 'varchar', null, null, null, null, '自定义项22',0, null,null,null, 'Y', null, 'N', 'Y',100, null, null, 'def22',0,70, 'qc_commission_h', '2019-06-09 23:45:05',0, null, null,0, 'N' ) ;
insert into md_column ( id, sqldatetype, createtime, creator, defaultvalue, description, displayname, dr, help, incrementseed, incrementstep, isactive, identitied, pkey, nullable, columnlength, modifier, modifytime, name, precise, columnsequence, tableid, ts, versiontype, resid, groupid, columntype, forlocale ) values (  'qc_commission_h@@@def23', 'varchar', null, null, null, null, '自定义项23',0, null,null,null, 'Y', null, 'N', 'Y',100, null, null, 'def23',0,71, 'qc_commission_h', '2019-06-09 23:45:05',0, null, null,0, 'N' ) ;
insert into md_column ( id, sqldatetype, createtime, creator, defaultvalue, description, displayname, dr, help, incrementseed, incrementstep, isactive, identitied, pkey, nullable, columnlength, modifier, modifytime, name, precise, columnsequence, tableid, ts, versiontype, resid, groupid, columntype, forlocale ) values (  'qc_commission_h@@@def24', 'varchar', null, null, null, null, '自定义项24',0, null,null,null, 'Y', null, 'N', 'Y',100, null, null, 'def24',0,72, 'qc_commission_h', '2019-06-09 23:45:05',0, null, null,0, 'N' ) ;
insert into md_column ( id, sqldatetype, createtime, creator, defaultvalue, description, displayname, dr, help, incrementseed, incrementstep, isactive, identitied, pkey, nullable, columnlength, modifier, modifytime, name, precise, columnsequence, tableid, ts, versiontype, resid, groupid, columntype, forlocale ) values (  'qc_commission_h@@@def25', 'varchar', null, null, null, null, '自定义项25',0, null,null,null, 'Y', null, 'N', 'Y',100, null, null, 'def25',0,73, 'qc_commission_h', '2019-06-09 23:45:05',0, null, null,0, 'N' ) ;
insert into md_column ( id, sqldatetype, createtime, creator, defaultvalue, description, displayname, dr, help, incrementseed, incrementstep, isactive, identitied, pkey, nullable, columnlength, modifier, modifytime, name, precise, columnsequence, tableid, ts, versiontype, resid, groupid, columntype, forlocale ) values (  'qc_commission_h@@@def26', 'varchar', null, null, null, null, '自定义项26',0, null,null,null, 'Y', null, 'N', 'Y',100, null, null, 'def26',0,74, 'qc_commission_h', '2019-06-09 23:45:05',0, null, null,0, 'N' ) ;
insert into md_column ( id, sqldatetype, createtime, creator, defaultvalue, description, displayname, dr, help, incrementseed, incrementstep, isactive, identitied, pkey, nullable, columnlength, modifier, modifytime, name, precise, columnsequence, tableid, ts, versiontype, resid, groupid, columntype, forlocale ) values (  'qc_commission_h@@@def27', 'varchar', null, null, null, null, '自定义项27',0, null,null,null, 'Y', null, 'N', 'Y',100, null, null, 'def27',0,75, 'qc_commission_h', '2019-06-09 23:45:05',0, null, null,0, 'N' ) ;
insert into md_column ( id, sqldatetype, createtime, creator, defaultvalue, description, displayname, dr, help, incrementseed, incrementstep, isactive, identitied, pkey, nullable, columnlength, modifier, modifytime, name, precise, columnsequence, tableid, ts, versiontype, resid, groupid, columntype, forlocale ) values (  'qc_commission_h@@@def28', 'varchar', null, null, null, null, '自定义项28',0, null,null,null, 'Y', null, 'N', 'Y',100, null, null, 'def28',0,76, 'qc_commission_h', '2019-06-09 23:45:05',0, null, null,0, 'N' ) ;
insert into md_column ( id, sqldatetype, createtime, creator, defaultvalue, description, displayname, dr, help, incrementseed, incrementstep, isactive, identitied, pkey, nullable, columnlength, modifier, modifytime, name, precise, columnsequence, tableid, ts, versiontype, resid, groupid, columntype, forlocale ) values (  'qc_commission_h@@@def29', 'varchar', null, null, null, null, '自定义项29',0, null,null,null, 'Y', null, 'N', 'Y',100, null, null, 'def29',0,77, 'qc_commission_h', '2019-06-09 23:45:05',0, null, null,0, 'N' ) ;
insert into md_column ( id, sqldatetype, createtime, creator, defaultvalue, description, displayname, dr, help, incrementseed, incrementstep, isactive, identitied, pkey, nullable, columnlength, modifier, modifytime, name, precise, columnsequence, tableid, ts, versiontype, resid, groupid, columntype, forlocale ) values (  'qc_commission_h@@@def30', 'varchar', null, null, null, null, '自定义项30',0, null,null,null, 'Y', null, 'N', 'Y',100, null, null, 'def30',0,78, 'qc_commission_h', '2019-06-09 23:45:05',0, null, null,0, 'N' ) ;
insert into md_column ( id, sqldatetype, createtime, creator, defaultvalue, description, displayname, dr, help, incrementseed, incrementstep, isactive, identitied, pkey, nullable, columnlength, modifier, modifytime, name, precise, columnsequence, tableid, ts, versiontype, resid, groupid, columntype, forlocale ) values (  'qc_commission_h@@@def31', 'varchar', null, null, null, null, '自定义项31',0, null,null,null, 'Y', null, 'N', 'Y',100, null, null, 'def31',0,79, 'qc_commission_h', '2019-06-09 23:45:05',0, null, null,0, 'N' ) ;
insert into md_column ( id, sqldatetype, createtime, creator, defaultvalue, description, displayname, dr, help, incrementseed, incrementstep, isactive, identitied, pkey, nullable, columnlength, modifier, modifytime, name, precise, columnsequence, tableid, ts, versiontype, resid, groupid, columntype, forlocale ) values (  'qc_commission_h@@@def32', 'varchar', null, null, null, null, '自定义项32',0, null,null,null, 'Y', null, 'N', 'Y',100, null, null, 'def32',0,80, 'qc_commission_h', '2019-06-09 23:45:05',0, null, null,0, 'N' ) ;
insert into md_column ( id, sqldatetype, createtime, creator, defaultvalue, description, displayname, dr, help, incrementseed, incrementstep, isactive, identitied, pkey, nullable, columnlength, modifier, modifytime, name, precise, columnsequence, tableid, ts, versiontype, resid, groupid, columntype, forlocale ) values (  'qc_commission_h@@@def33', 'varchar', null, null, null, null, '自定义项33',0, null,null,null, 'Y', null, 'N', 'Y',100, null, null, 'def33',0,81, 'qc_commission_h', '2019-06-09 23:45:05',0, null, null,0, 'N' ) ;
insert into md_column ( id, sqldatetype, createtime, creator, defaultvalue, description, displayname, dr, help, incrementseed, incrementstep, isactive, identitied, pkey, nullable, columnlength, modifier, modifytime, name, precise, columnsequence, tableid, ts, versiontype, resid, groupid, columntype, forlocale ) values (  'qc_commission_h@@@def34', 'varchar', null, null, null, null, '自定义项34',0, null,null,null, 'Y', null, 'N', 'Y',100, null, null, 'def34',0,82, 'qc_commission_h', '2019-06-09 23:45:05',0, null, null,0, 'N' ) ;
insert into md_column ( id, sqldatetype, createtime, creator, defaultvalue, description, displayname, dr, help, incrementseed, incrementstep, isactive, identitied, pkey, nullable, columnlength, modifier, modifytime, name, precise, columnsequence, tableid, ts, versiontype, resid, groupid, columntype, forlocale ) values (  'qc_commission_h@@@def35', 'varchar', null, null, null, null, '自定义项35',0, null,null,null, 'Y', null, 'N', 'Y',100, null, null, 'def35',0,83, 'qc_commission_h', '2019-06-09 23:45:05',0, null, null,0, 'N' ) ;
insert into md_column ( id, sqldatetype, createtime, creator, defaultvalue, description, displayname, dr, help, incrementseed, incrementstep, isactive, identitied, pkey, nullable, columnlength, modifier, modifytime, name, precise, columnsequence, tableid, ts, versiontype, resid, groupid, columntype, forlocale ) values (  'qc_commission_h@@@def36', 'varchar', null, null, null, null, '自定义项36',0, null,null,null, 'Y', null, 'N', 'Y',100, null, null, 'def36',0,84, 'qc_commission_h', '2019-06-09 23:45:05',0, null, null,0, 'N' ) ;
insert into md_column ( id, sqldatetype, createtime, creator, defaultvalue, description, displayname, dr, help, incrementseed, incrementstep, isactive, identitied, pkey, nullable, columnlength, modifier, modifytime, name, precise, columnsequence, tableid, ts, versiontype, resid, groupid, columntype, forlocale ) values (  'qc_commission_h@@@def37', 'varchar', null, null, null, null, '自定义项37',0, null,null,null, 'Y', null, 'N', 'Y',100, null, null, 'def37',0,85, 'qc_commission_h', '2019-06-09 23:45:05',0, null, null,0, 'N' ) ;
insert into md_column ( id, sqldatetype, createtime, creator, defaultvalue, description, displayname, dr, help, incrementseed, incrementstep, isactive, identitied, pkey, nullable, columnlength, modifier, modifytime, name, precise, columnsequence, tableid, ts, versiontype, resid, groupid, columntype, forlocale ) values (  'qc_commission_h@@@def38', 'varchar', null, null, null, null, '自定义项38',0, null,null,null, 'Y', null, 'N', 'Y',100, null, null, 'def38',0,86, 'qc_commission_h', '2019-06-09 23:45:05',0, null, null,0, 'N' ) ;
insert into md_column ( id, sqldatetype, createtime, creator, defaultvalue, description, displayname, dr, help, incrementseed, incrementstep, isactive, identitied, pkey, nullable, columnlength, modifier, modifytime, name, precise, columnsequence, tableid, ts, versiontype, resid, groupid, columntype, forlocale ) values (  'qc_commission_h@@@def39', 'varchar', null, null, null, null, '自定义项39',0, null,null,null, 'Y', null, 'N', 'Y',100, null, null, 'def39',0,87, 'qc_commission_h', '2019-06-09 23:45:05',0, null, null,0, 'N' ) ;
insert into md_column ( id, sqldatetype, createtime, creator, defaultvalue, description, displayname, dr, help, incrementseed, incrementstep, isactive, identitied, pkey, nullable, columnlength, modifier, modifytime, name, precise, columnsequence, tableid, ts, versiontype, resid, groupid, columntype, forlocale ) values (  'qc_commission_h@@@def40', 'varchar', null, null, null, null, '自定义项40',0, null,null,null, 'Y', null, 'N', 'Y',100, null, null, 'def40',0,88, 'qc_commission_h', '2019-06-09 23:45:05',0, null, null,0, 'N' ) ;
insert into md_column ( id, sqldatetype, createtime, creator, defaultvalue, description, displayname, dr, help, incrementseed, incrementstep, isactive, identitied, pkey, nullable, columnlength, modifier, modifytime, name, precise, columnsequence, tableid, ts, versiontype, resid, groupid, columntype, forlocale ) values (  'qc_commission_h@@@docstatus', 'varchar', null, null, null, null, '状态',0, null,null,null, 'Y', null, 'N', 'Y',50, null, null, 'docstatus',0,89, 'qc_commission_h', '2019-06-09 23:45:05',0, null, null,0, 'N' ) ;
insert into md_column ( id, sqldatetype, createtime, creator, defaultvalue, description, displayname, dr, help, incrementseed, incrementstep, isactive, identitied, pkey, nullable, columnlength, modifier, modifytime, name, precise, columnsequence, tableid, ts, versiontype, resid, groupid, columntype, forlocale ) values (  'qc_commission_b@@PK@@', 'char', null, null, null, null, '样品行主键',0, null,null,null, 'Y', null, 'Y', 'N',20, null, null, 'pk_commission_b',0,0, 'qc_commission_b', '2019-06-09 23:45:05',0, null, null,0, 'N' ) ;
insert into md_column ( id, sqldatetype, createtime, creator, defaultvalue, description, displayname, dr, help, incrementseed, incrementstep, isactive, identitied, pkey, nullable, columnlength, modifier, modifytime, name, precise, columnsequence, tableid, ts, versiontype, resid, groupid, columntype, forlocale ) values (  'qc_commission_b@@@rowno', 'varchar', null, null, null, null, '行号',0, null,null,null, 'Y', null, 'N', 'Y',50, null, null, 'rowno',0,1, 'qc_commission_b', '2019-06-09 23:45:05',0, null, null,0, 'N' ) ;
insert into md_column ( id, sqldatetype, createtime, creator, defaultvalue, description, displayname, dr, help, incrementseed, incrementstep, isactive, identitied, pkey, nullable, columnlength, modifier, modifytime, name, precise, columnsequence, tableid, ts, versiontype, resid, groupid, columntype, forlocale ) values (  'qc_commission_b@@@pk_productserial', 'varchar', null, null, '*~', null, '产品系列',0, null,null,null, 'Y', null, 'N', 'Y',20, null, null, 'pk_productserial',0,2, 'qc_commission_b', '2019-06-09 23:45:05',0, null, null,0, 'N' ) ;
insert into md_column ( id, sqldatetype, createtime, creator, defaultvalue, description, displayname, dr, help, incrementseed, incrementstep, isactive, identitied, pkey, nullable, columnlength, modifier, modifytime, name, precise, columnsequence, tableid, ts, versiontype, resid, groupid, columntype, forlocale ) values (  'qc_commission_b@@@pk_enterprisestandard', 'varchar', null, null, '*~', null, '企业标准',0, null,null,null, 'Y', null, 'N', 'Y',20, null, null, 'pk_enterprisestandard',0,3, 'qc_commission_b', '2019-06-09 23:45:05',0, null, null,0, 'N' ) ;
insert into md_column ( id, sqldatetype, createtime, creator, defaultvalue, description, displayname, dr, help, incrementseed, incrementstep, isactive, identitied, pkey, nullable, columnlength, modifier, modifytime, name, precise, columnsequence, tableid, ts, versiontype, resid, groupid, columntype, forlocale ) values (  'qc_commission_b@@@typeno', 'varchar', null, null, null, null, '规格型号',0, null,null,null, 'Y', null, 'N', 'Y',200, null, null, 'typeno',0,4, 'qc_commission_b', '2019-06-09 23:45:05',0, null, null,0, 'N' ) ;
insert into md_column ( id, sqldatetype, createtime, creator, defaultvalue, description, displayname, dr, help, incrementseed, incrementstep, isactive, identitied, pkey, nullable, columnlength, modifier, modifytime, name, precise, columnsequence, tableid, ts, versiontype, resid, groupid, columntype, forlocale ) values (  'qc_commission_b@@@pk_productspec', 'varchar', null, null, '*~', null, '规格号',0, null,null,null, 'Y', null, 'N', 'Y',20, null, null, 'pk_productspec',0,5, 'qc_commission_b', '2019-06-09 23:45:05',0, null, null,0, 'N' ) ;
insert into md_column ( id, sqldatetype, createtime, creator, defaultvalue, description, displayname, dr, help, incrementseed, incrementstep, isactive, identitied, pkey, nullable, columnlength, modifier, modifytime, name, precise, columnsequence, tableid, ts, versiontype, resid, groupid, columntype, forlocale ) values (  'qc_commission_b@@@pk_structuretype', 'varchar', null, null, '*~', null, '结构类型',0, null,null,null, 'Y', null, 'N', 'Y',20, null, null, 'pk_structuretype',0,6, 'qc_commission_b', '2019-06-09 23:45:05',0, null, null,0, 'N' ) ;
insert into md_column ( id, sqldatetype, createtime, creator, defaultvalue, description, displayname, dr, help, incrementseed, incrementstep, isactive, identitied, pkey, nullable, columnlength, modifier, modifytime, name, precise, columnsequence, tableid, ts, versiontype, resid, groupid, columntype, forlocale ) values (  'qc_commission_b@@@contacttype', 'varchar', null, null, null, null, '触点类型',0, null,null,null, 'Y', null, 'N', 'Y',50, null, null, 'contacttype',0,7, 'qc_commission_b', '2019-06-09 23:45:05',0, null, null,0, 'N' ) ;
insert into md_column ( id, sqldatetype, createtime, creator, defaultvalue, description, displayname, dr, help, incrementseed, incrementstep, isactive, identitied, pkey, nullable, columnlength, modifier, modifytime, name, precise, columnsequence, tableid, ts, versiontype, resid, groupid, columntype, forlocale ) values (  'qc_commission_b@@@quantity', 'decimal', null, null, null, null, '样品数量',0, null,null,null, 'Y', null, 'N', 'Y',28, null, null, 'quantity',8,8, 'qc_commission_b', '2019-06-09 23:45:05',0, null, null,0, 'N' ) ;
insert into md_column ( id, sqldatetype, createtime, creator, defaultvalue, description, displayname, dr, help, incrementseed, incrementstep, isactive, identitied, pkey, nullable, columnlength, modifier, modifytime, name, precise, columnsequence, tableid, ts, versiontype, resid, groupid, columntype, forlocale ) values (  'qc_commission_b@@@manufacturer', 'varchar', null, null, null, null, '制造商',0, null,null,null, 'Y', null, 'N', 'Y',200, null, null, 'manufacturer',0,9, 'qc_commission_b', '2019-06-09 23:45:05',0, null, null,0, 'N' ) ;
insert into md_column ( id, sqldatetype, createtime, creator, defaultvalue, description, displayname, dr, help, incrementseed, incrementstep, isactive, identitied, pkey, nullable, columnlength, modifier, modifytime, name, precise, columnsequence, tableid, ts, versiontype, resid, groupid, columntype, forlocale ) values (  'qc_commission_b@@@pk_contactbrand', 'varchar', null, null, '*~', null, '触点牌号',0, null,null,null, 'Y', null, 'N', 'Y',20, null, null, 'pk_contactbrand',0,10, 'qc_commission_b', '2019-06-09 23:45:05',0, null, null,0, 'N' ) ;
insert into md_column ( id, sqldatetype, createtime, creator, defaultvalue, description, displayname, dr, help, incrementseed, incrementstep, isactive, identitied, pkey, nullable, columnlength, modifier, modifytime, name, precise, columnsequence, tableid, ts, versiontype, resid, groupid, columntype, forlocale ) values (  'qc_commission_b@@@contactmodel', 'varchar', null, null, null, null, '触点型号',0, null,null,null, 'Y', null, 'N', 'Y',50, null, null, 'contactmodel',0,11, 'qc_commission_b', '2019-06-09 23:45:05',0, null, null,0, 'N' ) ;
insert into md_column ( id, sqldatetype, createtime, creator, defaultvalue, description, displayname, dr, help, incrementseed, incrementstep, isactive, identitied, pkey, nullable, columnlength, modifier, modifytime, name, precise, columnsequence, tableid, ts, versiontype, resid, groupid, columntype, forlocale ) values (  'qc_commission_b@@@productstage', 'varchar', null, null, null, null, '温度',0, null,null,null, 'Y', null, 'N', 'Y',50, null, null, 'productstage',0,12, 'qc_commission_b', '2019-06-09 23:45:05',0, null, null,0, 'N' ) ;
insert into md_column ( id, sqldatetype, createtime, creator, defaultvalue, description, displayname, dr, help, incrementseed, incrementstep, isactive, identitied, pkey, nullable, columnlength, modifier, modifytime, name, precise, columnsequence, tableid, ts, versiontype, resid, groupid, columntype, forlocale ) values (  'qc_commission_b@@@pk_samplegroup', 'varchar', null, null, '*~', null, '样品组别',0, null,null,null, 'Y', null, 'N', 'Y',20, null, null, 'pk_samplegroup',0,13, 'qc_commission_b', '2019-06-09 23:45:05',0, null, null,0, 'N' ) ;
insert into md_column ( id, sqldatetype, createtime, creator, defaultvalue, description, displayname, dr, help, incrementseed, incrementstep, isactive, identitied, pkey, nullable, columnlength, modifier, modifytime, name, precise, columnsequence, tableid, ts, versiontype, resid, groupid, columntype, forlocale ) values (  'qc_commission_b@@@analysisref', 'varchar', null, null, null, null, '实验前参数',0, null,null,null, 'Y', null, 'N', 'Y',200, null, null, 'analysisref',0,14, 'qc_commission_b', '2019-06-09 23:45:05',0, null, null,0, 'N' ) ;
insert into md_column ( id, sqldatetype, createtime, creator, defaultvalue, description, displayname, dr, help, incrementseed, incrementstep, isactive, identitied, pkey, nullable, columnlength, modifier, modifytime, name, precise, columnsequence, tableid, ts, versiontype, resid, groupid, columntype, forlocale ) values (  'qc_commission_b@@@otherinfo', 'varchar', null, null, null, null, '其他信息',0, null,null,null, 'Y', null, 'N', 'Y',400, null, null, 'otherinfo',0,15, 'qc_commission_b', '2019-06-09 23:45:05',0, null, null,0, 'N' ) ;
insert into md_column ( id, sqldatetype, createtime, creator, defaultvalue, description, displayname, dr, help, incrementseed, incrementstep, isactive, identitied, pkey, nullable, columnlength, modifier, modifytime, name, precise, columnsequence, tableid, ts, versiontype, resid, groupid, columntype, forlocale ) values (  'qc_commission_b@@@def1', 'varchar', null, null, null, null, '自定义项1',0, null,null,null, 'Y', null, 'N', 'Y',100, null, null, 'def1',0,17, 'qc_commission_b', '2019-06-09 23:45:05',0, null, null,0, 'N' ) ;
insert into md_column ( id, sqldatetype, createtime, creator, defaultvalue, description, displayname, dr, help, incrementseed, incrementstep, isactive, identitied, pkey, nullable, columnlength, modifier, modifytime, name, precise, columnsequence, tableid, ts, versiontype, resid, groupid, columntype, forlocale ) values (  'qc_commission_b@@@def2', 'varchar', null, null, null, null, '自定义项2',0, null,null,null, 'Y', null, 'N', 'Y',100, null, null, 'def2',0,18, 'qc_commission_b', '2019-06-09 23:45:05',0, null, null,0, 'N' ) ;
insert into md_column ( id, sqldatetype, createtime, creator, defaultvalue, description, displayname, dr, help, incrementseed, incrementstep, isactive, identitied, pkey, nullable, columnlength, modifier, modifytime, name, precise, columnsequence, tableid, ts, versiontype, resid, groupid, columntype, forlocale ) values (  'qc_commission_b@@@def3', 'varchar', null, null, null, null, '自定义项3',0, null,null,null, 'Y', null, 'N', 'Y',100, null, null, 'def3',0,19, 'qc_commission_b', '2019-06-09 23:45:05',0, null, null,0, 'N' ) ;
insert into md_column ( id, sqldatetype, createtime, creator, defaultvalue, description, displayname, dr, help, incrementseed, incrementstep, isactive, identitied, pkey, nullable, columnlength, modifier, modifytime, name, precise, columnsequence, tableid, ts, versiontype, resid, groupid, columntype, forlocale ) values (  'qc_commission_b@@@def4', 'varchar', null, null, null, null, '自定义项4',0, null,null,null, 'Y', null, 'N', 'Y',100, null, null, 'def4',0,20, 'qc_commission_b', '2019-06-09 23:45:05',0, null, null,0, 'N' ) ;
insert into md_column ( id, sqldatetype, createtime, creator, defaultvalue, description, displayname, dr, help, incrementseed, incrementstep, isactive, identitied, pkey, nullable, columnlength, modifier, modifytime, name, precise, columnsequence, tableid, ts, versiontype, resid, groupid, columntype, forlocale ) values (  'qc_commission_b@@@def5', 'varchar', null, null, null, null, '自定义项5',0, null,null,null, 'Y', null, 'N', 'Y',100, null, null, 'def5',0,21, 'qc_commission_b', '2019-06-09 23:45:05',0, null, null,0, 'N' ) ;
insert into md_column ( id, sqldatetype, createtime, creator, defaultvalue, description, displayname, dr, help, incrementseed, incrementstep, isactive, identitied, pkey, nullable, columnlength, modifier, modifytime, name, precise, columnsequence, tableid, ts, versiontype, resid, groupid, columntype, forlocale ) values (  'qc_commission_b@@@def6', 'varchar', null, null, null, null, '自定义项6',0, null,null,null, 'Y', null, 'N', 'Y',100, null, null, 'def6',0,22, 'qc_commission_b', '2019-06-09 23:45:05',0, null, null,0, 'N' ) ;
insert into md_column ( id, sqldatetype, createtime, creator, defaultvalue, description, displayname, dr, help, incrementseed, incrementstep, isactive, identitied, pkey, nullable, columnlength, modifier, modifytime, name, precise, columnsequence, tableid, ts, versiontype, resid, groupid, columntype, forlocale ) values (  'qc_commission_b@@@def7', 'varchar', null, null, null, null, '自定义项7',0, null,null,null, 'Y', null, 'N', 'Y',100, null, null, 'def7',0,23, 'qc_commission_b', '2019-06-09 23:45:05',0, null, null,0, 'N' ) ;
insert into md_column ( id, sqldatetype, createtime, creator, defaultvalue, description, displayname, dr, help, incrementseed, incrementstep, isactive, identitied, pkey, nullable, columnlength, modifier, modifytime, name, precise, columnsequence, tableid, ts, versiontype, resid, groupid, columntype, forlocale ) values (  'qc_commission_b@@@def8', 'varchar', null, null, null, null, '自定义项8',0, null,null,null, 'Y', null, 'N', 'Y',100, null, null, 'def8',0,24, 'qc_commission_b', '2019-06-09 23:45:05',0, null, null,0, 'N' ) ;
insert into md_column ( id, sqldatetype, createtime, creator, defaultvalue, description, displayname, dr, help, incrementseed, incrementstep, isactive, identitied, pkey, nullable, columnlength, modifier, modifytime, name, precise, columnsequence, tableid, ts, versiontype, resid, groupid, columntype, forlocale ) values (  'qc_commission_b@@@def9', 'varchar', null, null, null, null, '自定义项9',0, null,null,null, 'Y', null, 'N', 'Y',100, null, null, 'def9',0,25, 'qc_commission_b', '2019-06-09 23:45:05',0, null, null,0, 'N' ) ;
insert into md_column ( id, sqldatetype, createtime, creator, defaultvalue, description, displayname, dr, help, incrementseed, incrementstep, isactive, identitied, pkey, nullable, columnlength, modifier, modifytime, name, precise, columnsequence, tableid, ts, versiontype, resid, groupid, columntype, forlocale ) values (  'qc_commission_b@@@def10', 'varchar', null, null, null, null, '自定义项10',0, null,null,null, 'Y', null, 'N', 'Y',100, null, null, 'def10',0,26, 'qc_commission_b', '2019-06-09 23:45:05',0, null, null,0, 'N' ) ;
insert into md_column ( id, sqldatetype, createtime, creator, defaultvalue, description, displayname, dr, help, incrementseed, incrementstep, isactive, identitied, pkey, nullable, columnlength, modifier, modifytime, name, precise, columnsequence, tableid, ts, versiontype, resid, groupid, columntype, forlocale ) values (  'qc_commission_b@@@def11', 'varchar', null, null, null, null, '自定义项11',0, null,null,null, 'Y', null, 'N', 'Y',100, null, null, 'def11',0,27, 'qc_commission_b', '2019-06-09 23:45:05',0, null, null,0, 'N' ) ;
insert into md_column ( id, sqldatetype, createtime, creator, defaultvalue, description, displayname, dr, help, incrementseed, incrementstep, isactive, identitied, pkey, nullable, columnlength, modifier, modifytime, name, precise, columnsequence, tableid, ts, versiontype, resid, groupid, columntype, forlocale ) values (  'qc_commission_b@@@def12', 'varchar', null, null, null, null, '自定义项12',0, null,null,null, 'Y', null, 'N', 'Y',100, null, null, 'def12',0,28, 'qc_commission_b', '2019-06-09 23:45:05',0, null, null,0, 'N' ) ;
insert into md_column ( id, sqldatetype, createtime, creator, defaultvalue, description, displayname, dr, help, incrementseed, incrementstep, isactive, identitied, pkey, nullable, columnlength, modifier, modifytime, name, precise, columnsequence, tableid, ts, versiontype, resid, groupid, columntype, forlocale ) values (  'qc_commission_b@@@def13', 'varchar', null, null, null, null, '自定义项13',0, null,null,null, 'Y', null, 'N', 'Y',100, null, null, 'def13',0,29, 'qc_commission_b', '2019-06-09 23:45:05',0, null, null,0, 'N' ) ;
insert into md_column ( id, sqldatetype, createtime, creator, defaultvalue, description, displayname, dr, help, incrementseed, incrementstep, isactive, identitied, pkey, nullable, columnlength, modifier, modifytime, name, precise, columnsequence, tableid, ts, versiontype, resid, groupid, columntype, forlocale ) values (  'qc_commission_b@@@def14', 'varchar', null, null, null, null, '自定义项14',0, null,null,null, 'Y', null, 'N', 'Y',100, null, null, 'def14',0,30, 'qc_commission_b', '2019-06-09 23:45:05',0, null, null,0, 'N' ) ;
insert into md_column ( id, sqldatetype, createtime, creator, defaultvalue, description, displayname, dr, help, incrementseed, incrementstep, isactive, identitied, pkey, nullable, columnlength, modifier, modifytime, name, precise, columnsequence, tableid, ts, versiontype, resid, groupid, columntype, forlocale ) values (  'qc_commission_b@@@def15', 'varchar', null, null, null, null, '自定义项15',0, null,null,null, 'Y', null, 'N', 'Y',100, null, null, 'def15',0,31, 'qc_commission_b', '2019-06-09 23:45:05',0, null, null,0, 'N' ) ;
insert into md_column ( id, sqldatetype, createtime, creator, defaultvalue, description, displayname, dr, help, incrementseed, incrementstep, isactive, identitied, pkey, nullable, columnlength, modifier, modifytime, name, precise, columnsequence, tableid, ts, versiontype, resid, groupid, columntype, forlocale ) values (  'qc_commission_b@@@def16', 'varchar', null, null, null, null, '自定义项16',0, null,null,null, 'Y', null, 'N', 'Y',100, null, null, 'def16',0,32, 'qc_commission_b', '2019-06-09 23:45:05',0, null, null,0, 'N' ) ;
insert into md_column ( id, sqldatetype, createtime, creator, defaultvalue, description, displayname, dr, help, incrementseed, incrementstep, isactive, identitied, pkey, nullable, columnlength, modifier, modifytime, name, precise, columnsequence, tableid, ts, versiontype, resid, groupid, columntype, forlocale ) values (  'qc_commission_b@@@def17', 'varchar', null, null, null, null, '自定义项17',0, null,null,null, 'Y', null, 'N', 'Y',100, null, null, 'def17',0,33, 'qc_commission_b', '2019-06-09 23:45:05',0, null, null,0, 'N' ) ;
insert into md_column ( id, sqldatetype, createtime, creator, defaultvalue, description, displayname, dr, help, incrementseed, incrementstep, isactive, identitied, pkey, nullable, columnlength, modifier, modifytime, name, precise, columnsequence, tableid, ts, versiontype, resid, groupid, columntype, forlocale ) values (  'qc_commission_b@@@def18', 'varchar', null, null, null, null, '自定义项18',0, null,null,null, 'Y', null, 'N', 'Y',100, null, null, 'def18',0,34, 'qc_commission_b', '2019-06-09 23:45:05',0, null, null,0, 'N' ) ;
insert into md_column ( id, sqldatetype, createtime, creator, defaultvalue, description, displayname, dr, help, incrementseed, incrementstep, isactive, identitied, pkey, nullable, columnlength, modifier, modifytime, name, precise, columnsequence, tableid, ts, versiontype, resid, groupid, columntype, forlocale ) values (  'qc_commission_b@@@def19', 'varchar', null, null, null, null, '自定义项19',0, null,null,null, 'Y', null, 'N', 'Y',100, null, null, 'def19',0,35, 'qc_commission_b', '2019-06-09 23:45:05',0, null, null,0, 'N' ) ;
insert into md_column ( id, sqldatetype, createtime, creator, defaultvalue, description, displayname, dr, help, incrementseed, incrementstep, isactive, identitied, pkey, nullable, columnlength, modifier, modifytime, name, precise, columnsequence, tableid, ts, versiontype, resid, groupid, columntype, forlocale ) values (  'qc_commission_b@@@def20', 'varchar', null, null, null, null, '自定义项20',0, null,null,null, 'Y', null, 'N', 'Y',100, null, null, 'def20',0,36, 'qc_commission_b', '2019-06-09 23:45:05',0, null, null,0, 'N' ) ;
insert into md_column ( id, sqldatetype, createtime, creator, defaultvalue, description, displayname, dr, help, incrementseed, incrementstep, isactive, identitied, pkey, nullable, columnlength, modifier, modifytime, name, precise, columnsequence, tableid, ts, versiontype, resid, groupid, columntype, forlocale ) values (  'qc_commission_r@@PK@@', 'char', null, null, null, null, '参数行主键',0, null,null,null, 'Y', null, 'Y', 'N',20, null, null, 'pk_commission_r',0,0, 'qc_commission_r', '2019-06-09 23:45:05',0, null, null,0, 'N' ) ;
insert into md_column ( id, sqldatetype, createtime, creator, defaultvalue, description, displayname, dr, help, incrementseed, incrementstep, isactive, identitied, pkey, nullable, columnlength, modifier, modifytime, name, precise, columnsequence, tableid, ts, versiontype, resid, groupid, columntype, forlocale ) values (  'qc_commission_r@@@rowno', 'varchar', null, null, null, null, '行号',0, null,null,null, 'Y', null, 'N', 'Y',50, null, null, 'rowno',0,1, 'qc_commission_r', '2019-06-09 23:45:05',0, null, null,0, 'N' ) ;
insert into md_column ( id, sqldatetype, createtime, creator, defaultvalue, description, displayname, dr, help, incrementseed, incrementstep, isactive, identitied, pkey, nullable, columnlength, modifier, modifytime, name, precise, columnsequence, tableid, ts, versiontype, resid, groupid, columntype, forlocale ) values (  'qc_commission_r@@@analysisname', 'varchar', null, null, null, null, '实验前参数名称',0, null,null,null, 'Y', null, 'N', 'Y',50, null, null, 'analysisname',0,2, 'qc_commission_r', '2019-06-09 23:45:05',0, null, null,0, 'N' ) ;
insert into md_column ( id, sqldatetype, createtime, creator, defaultvalue, description, displayname, dr, help, incrementseed, incrementstep, isactive, identitied, pkey, nullable, columnlength, modifier, modifytime, name, precise, columnsequence, tableid, ts, versiontype, resid, groupid, columntype, forlocale ) values (  'qc_commission_r@@@pk_samplegroup', 'varchar', null, null, '*~', null, '样品组别',0, null,null,null, 'Y', null, 'N', 'Y',20, null, null, 'pk_samplegroup',0,3, 'qc_commission_r', '2019-06-09 23:45:05',0, null, null,0, 'N' ) ;
insert into md_column ( id, sqldatetype, createtime, creator, defaultvalue, description, displayname, dr, help, incrementseed, incrementstep, isactive, identitied, pkey, nullable, columnlength, modifier, modifytime, name, precise, columnsequence, tableid, ts, versiontype, resid, groupid, columntype, forlocale ) values (  'qc_commission_r@@@pk_component', 'varchar', null, null, '*~', null, '参数项',0, null,null,null, 'Y', null, 'N', 'Y',20, null, null, 'pk_component',0,4, 'qc_commission_r', '2019-06-09 23:45:05',0, null, null,0, 'N' ) ;
insert into md_column ( id, sqldatetype, createtime, creator, defaultvalue, description, displayname, dr, help, incrementseed, incrementstep, isactive, identitied, pkey, nullable, columnlength, modifier, modifytime, name, precise, columnsequence, tableid, ts, versiontype, resid, groupid, columntype, forlocale ) values (  'qc_commission_r@@@pk_valuetype', 'varchar', null, null, '*~', null, '值类型',0, null,null,null, 'Y', null, 'N', 'Y',20, null, null, 'pk_valuetype',0,5, 'qc_commission_r', '2019-06-09 23:45:05',0, null, null,0, 'N' ) ;
insert into md_column ( id, sqldatetype, createtime, creator, defaultvalue, description, displayname, dr, help, incrementseed, incrementstep, isactive, identitied, pkey, nullable, columnlength, modifier, modifytime, name, precise, columnsequence, tableid, ts, versiontype, resid, groupid, columntype, forlocale ) values (  'qc_commission_r@@@stdmaxvalue', 'varchar', null, null, null, null, '最大值',0, null,null,null, 'Y', null, 'N', 'Y',50, null, null, 'stdmaxvalue',0,6, 'qc_commission_r', '2019-06-09 23:45:05',0, null, null,0, 'N' ) ;
insert into md_column ( id, sqldatetype, createtime, creator, defaultvalue, description, displayname, dr, help, incrementseed, incrementstep, isactive, identitied, pkey, nullable, columnlength, modifier, modifytime, name, precise, columnsequence, tableid, ts, versiontype, resid, groupid, columntype, forlocale ) values (  'qc_commission_r@@@stdminvalue', 'varchar', null, null, null, null, '最小值',0, null,null,null, 'Y', null, 'N', 'Y',50, null, null, 'stdminvalue',0,7, 'qc_commission_r', '2019-06-09 23:45:05',0, null, null,0, 'N' ) ;
insert into md_column ( id, sqldatetype, createtime, creator, defaultvalue, description, displayname, dr, help, incrementseed, incrementstep, isactive, identitied, pkey, nullable, columnlength, modifier, modifytime, name, precise, columnsequence, tableid, ts, versiontype, resid, groupid, columntype, forlocale ) values (  'qc_commission_r@@@unitname', 'varchar', null, null, null, null, '单位',0, null,null,null, 'Y', null, 'N', 'Y',50, null, null, 'unitname',0,8, 'qc_commission_r', '2019-06-09 23:45:05',0, null, null,0, 'N' ) ;
insert into md_column ( id, sqldatetype, createtime, creator, defaultvalue, description, displayname, dr, help, incrementseed, incrementstep, isactive, identitied, pkey, nullable, columnlength, modifier, modifytime, name, precise, columnsequence, tableid, ts, versiontype, resid, groupid, columntype, forlocale ) values (  'qc_commission_r@@@judgeflag', 'char', null, null, null, null, '是否判定',0, null,null,null, 'Y', null, 'N', 'Y',1, null, null, 'judgeflag',0,9, 'qc_commission_r', '2019-06-09 23:45:05',0, null, null,0, 'N' ) ;
insert into md_column ( id, sqldatetype, createtime, creator, defaultvalue, description, displayname, dr, help, incrementseed, incrementstep, isactive, identitied, pkey, nullable, columnlength, modifier, modifytime, name, precise, columnsequence, tableid, ts, versiontype, resid, groupid, columntype, forlocale ) values (  'qc_commission_r@@@testflag', 'char', null, null, null, null, '是否测试',0, null,null,null, 'Y', null, 'N', 'Y',1, null, null, 'testflag',0,10, 'qc_commission_r', '2019-06-09 23:45:05',0, null, null,0, 'N' ) ;
insert into md_column ( id, sqldatetype, createtime, creator, defaultvalue, description, displayname, dr, help, incrementseed, incrementstep, isactive, identitied, pkey, nullable, columnlength, modifier, modifytime, name, precise, columnsequence, tableid, ts, versiontype, resid, groupid, columntype, forlocale ) values (  'qc_commission_r@@@productstage', 'varchar', null, null, null, null, '测试温度',0, null,null,null, 'Y', null, 'N', 'Y',50, null, null, 'productstage',0,11, 'qc_commission_r', '2019-06-09 23:45:05',0, null, null,0, 'N' ) ;
insert into md_column ( id, sqldatetype, createtime, creator, defaultvalue, description, displayname, dr, help, incrementseed, incrementstep, isactive, identitied, pkey, nullable, columnlength, modifier, modifytime, name, precise, columnsequence, tableid, ts, versiontype, resid, groupid, columntype, forlocale ) values (  'qc_commission_r@@@isautogeneration', 'char', null, null, null, null, '系统生成',0, null,null,null, 'Y', null, 'N', 'Y',1, null, null, 'isautogeneration',0,12, 'qc_commission_r', '2019-06-09 23:45:05',0, null, null,0, 'N' ) ;
insert into md_column ( id, sqldatetype, createtime, creator, defaultvalue, description, displayname, dr, help, incrementseed, incrementstep, isactive, identitied, pkey, nullable, columnlength, modifier, modifytime, name, precise, columnsequence, tableid, ts, versiontype, resid, groupid, columntype, forlocale ) values (  'qc_commission_c@@PK@@', 'char', null, null, null, null, '变更记录主键',0, null,null,null, 'Y', null, 'Y', 'N',20, null, null, 'pk_commission_c',0,0, 'qc_commission_c', '2019-06-09 23:45:05',0, null, null,0, 'N' ) ;
insert into md_column ( id, sqldatetype, createtime, creator, defaultvalue, description, displayname, dr, help, incrementseed, incrementstep, isactive, identitied, pkey, nullable, columnlength, modifier, modifytime, name, precise, columnsequence, tableid, ts, versiontype, resid, groupid, columntype, forlocale ) values (  'qc_commission_c@@@rowno', 'varchar', null, null, null, null, '行号',0, null,null,null, 'Y', null, 'N', 'Y',50, null, null, 'rowno',0,1, 'qc_commission_c', '2019-06-09 23:45:05',0, null, null,0, 'N' ) ;
insert into md_column ( id, sqldatetype, createtime, creator, defaultvalue, description, displayname, dr, help, incrementseed, incrementstep, isactive, identitied, pkey, nullable, columnlength, modifier, modifytime, name, precise, columnsequence, tableid, ts, versiontype, resid, groupid, columntype, forlocale ) values (  'qc_commission_c@@@modifier', 'varchar', null, null, '*~', null, '变更人',0, null,null,null, 'Y', null, 'N', 'Y',20, null, null, 'modifier',0,2, 'qc_commission_c', '2019-06-09 23:45:05',0, null, null,0, 'N' ) ;
insert into md_column ( id, sqldatetype, createtime, creator, defaultvalue, description, displayname, dr, help, incrementseed, incrementstep, isactive, identitied, pkey, nullable, columnlength, modifier, modifytime, name, precise, columnsequence, tableid, ts, versiontype, resid, groupid, columntype, forlocale ) values (  'qc_commission_c@@@modifiedtime', 'char', null, null, null, null, '变更时间',0, null,null,null, 'Y', null, 'N', 'Y',19, null, null, 'modifiedtime',0,3, 'qc_commission_c', '2019-06-09 23:45:05',0, null, null,0, 'N' ) ;
insert into md_column ( id, sqldatetype, createtime, creator, defaultvalue, description, displayname, dr, help, incrementseed, incrementstep, isactive, identitied, pkey, nullable, columnlength, modifier, modifytime, name, precise, columnsequence, tableid, ts, versiontype, resid, groupid, columntype, forlocale ) values (  'qc_commission_c@@@itemname', 'varchar', null, null, null, null, '变更项目',0, null,null,null, 'Y', null, 'N', 'Y',50, null, null, 'itemname',0,4, 'qc_commission_c', '2019-06-09 23:45:05',0, null, null,0, 'N' ) ;
insert into md_column ( id, sqldatetype, createtime, creator, defaultvalue, description, displayname, dr, help, incrementseed, incrementstep, isactive, identitied, pkey, nullable, columnlength, modifier, modifytime, name, precise, columnsequence, tableid, ts, versiontype, resid, groupid, columntype, forlocale ) values (  'qc_commission_c@@@oldvalue', 'varchar', null, null, null, null, '变更前',0, null,null,null, 'Y', null, 'N', 'Y',200, null, null, 'oldvalue',0,5, 'qc_commission_c', '2019-06-09 23:45:05',0, null, null,0, 'N' ) ;
insert into md_column ( id, sqldatetype, createtime, creator, defaultvalue, description, displayname, dr, help, incrementseed, incrementstep, isactive, identitied, pkey, nullable, columnlength, modifier, modifytime, name, precise, columnsequence, tableid, ts, versiontype, resid, groupid, columntype, forlocale ) values (  'qc_commission_c@@@newvalue', 'varchar', null, null, null, null, '变更后',0, null,null,null, 'Y', null, 'N', 'Y',200, null, null, 'newvalue',0,6, 'qc_commission_c', '2019-06-09 23:45:05',0, null, null,0, 'N' ) ;
insert into md_column ( id, sqldatetype, createtime, creator, defaultvalue, description, displayname, dr, help, incrementseed, incrementstep, isactive, identitied, pkey, nullable, columnlength, modifier, modifytime, name, precise, columnsequence, tableid, ts, versiontype, resid, groupid, columntype, forlocale ) values (  'qc_commission_b@@@pk_commission_h', 'char', null, null, null, null, '委托单_主鍵',0, null,null,null, 'Y', null, 'N', 'N',20, null, null, 'pk_commission_h',null,null, 'qc_commission_b', '2019-06-09 23:45:05',0, '2UC000-000003', null,0, null ) ;
insert into md_column ( id, sqldatetype, createtime, creator, defaultvalue, description, displayname, dr, help, incrementseed, incrementstep, isactive, identitied, pkey, nullable, columnlength, modifier, modifytime, name, precise, columnsequence, tableid, ts, versiontype, resid, groupid, columntype, forlocale ) values (  'qc_commission_c@@@pk_commission_h', 'char', null, null, null, null, '委托单_主鍵',0, null,null,null, 'Y', null, 'N', 'N',20, null, null, 'pk_commission_h',null,null, 'qc_commission_c', '2019-06-09 23:45:05',0, '2UC000-000003', null,0, null ) ;
insert into md_column ( id, sqldatetype, createtime, creator, defaultvalue, description, displayname, dr, help, incrementseed, incrementstep, isactive, identitied, pkey, nullable, columnlength, modifier, modifytime, name, precise, columnsequence, tableid, ts, versiontype, resid, groupid, columntype, forlocale ) values (  'qc_commission_r@@@pk_commission_b', 'char', null, null, null, null, '样品子表_主鍵',0, null,null,null, 'Y', null, 'N', 'N',20, null, null, 'pk_commission_b',null,null, 'qc_commission_r', '2019-06-09 23:45:05',0, '2UC000-000003', null,0, null ) ;
insert into md_ORMap ( attributeid, classid, columnid, dr, tableid, ts ) values (  'fb190b05-d26c-4f39-9b17-357db6a0aefd', '13e87994-f2fd-482e-8c93-5d3842ba20a5', 'qc_commission_b@@@pk_contactbrand',0, 'qc_commission_b', '2019-06-09 23:45:05' ) ;
insert into md_ORMap ( attributeid, classid, columnid, dr, tableid, ts ) values (  'de5eebb1-5a2c-4ed4-b8ef-326d9f2c6f44', 'fcbcdbe2-c0e7-4d0d-ac3f-6cfeeb0b036a', 'qc_commission_h@@@def28',0, 'qc_commission_h', '2019-06-09 23:45:05' ) ;
insert into md_ORMap ( attributeid, classid, columnid, dr, tableid, ts ) values (  '038583bb-7e98-4d26-85ac-7b5ce766a55f', '81401002-4e72-4f06-ad4b-72e2b666e331', 'qc_commission_c@@@modifier',0, 'qc_commission_c', '2019-06-09 23:45:05' ) ;
insert into md_ORMap ( attributeid, classid, columnid, dr, tableid, ts ) values (  'aafb93ed-fd19-4f9a-8942-9468553ed44f', 'fcbcdbe2-c0e7-4d0d-ac3f-6cfeeb0b036a', 'qc_commission_h@@@def36',0, 'qc_commission_h', '2019-06-09 23:45:05' ) ;
insert into md_ORMap ( attributeid, classid, columnid, dr, tableid, ts ) values (  'c75851b1-c752-4454-ab5a-26fda6197d31', 'fcbcdbe2-c0e7-4d0d-ac3f-6cfeeb0b036a', 'qc_commission_h@@@dmakedate',0, 'qc_commission_h', '2019-06-09 23:45:05' ) ;
insert into md_ORMap ( attributeid, classid, columnid, dr, tableid, ts ) values (  'bdc6eaca-0f72-4738-b44c-5093a24b0b13', 'fcbcdbe2-c0e7-4d0d-ac3f-6cfeeb0b036a', 'qc_commission_h@@@def6',0, 'qc_commission_h', '2019-06-09 23:45:05' ) ;
insert into md_ORMap ( attributeid, classid, columnid, dr, tableid, ts ) values (  '59f9afe9-7602-4db2-b9b2-6d2c6ebd52d5', '13e87994-f2fd-482e-8c93-5d3842ba20a5', 'qc_commission_b@@@rowno',0, 'qc_commission_b', '2019-06-09 23:45:05' ) ;
insert into md_ORMap ( attributeid, classid, columnid, dr, tableid, ts ) values (  'a189ef76-e9e7-4bc1-954c-6004a1b066c8', '15d35e3e-1230-45f2-9279-5412dc4077df', 'qc_commission_r@@@testflag',0, 'qc_commission_r', '2019-06-09 23:45:05' ) ;
insert into md_ORMap ( attributeid, classid, columnid, dr, tableid, ts ) values (  '56256a83-f3e4-48e2-9714-86de2cd9d9de', '15d35e3e-1230-45f2-9279-5412dc4077df', 'qc_commission_r@@@rowno',0, 'qc_commission_r', '2019-06-09 23:45:05' ) ;
insert into md_ORMap ( attributeid, classid, columnid, dr, tableid, ts ) values (  '1e34b32f-e71e-4c28-a56f-015e6751772e', 'fcbcdbe2-c0e7-4d0d-ac3f-6cfeeb0b036a', 'qc_commission_h@@@customername',0, 'qc_commission_h', '2019-06-09 23:45:05' ) ;
insert into md_ORMap ( attributeid, classid, columnid, dr, tableid, ts ) values (  '59e485c3-dfe3-40f4-b7cc-8633890477ae', '13e87994-f2fd-482e-8c93-5d3842ba20a5', 'qc_commission_b@@@def14',0, 'qc_commission_b', '2019-06-09 23:45:05' ) ;
insert into md_ORMap ( attributeid, classid, columnid, dr, tableid, ts ) values (  'e2fc5006-3583-4668-a6d7-31577a16a940', '15d35e3e-1230-45f2-9279-5412dc4077df', 'qc_commission_r@@@productstage',0, 'qc_commission_r', '2019-06-09 23:45:05' ) ;
insert into md_ORMap ( attributeid, classid, columnid, dr, tableid, ts ) values (  'a49f17ef-e96c-49af-92e9-3690ca00bf23', '13e87994-f2fd-482e-8c93-5d3842ba20a5', 'qc_commission_b@@@def9',0, 'qc_commission_b', '2019-06-09 23:45:05' ) ;
insert into md_ORMap ( attributeid, classid, columnid, dr, tableid, ts ) values (  'b08cf71e-6083-4708-b5a0-04b29222622b', 'fcbcdbe2-c0e7-4d0d-ac3f-6cfeeb0b036a', 'qc_commission_h@@@def22',0, 'qc_commission_h', '2019-06-09 23:45:05' ) ;
insert into md_ORMap ( attributeid, classid, columnid, dr, tableid, ts ) values (  '2e309dc0-28c4-403f-a7cf-c333f9b747f9', 'fcbcdbe2-c0e7-4d0d-ac3f-6cfeeb0b036a', 'qc_commission_h@@@def40',0, 'qc_commission_h', '2019-06-09 23:45:05' ) ;
insert into md_ORMap ( attributeid, classid, columnid, dr, tableid, ts ) values (  '397af471-0b68-4ac9-a1d1-1359a6ebc755', 'fcbcdbe2-c0e7-4d0d-ac3f-6cfeeb0b036a', 'qc_commission_h@@@batchnumber',0, 'qc_commission_h', '2019-06-09 23:45:05' ) ;
insert into md_ORMap ( attributeid, classid, columnid, dr, tableid, ts ) values (  '643d453c-0755-4096-b410-0dadb9eaa925', '13e87994-f2fd-482e-8c93-5d3842ba20a5', 'qc_commission_b@@@def8',0, 'qc_commission_b', '2019-06-09 23:45:05' ) ;
insert into md_ORMap ( attributeid, classid, columnid, dr, tableid, ts ) values (  '9059d6b8-5a0a-4b37-a768-a26e7234c144', '13e87994-f2fd-482e-8c93-5d3842ba20a5', 'qc_commission_b@@@pk_structuretype',0, 'qc_commission_b', '2019-06-09 23:45:05' ) ;
insert into md_ORMap ( attributeid, classid, columnid, dr, tableid, ts ) values (  'fed288be-4851-4759-8625-c8b5df862f58', 'fcbcdbe2-c0e7-4d0d-ac3f-6cfeeb0b036a', 'qc_commission_b@@@pk_commission_h',0, 'qc_commission_b', '2019-06-09 23:45:05' ) ;
insert into md_ORMap ( attributeid, classid, columnid, dr, tableid, ts ) values (  'f6f41665-b0a4-41cb-a7d6-4382ed8c3973', '13e87994-f2fd-482e-8c93-5d3842ba20a5', 'qc_commission_b@@PK@@',0, 'qc_commission_b', '2019-06-09 23:45:05' ) ;
insert into md_ORMap ( attributeid, classid, columnid, dr, tableid, ts ) values (  '1d8cf9d1-f20b-475f-89ef-d72b166939ab', 'fcbcdbe2-c0e7-4d0d-ac3f-6cfeeb0b036a', 'qc_commission_h@@@billname',0, 'qc_commission_h', '2019-06-09 23:45:05' ) ;
insert into md_ORMap ( attributeid, classid, columnid, dr, tableid, ts ) values (  '70d5bdeb-9fbd-4a26-b646-16e18c8c7611', '13e87994-f2fd-482e-8c93-5d3842ba20a5', 'qc_commission_b@@@def1',0, 'qc_commission_b', '2019-06-09 23:45:05' ) ;
insert into md_ORMap ( attributeid, classid, columnid, dr, tableid, ts ) values (  '600ebdb2-ffc7-4aaa-9682-2f1c13f2867a', 'fcbcdbe2-c0e7-4d0d-ac3f-6cfeeb0b036a', 'qc_commission_h@@@pk_commissiontype',0, 'qc_commission_h', '2019-06-09 23:45:05' ) ;
insert into md_ORMap ( attributeid, classid, columnid, dr, tableid, ts ) values (  '5485afd8-71e3-4fc8-bd0f-990d42c00855', 'fcbcdbe2-c0e7-4d0d-ac3f-6cfeeb0b036a', 'qc_commission_h@@@pk_group',0, 'qc_commission_h', '2019-06-09 23:45:05' ) ;
insert into md_ORMap ( attributeid, classid, columnid, dr, tableid, ts ) values (  '97edf268-dc05-4d57-bf3c-45b2c7c03fae', 'fcbcdbe2-c0e7-4d0d-ac3f-6cfeeb0b036a', 'qc_commission_h@@@def12',0, 'qc_commission_h', '2019-06-09 23:45:05' ) ;
insert into md_ORMap ( attributeid, classid, columnid, dr, tableid, ts ) values (  'c460d0e3-02b1-4176-adad-0e1afb2e958e', 'fcbcdbe2-c0e7-4d0d-ac3f-6cfeeb0b036a', 'qc_commission_h@@@def29',0, 'qc_commission_h', '2019-06-09 23:45:05' ) ;
insert into md_ORMap ( attributeid, classid, columnid, dr, tableid, ts ) values (  '389c6660-038c-44d2-918b-ec49cffc7cb5', 'fcbcdbe2-c0e7-4d0d-ac3f-6cfeeb0b036a', 'qc_commission_h@@@codeprefix',0, 'qc_commission_h', '2019-06-09 23:45:05' ) ;
insert into md_ORMap ( attributeid, classid, columnid, dr, tableid, ts ) values (  'c8677624-a57d-4350-a4bb-4d4636143e52', 'fcbcdbe2-c0e7-4d0d-ac3f-6cfeeb0b036a', 'qc_commission_h@@@lastmaketime',0, 'qc_commission_h', '2019-06-09 23:45:05' ) ;
insert into md_ORMap ( attributeid, classid, columnid, dr, tableid, ts ) values (  'e746d425-b7cd-49e8-8fd7-2d445e5dd258', 'fcbcdbe2-c0e7-4d0d-ac3f-6cfeeb0b036a', 'qc_commission_h@@@def38',0, 'qc_commission_h', '2019-06-09 23:45:05' ) ;
insert into md_ORMap ( attributeid, classid, columnid, dr, tableid, ts ) values (  '97f3d243-651d-4233-81df-2366b1a79929', 'fcbcdbe2-c0e7-4d0d-ac3f-6cfeeb0b036a', 'qc_commission_h@@@identificationtype',0, 'qc_commission_h', '2019-06-09 23:45:05' ) ;
insert into md_ORMap ( attributeid, classid, columnid, dr, tableid, ts ) values (  '42961667-a139-4b7f-8db7-3a624d10d8ce', 'fcbcdbe2-c0e7-4d0d-ac3f-6cfeeb0b036a', 'qc_commission_h@@@checkingproperty',0, 'qc_commission_h', '2019-06-09 23:45:05' ) ;
insert into md_ORMap ( attributeid, classid, columnid, dr, tableid, ts ) values (  'c6d74871-5679-4921-8827-9abc64486ac5', '15d35e3e-1230-45f2-9279-5412dc4077df', 'qc_commission_r@@@unitname',0, 'qc_commission_r', '2019-06-09 23:45:05' ) ;
insert into md_ORMap ( attributeid, classid, columnid, dr, tableid, ts ) values (  'aa42392c-2770-44b7-97dc-555e3482b87b', 'fcbcdbe2-c0e7-4d0d-ac3f-6cfeeb0b036a', 'qc_commission_h@@@batchserial',0, 'qc_commission_h', '2019-06-09 23:45:05' ) ;
insert into md_ORMap ( attributeid, classid, columnid, dr, tableid, ts ) values (  'f52ffd7c-b69e-479a-9d0e-9f8e772ee07c', '15d35e3e-1230-45f2-9279-5412dc4077df', 'qc_commission_r@@@analysisname',0, 'qc_commission_r', '2019-06-09 23:45:05' ) ;
insert into md_ORMap ( attributeid, classid, columnid, dr, tableid, ts ) values (  '91532db8-3092-41f9-8f41-e6f0d218c8dc', 'fcbcdbe2-c0e7-4d0d-ac3f-6cfeeb0b036a', 'qc_commission_h@@@testrequirement',0, 'qc_commission_h', '2019-06-09 23:45:05' ) ;
insert into md_ORMap ( attributeid, classid, columnid, dr, tableid, ts ) values (  'd2ea1c3e-284d-49b4-a338-fdf33b0d1db3', 'fcbcdbe2-c0e7-4d0d-ac3f-6cfeeb0b036a', 'qc_commission_h@@@def33',0, 'qc_commission_h', '2019-06-09 23:45:05' ) ;
insert into md_ORMap ( attributeid, classid, columnid, dr, tableid, ts ) values (  'e6f4c2b7-11a4-4863-8cb3-77a0a078203d', 'fcbcdbe2-c0e7-4d0d-ac3f-6cfeeb0b036a', 'qc_commission_h@@@teleno',0, 'qc_commission_h', '2019-06-09 23:45:05' ) ;
insert into md_ORMap ( attributeid, classid, columnid, dr, tableid, ts ) values (  'd9166350-045d-4270-9aab-4b422f478b14', 'fcbcdbe2-c0e7-4d0d-ac3f-6cfeeb0b036a', 'qc_commission_h@@@certificationtype',0, 'qc_commission_h', '2019-06-09 23:45:05' ) ;
insert into md_ORMap ( attributeid, classid, columnid, dr, tableid, ts ) values (  '6042b996-c245-449e-94c3-b6f3cdfc66b9', 'fcbcdbe2-c0e7-4d0d-ac3f-6cfeeb0b036a', 'qc_commission_h@@@cuserid',0, 'qc_commission_h', '2019-06-09 23:45:05' ) ;
insert into md_ORMap ( attributeid, classid, columnid, dr, tableid, ts ) values (  'ba9709d4-a645-415d-aafb-bf8fb6c6bcde', 'fcbcdbe2-c0e7-4d0d-ac3f-6cfeeb0b036a', 'qc_commission_h@@@docstatus',0, 'qc_commission_h', '2019-06-09 23:45:05' ) ;
insert into md_ORMap ( attributeid, classid, columnid, dr, tableid, ts ) values (  'f6772c5a-2b3b-4dd9-ab67-95ccf49614e5', 'fcbcdbe2-c0e7-4d0d-ac3f-6cfeeb0b036a', 'qc_commission_h@@@reportlang',0, 'qc_commission_h', '2019-06-09 23:45:05' ) ;
insert into md_ORMap ( attributeid, classid, columnid, dr, tableid, ts ) values (  '2178c227-527e-44e7-8eac-fa54ce55d7c3', 'fcbcdbe2-c0e7-4d0d-ac3f-6cfeeb0b036a', 'qc_commission_h@@@def19',0, 'qc_commission_h', '2019-06-09 23:45:05' ) ;
insert into md_ORMap ( attributeid, classid, columnid, dr, tableid, ts ) values (  'b4996e43-ff40-4042-bffe-4b21742bbf1e', 'fcbcdbe2-c0e7-4d0d-ac3f-6cfeeb0b036a', 'qc_commission_h@@@testaim',0, 'qc_commission_h', '2019-06-09 23:45:05' ) ;
insert into md_ORMap ( attributeid, classid, columnid, dr, tableid, ts ) values (  '2044a7de-3d6d-43bd-b3e4-20c5e25d8bb9', '81401002-4e72-4f06-ad4b-72e2b666e331', 'qc_commission_c@@PK@@',0, 'qc_commission_c', '2019-06-09 23:45:05' ) ;
insert into md_ORMap ( attributeid, classid, columnid, dr, tableid, ts ) values (  '4d09b438-d04c-416f-be0e-e60476c43c18', 'fcbcdbe2-c0e7-4d0d-ac3f-6cfeeb0b036a', 'qc_commission_h@@@pk_lastcategory',0, 'qc_commission_h', '2019-06-09 23:45:05' ) ;
insert into md_ORMap ( attributeid, classid, columnid, dr, tableid, ts ) values (  'd6d37635-34a2-4d1d-8c2d-7d6753f92f81', 'fcbcdbe2-c0e7-4d0d-ac3f-6cfeeb0b036a', 'qc_commission_h@@@reportformat',0, 'qc_commission_h', '2019-06-09 23:45:05' ) ;
insert into md_ORMap ( attributeid, classid, columnid, dr, tableid, ts ) values (  '8bdad393-4389-45dd-a55c-7e389b3e7773', 'fcbcdbe2-c0e7-4d0d-ac3f-6cfeeb0b036a', 'qc_commission_h@@@def11',0, 'qc_commission_h', '2019-06-09 23:45:05' ) ;
insert into md_ORMap ( attributeid, classid, columnid, dr, tableid, ts ) values (  'ef223bec-105b-4837-b053-2f4a35cfb8d8', 'fcbcdbe2-c0e7-4d0d-ac3f-6cfeeb0b036a', 'qc_commission_h@@@def3',0, 'qc_commission_h', '2019-06-09 23:45:05' ) ;
insert into md_ORMap ( attributeid, classid, columnid, dr, tableid, ts ) values (  '155d7dc4-368a-4d71-81df-783abcab60b7', 'fcbcdbe2-c0e7-4d0d-ac3f-6cfeeb0b036a', 'qc_commission_h@@@def5',0, 'qc_commission_h', '2019-06-09 23:45:05' ) ;
insert into md_ORMap ( attributeid, classid, columnid, dr, tableid, ts ) values (  'b48bca19-d855-41a7-bab6-4ff6b3302d08', 'fcbcdbe2-c0e7-4d0d-ac3f-6cfeeb0b036a', 'qc_commission_h@@@email',0, 'qc_commission_h', '2019-06-09 23:45:05' ) ;
insert into md_ORMap ( attributeid, classid, columnid, dr, tableid, ts ) values (  '0062919a-41e3-4139-90a3-ef124dacffa7', 'fcbcdbe2-c0e7-4d0d-ac3f-6cfeeb0b036a', 'qc_commission_h@@@quotaionsendflag',0, 'qc_commission_h', '2019-06-09 23:45:05' ) ;
insert into md_ORMap ( attributeid, classid, columnid, dr, tableid, ts ) values (  '05030d55-c69b-40e7-9bf0-990e2a898225', 'fcbcdbe2-c0e7-4d0d-ac3f-6cfeeb0b036a', 'qc_commission_h@@@progressneed',0, 'qc_commission_h', '2019-06-09 23:45:05' ) ;
insert into md_ORMap ( attributeid, classid, columnid, dr, tableid, ts ) values (  'c48e36d9-1ad9-4be4-a8c7-2461114ce8e9', 'fcbcdbe2-c0e7-4d0d-ac3f-6cfeeb0b036a', 'qc_commission_h@@@pk_org',0, 'qc_commission_h', '2019-06-09 23:45:05' ) ;
insert into md_ORMap ( attributeid, classid, columnid, dr, tableid, ts ) values (  '5b417593-1f73-43ac-a8f3-7408747f97b4', 'fcbcdbe2-c0e7-4d0d-ac3f-6cfeeb0b036a', 'qc_commission_h@@@def30',0, 'qc_commission_h', '2019-06-09 23:45:05' ) ;
insert into md_ORMap ( attributeid, classid, columnid, dr, tableid, ts ) values (  '69fd2721-0c42-4de6-8999-1ca396e3f9a5', '15d35e3e-1230-45f2-9279-5412dc4077df', 'qc_commission_r@@@isautogeneration',0, 'qc_commission_r', '2019-06-09 23:45:05' ) ;
insert into md_ORMap ( attributeid, classid, columnid, dr, tableid, ts ) values (  '59fd98dc-249e-40ca-a3dc-ee2dc4e74b1f', '13e87994-f2fd-482e-8c93-5d3842ba20a5', 'qc_commission_b@@@typeno',0, 'qc_commission_b', '2019-06-09 23:45:05' ) ;
insert into md_ORMap ( attributeid, classid, columnid, dr, tableid, ts ) values (  'f70f9bf2-c4bb-43b3-90a9-e43848c324c0', 'fcbcdbe2-c0e7-4d0d-ac3f-6cfeeb0b036a', 'qc_commission_h@@@savetotemplateflag',0, 'qc_commission_h', '2019-06-09 23:45:05' ) ;
insert into md_ORMap ( attributeid, classid, columnid, dr, tableid, ts ) values (  '2bf9db6f-67cc-4a98-b997-db402fe0594e', 'fcbcdbe2-c0e7-4d0d-ac3f-6cfeeb0b036a', 'qc_commission_h@@@def1',0, 'qc_commission_h', '2019-06-09 23:45:05' ) ;
insert into md_ORMap ( attributeid, classid, columnid, dr, tableid, ts ) values (  '8f0ba6a8-58ca-45d3-ac8a-28cb761d2a01', '13e87994-f2fd-482e-8c93-5d3842ba20a5', 'qc_commission_b@@@def20',0, 'qc_commission_b', '2019-06-09 23:45:05' ) ;
insert into md_ORMap ( attributeid, classid, columnid, dr, tableid, ts ) values (  'e2b9dd8e-9e5f-46ae-bbb5-a0dc11bd7fcb', 'fcbcdbe2-c0e7-4d0d-ac3f-6cfeeb0b036a', 'qc_commission_h@@@contract',0, 'qc_commission_h', '2019-06-09 23:45:05' ) ;
insert into md_ORMap ( attributeid, classid, columnid, dr, tableid, ts ) values (  'b6404fe9-09aa-4a0e-ab5c-7562cec4b889', '13e87994-f2fd-482e-8c93-5d3842ba20a5', 'qc_commission_b@@@manufacturer',0, 'qc_commission_b', '2019-06-09 23:45:05' ) ;
insert into md_ORMap ( attributeid, classid, columnid, dr, tableid, ts ) values (  'a9ed3e74-24d2-4d2e-b69a-c6cfbeec4906', '15d35e3e-1230-45f2-9279-5412dc4077df', 'qc_commission_r@@@pk_valuetype',0, 'qc_commission_r', '2019-06-09 23:45:05' ) ;
insert into md_ORMap ( attributeid, classid, columnid, dr, tableid, ts ) values (  '74a508a1-8c73-4017-b48f-da8fdb133891', 'fcbcdbe2-c0e7-4d0d-ac3f-6cfeeb0b036a', 'qc_commission_h@@@pk_payer',0, 'qc_commission_h', '2019-06-09 23:45:05' ) ;
insert into md_ORMap ( attributeid, classid, columnid, dr, tableid, ts ) values (  '4ed9a6fb-196b-4f78-8d16-d1b9dfc435b5', 'fcbcdbe2-c0e7-4d0d-ac3f-6cfeeb0b036a', 'qc_commission_h@@@customertype',0, 'qc_commission_h', '2019-06-09 23:45:05' ) ;
insert into md_ORMap ( attributeid, classid, columnid, dr, tableid, ts ) values (  'b1177e32-9738-4d8b-bb94-604ecf5cb9fe', 'fcbcdbe2-c0e7-4d0d-ac3f-6cfeeb0b036a', 'qc_commission_h@@@def23',0, 'qc_commission_h', '2019-06-09 23:45:05' ) ;
insert into md_ORMap ( attributeid, classid, columnid, dr, tableid, ts ) values (  '509c775b-148d-4481-9eb2-e6bfe2d500c8', 'fcbcdbe2-c0e7-4d0d-ac3f-6cfeeb0b036a', 'qc_commission_h@@@taskbeginsendflag',0, 'qc_commission_h', '2019-06-09 23:45:05' ) ;
insert into md_ORMap ( attributeid, classid, columnid, dr, tableid, ts ) values (  'bbfdd8a8-c662-47e9-a735-ab477f10cb3d', '13e87994-f2fd-482e-8c93-5d3842ba20a5', 'qc_commission_b@@@def3',0, 'qc_commission_b', '2019-06-09 23:45:05' ) ;
insert into md_ORMap ( attributeid, classid, columnid, dr, tableid, ts ) values (  '6447b304-3715-465a-99a5-d1b943a7171e', 'fcbcdbe2-c0e7-4d0d-ac3f-6cfeeb0b036a', 'qc_commission_h@@@pk_maincategory',0, 'qc_commission_h', '2019-06-09 23:45:05' ) ;
insert into md_ORMap ( attributeid, classid, columnid, dr, tableid, ts ) values (  'e00a76c9-2544-4f4f-a4bd-97b2d2ea8cea', '13e87994-f2fd-482e-8c93-5d3842ba20a5', 'qc_commission_b@@@def10',0, 'qc_commission_b', '2019-06-09 23:45:05' ) ;
insert into md_ORMap ( attributeid, classid, columnid, dr, tableid, ts ) values (  '12fc8b23-b1aa-452c-8c26-0b4ff31b3be9', '13e87994-f2fd-482e-8c93-5d3842ba20a5', 'qc_commission_b@@@def2',0, 'qc_commission_b', '2019-06-09 23:45:05' ) ;
insert into md_ORMap ( attributeid, classid, columnid, dr, tableid, ts ) values (  'e323c0b8-b903-4136-85c4-32e341b8b2d1', 'fcbcdbe2-c0e7-4d0d-ac3f-6cfeeb0b036a', 'qc_commission_h@@@def34',0, 'qc_commission_h', '2019-06-09 23:45:05' ) ;
insert into md_ORMap ( attributeid, classid, columnid, dr, tableid, ts ) values (  'ac151120-d7be-4ab2-8c4e-f41907f28181', 'fcbcdbe2-c0e7-4d0d-ac3f-6cfeeb0b036a', 'qc_commission_h@@@def15',0, 'qc_commission_h', '2019-06-09 23:45:05' ) ;
insert into md_ORMap ( attributeid, classid, columnid, dr, tableid, ts ) values (  'cc7e61c7-20c8-4be6-b5d8-990ff43afbf2', '81401002-4e72-4f06-ad4b-72e2b666e331', 'qc_commission_c@@@newvalue',0, 'qc_commission_c', '2019-06-09 23:45:05' ) ;
insert into md_ORMap ( attributeid, classid, columnid, dr, tableid, ts ) values (  '966d5ba6-269d-4486-9365-f3187a1a15a0', 'fcbcdbe2-c0e7-4d0d-ac3f-6cfeeb0b036a', 'qc_commission_c@@@pk_commission_h',0, 'qc_commission_c', '2019-06-09 23:45:05' ) ;
insert into md_ORMap ( attributeid, classid, columnid, dr, tableid, ts ) values (  '0c037053-9b4c-494d-ae6c-74540d155172', '13e87994-f2fd-482e-8c93-5d3842ba20a5', 'qc_commission_b@@@quantity',0, 'qc_commission_b', '2019-06-09 23:45:05' ) ;
insert into md_ORMap ( attributeid, classid, columnid, dr, tableid, ts ) values (  '82ede28e-d8ad-44e6-a5f0-090d30dc1770', 'fcbcdbe2-c0e7-4d0d-ac3f-6cfeeb0b036a', 'qc_commission_h@@@def16',0, 'qc_commission_h', '2019-06-09 23:45:05' ) ;
insert into md_ORMap ( attributeid, classid, columnid, dr, tableid, ts ) values (  'a553c777-3256-48f5-b11a-13a5ffd84054', '13e87994-f2fd-482e-8c93-5d3842ba20a5', 'qc_commission_b@@@def16',0, 'qc_commission_b', '2019-06-09 23:45:05' ) ;
insert into md_ORMap ( attributeid, classid, columnid, dr, tableid, ts ) values (  'a251c369-396a-4cae-97ca-d0fe2f2e4006', '13e87994-f2fd-482e-8c93-5d3842ba20a5', 'qc_commission_b@@@def15',0, 'qc_commission_b', '2019-06-09 23:45:05' ) ;
insert into md_ORMap ( attributeid, classid, columnid, dr, tableid, ts ) values (  '6176cb07-a973-4404-9a98-2317f5b30a30', '13e87994-f2fd-482e-8c93-5d3842ba20a5', 'qc_commission_b@@@otherinfo',0, 'qc_commission_b', '2019-06-09 23:45:05' ) ;
insert into md_ORMap ( attributeid, classid, columnid, dr, tableid, ts ) values (  'a1824629-d9d1-4d3a-9d01-5869568d16d7', 'fcbcdbe2-c0e7-4d0d-ac3f-6cfeeb0b036a', 'qc_commission_h@@PK@@',0, 'qc_commission_h', '2019-06-09 23:45:05' ) ;
insert into md_ORMap ( attributeid, classid, columnid, dr, tableid, ts ) values (  '3a3e1d8e-bcd9-43db-bb64-691214c8384a', 'fcbcdbe2-c0e7-4d0d-ac3f-6cfeeb0b036a', 'qc_commission_h@@@def31',0, 'qc_commission_h', '2019-06-09 23:45:05' ) ;
insert into md_ORMap ( attributeid, classid, columnid, dr, tableid, ts ) values (  '852e2bc2-43a3-436e-8c93-85485cb41799', '13e87994-f2fd-482e-8c93-5d3842ba20a5', 'qc_commission_r@@@pk_commission_b',0, 'qc_commission_r', '2019-06-09 23:45:05' ) ;
insert into md_ORMap ( attributeid, classid, columnid, dr, tableid, ts ) values (  '0176f0b7-e69a-4385-8ed2-b84d0e9d02da', 'fcbcdbe2-c0e7-4d0d-ac3f-6cfeeb0b036a', 'qc_commission_h@@@def26',0, 'qc_commission_h', '2019-06-09 23:45:05' ) ;
insert into md_ORMap ( attributeid, classid, columnid, dr, tableid, ts ) values (  '0434c69d-a6d2-4458-bcf0-eabd7804b05d', 'fcbcdbe2-c0e7-4d0d-ac3f-6cfeeb0b036a', 'qc_commission_h@@@def20',0, 'qc_commission_h', '2019-06-09 23:45:05' ) ;
insert into md_ORMap ( attributeid, classid, columnid, dr, tableid, ts ) values (  '8df03dd9-284e-4490-beaf-9c65f7e4c30e', '15d35e3e-1230-45f2-9279-5412dc4077df', 'qc_commission_r@@@pk_samplegroup',0, 'qc_commission_r', '2019-06-09 23:45:05' ) ;
insert into md_ORMap ( attributeid, classid, columnid, dr, tableid, ts ) values (  '0e1e1597-54f4-4f0c-8f46-abcadd63a723', '13e87994-f2fd-482e-8c93-5d3842ba20a5', 'qc_commission_b@@@def12',0, 'qc_commission_b', '2019-06-09 23:45:05' ) ;
insert into md_ORMap ( attributeid, classid, columnid, dr, tableid, ts ) values (  '33e14363-c1dc-4d77-a34e-f39fc82e3afe', 'fcbcdbe2-c0e7-4d0d-ac3f-6cfeeb0b036a', 'qc_commission_h@@@def14',0, 'qc_commission_h', '2019-06-09 23:45:05' ) ;
insert into md_ORMap ( attributeid, classid, columnid, dr, tableid, ts ) values (  'a0ba434b-1e2e-40db-9bd9-099727db4f12', 'fcbcdbe2-c0e7-4d0d-ac3f-6cfeeb0b036a', 'qc_commission_h@@@managersendflag',0, 'qc_commission_h', '2019-06-09 23:45:05' ) ;
insert into md_ORMap ( attributeid, classid, columnid, dr, tableid, ts ) values (  '051c0b80-90de-4d7f-acb7-7a97470555dc', '13e87994-f2fd-482e-8c93-5d3842ba20a5', 'qc_commission_b@@@pk_samplegroup',0, 'qc_commission_b', '2019-06-09 23:45:05' ) ;
insert into md_ORMap ( attributeid, classid, columnid, dr, tableid, ts ) values (  '63b6e2a8-f6db-42ac-bb36-bc4687481bca', '15d35e3e-1230-45f2-9279-5412dc4077df', 'qc_commission_r@@@pk_component',0, 'qc_commission_r', '2019-06-09 23:45:05' ) ;
insert into md_ORMap ( attributeid, classid, columnid, dr, tableid, ts ) values (  '77c92533-7f49-4dab-b650-25866c513bcd', 'fcbcdbe2-c0e7-4d0d-ac3f-6cfeeb0b036a', 'qc_commission_h@@@pk_owner',0, 'qc_commission_h', '2019-06-09 23:45:05' ) ;
insert into md_ORMap ( attributeid, classid, columnid, dr, tableid, ts ) values (  '754729ac-b004-4647-8d1a-ff6497b01456', '13e87994-f2fd-482e-8c93-5d3842ba20a5', 'qc_commission_b@@@contactmodel',0, 'qc_commission_b', '2019-06-09 23:45:05' ) ;
insert into md_ORMap ( attributeid, classid, columnid, dr, tableid, ts ) values (  'a1d2e0d3-2d18-4ab8-b905-cb80cd138f13', 'fcbcdbe2-c0e7-4d0d-ac3f-6cfeeb0b036a', 'qc_commission_h@@@productproperty',0, 'qc_commission_h', '2019-06-09 23:45:05' ) ;
insert into md_ORMap ( attributeid, classid, columnid, dr, tableid, ts ) values (  'e877d73f-850c-4837-8616-8e7176c4e52a', 'fcbcdbe2-c0e7-4d0d-ac3f-6cfeeb0b036a', 'qc_commission_h@@@def13',0, 'qc_commission_h', '2019-06-09 23:45:05' ) ;
insert into md_ORMap ( attributeid, classid, columnid, dr, tableid, ts ) values (  '1f022d41-2128-47ec-893b-86f6f1bd0968', 'fcbcdbe2-c0e7-4d0d-ac3f-6cfeeb0b036a', 'qc_commission_h@@@def17',0, 'qc_commission_h', '2019-06-09 23:45:05' ) ;
insert into md_ORMap ( attributeid, classid, columnid, dr, tableid, ts ) values (  'cfc01404-fbce-4493-8125-97d43b853ac1', '13e87994-f2fd-482e-8c93-5d3842ba20a5', 'qc_commission_b@@@def11',0, 'qc_commission_b', '2019-06-09 23:45:05' ) ;
insert into md_ORMap ( attributeid, classid, columnid, dr, tableid, ts ) values (  'a10d1293-0143-488b-a57b-343a44e195ce', 'fcbcdbe2-c0e7-4d0d-ac3f-6cfeeb0b036a', 'qc_commission_h@@@def27',0, 'qc_commission_h', '2019-06-09 23:45:05' ) ;
insert into md_ORMap ( attributeid, classid, columnid, dr, tableid, ts ) values (  'ef74a80d-8d84-453e-b6e4-44631c5b1602', '13e87994-f2fd-482e-8c93-5d3842ba20a5', 'qc_commission_b@@@def19',0, 'qc_commission_b', '2019-06-09 23:45:05' ) ;
insert into md_ORMap ( attributeid, classid, columnid, dr, tableid, ts ) values (  '54a17d90-ac1b-45be-bef7-5a6c88e5ab2d', 'fcbcdbe2-c0e7-4d0d-ac3f-6cfeeb0b036a', 'qc_commission_h@@@def10',0, 'qc_commission_h', '2019-06-09 23:45:05' ) ;
insert into md_ORMap ( attributeid, classid, columnid, dr, tableid, ts ) values (  '4d23da13-3bd5-4b73-b4de-1c27cba185d4', '81401002-4e72-4f06-ad4b-72e2b666e331', 'qc_commission_c@@@itemname',0, 'qc_commission_c', '2019-06-09 23:45:05' ) ;
insert into md_ORMap ( attributeid, classid, columnid, dr, tableid, ts ) values (  'd4947d74-3313-4e29-a23c-2e23fa238c0a', '15d35e3e-1230-45f2-9279-5412dc4077df', 'qc_commission_r@@@judgeflag',0, 'qc_commission_r', '2019-06-09 23:45:05' ) ;
insert into md_ORMap ( attributeid, classid, columnid, dr, tableid, ts ) values (  'fc75d56e-881d-4391-9f2a-391f25470fa9', 'fcbcdbe2-c0e7-4d0d-ac3f-6cfeeb0b036a', 'qc_commission_h@@@sampledealtype',0, 'qc_commission_h', '2019-06-09 23:45:05' ) ;
insert into md_ORMap ( attributeid, classid, columnid, dr, tableid, ts ) values (  '04b25484-4efa-4336-9149-41838ac0479e', '15d35e3e-1230-45f2-9279-5412dc4077df', 'qc_commission_r@@PK@@',0, 'qc_commission_r', '2019-06-09 23:45:05' ) ;
insert into md_ORMap ( attributeid, classid, columnid, dr, tableid, ts ) values (  'da519cdd-db0f-48d5-adb7-446fb7c1fb7b', 'fcbcdbe2-c0e7-4d0d-ac3f-6cfeeb0b036a', 'qc_commission_h@@@def2',0, 'qc_commission_h', '2019-06-09 23:45:05' ) ;
insert into md_ORMap ( attributeid, classid, columnid, dr, tableid, ts ) values (  '5cef77af-9d19-4d09-844e-9efde9166684', '13e87994-f2fd-482e-8c93-5d3842ba20a5', 'qc_commission_b@@@pk_enterprisestandard',0, 'qc_commission_b', '2019-06-09 23:45:05' ) ;
insert into md_ORMap ( attributeid, classid, columnid, dr, tableid, ts ) values (  '846fa421-2aef-4219-80f3-07eaf9a85f5b', '13e87994-f2fd-482e-8c93-5d3842ba20a5', 'qc_commission_b@@@analysisref',0, 'qc_commission_b', '2019-06-09 23:45:05' ) ;
insert into md_ORMap ( attributeid, classid, columnid, dr, tableid, ts ) values (  'd4886945-8797-428f-a003-8dfc54ffac4c', 'fcbcdbe2-c0e7-4d0d-ac3f-6cfeeb0b036a', 'qc_commission_h@@@receiptsendflag',0, 'qc_commission_h', '2019-06-09 23:45:05' ) ;
insert into md_ORMap ( attributeid, classid, columnid, dr, tableid, ts ) values (  'e696167d-6558-44e2-8172-ae06f7bd76e0', 'fcbcdbe2-c0e7-4d0d-ac3f-6cfeeb0b036a', 'qc_commission_h@@@def39',0, 'qc_commission_h', '2019-06-09 23:45:05' ) ;
insert into md_ORMap ( attributeid, classid, columnid, dr, tableid, ts ) values (  '86b3fbaf-616e-4620-80f1-02b5f07269d0', 'fcbcdbe2-c0e7-4d0d-ac3f-6cfeeb0b036a', 'qc_commission_h@@@reportsendflag',0, 'qc_commission_h', '2019-06-09 23:45:05' ) ;
insert into md_ORMap ( attributeid, classid, columnid, dr, tableid, ts ) values (  '9ee747e3-fd6b-40b1-b7b2-ce132f10c054', 'fcbcdbe2-c0e7-4d0d-ac3f-6cfeeb0b036a', 'qc_commission_h@@@modifier',0, 'qc_commission_h', '2019-06-09 23:45:05' ) ;
insert into md_ORMap ( attributeid, classid, columnid, dr, tableid, ts ) values (  'd60ef4cc-6565-44c0-aa9a-f24b21cda3ac', 'fcbcdbe2-c0e7-4d0d-ac3f-6cfeeb0b036a', 'qc_commission_h@@@def37',0, 'qc_commission_h', '2019-06-09 23:45:05' ) ;
insert into md_ORMap ( attributeid, classid, columnid, dr, tableid, ts ) values (  'd3f87368-3773-4768-b7fd-fb6422966bc7', '81401002-4e72-4f06-ad4b-72e2b666e331', 'qc_commission_c@@@modifiedtime',0, 'qc_commission_c', '2019-06-09 23:45:05' ) ;
insert into md_ORMap ( attributeid, classid, columnid, dr, tableid, ts ) values (  'ca03f0fc-56e3-434b-b528-d6137013b279', 'fcbcdbe2-c0e7-4d0d-ac3f-6cfeeb0b036a', 'qc_commission_h@@@def32',0, 'qc_commission_h', '2019-06-09 23:45:05' ) ;
insert into md_ORMap ( attributeid, classid, columnid, dr, tableid, ts ) values (  '7cfc1038-0203-47b6-8f7e-45ce4246329e', '13e87994-f2fd-482e-8c93-5d3842ba20a5', 'qc_commission_b@@@def17',0, 'qc_commission_b', '2019-06-09 23:45:05' ) ;
insert into md_ORMap ( attributeid, classid, columnid, dr, tableid, ts ) values (  'db47bc58-21de-4664-abfa-aae264534c8c', '15d35e3e-1230-45f2-9279-5412dc4077df', 'qc_commission_r@@@stdminvalue',0, 'qc_commission_r', '2019-06-09 23:45:05' ) ;
insert into md_ORMap ( attributeid, classid, columnid, dr, tableid, ts ) values (  '80c35b87-37f8-45d2-99dc-f57690856cbf', 'fcbcdbe2-c0e7-4d0d-ac3f-6cfeeb0b036a', 'qc_commission_h@@@pk_org_v',0, 'qc_commission_h', '2019-06-09 23:45:05' ) ;
insert into md_ORMap ( attributeid, classid, columnid, dr, tableid, ts ) values (  'bf4f34a9-c429-4aa9-981d-deed449a1261', 'fcbcdbe2-c0e7-4d0d-ac3f-6cfeeb0b036a', 'qc_commission_h@@@billno',0, 'qc_commission_h', '2019-06-09 23:45:05' ) ;
insert into md_ORMap ( attributeid, classid, columnid, dr, tableid, ts ) values (  'b98aa317-078c-43ba-8423-02d0815f71ea', 'fcbcdbe2-c0e7-4d0d-ac3f-6cfeeb0b036a', 'qc_commission_h@@@pk_subcategory',0, 'qc_commission_h', '2019-06-09 23:45:05' ) ;
insert into md_ORMap ( attributeid, classid, columnid, dr, tableid, ts ) values (  '83d1f043-acd7-4ece-85c0-bcd19e453057', 'fcbcdbe2-c0e7-4d0d-ac3f-6cfeeb0b036a', 'qc_commission_h@@@def18',0, 'qc_commission_h', '2019-06-09 23:45:05' ) ;
insert into md_ORMap ( attributeid, classid, columnid, dr, tableid, ts ) values (  '0ba63ea0-3fda-4877-9cc4-07336e98794e', 'fcbcdbe2-c0e7-4d0d-ac3f-6cfeeb0b036a', 'qc_commission_h@@@def8',0, 'qc_commission_h', '2019-06-09 23:45:05' ) ;
insert into md_ORMap ( attributeid, classid, columnid, dr, tableid, ts ) values (  '6fd99b93-41bc-4225-bc9b-b818bba89b80', 'fcbcdbe2-c0e7-4d0d-ac3f-6cfeeb0b036a', 'qc_commission_h@@@def4',0, 'qc_commission_h', '2019-06-09 23:45:05' ) ;
insert into md_ORMap ( attributeid, classid, columnid, dr, tableid, ts ) values (  'ec0a02df-4777-4763-a6ca-440baba60bc3', '13e87994-f2fd-482e-8c93-5d3842ba20a5', 'qc_commission_b@@@def5',0, 'qc_commission_b', '2019-06-09 23:45:05' ) ;
insert into md_ORMap ( attributeid, classid, columnid, dr, tableid, ts ) values (  '651de86b-a5bd-44b3-9183-f3e730283596', 'fcbcdbe2-c0e7-4d0d-ac3f-6cfeeb0b036a', 'qc_commission_h@@@modifiedtime',0, 'qc_commission_h', '2019-06-09 23:45:05' ) ;
insert into md_ORMap ( attributeid, classid, columnid, dr, tableid, ts ) values (  '8f16c284-58bf-4999-b79f-a341df699bc3', 'fcbcdbe2-c0e7-4d0d-ac3f-6cfeeb0b036a', 'qc_commission_h@@@pk_dept',0, 'qc_commission_h', '2019-06-09 23:45:05' ) ;
insert into md_ORMap ( attributeid, classid, columnid, dr, tableid, ts ) values (  '87042d9b-3c87-4187-9f24-9521ecc33a6e', '81401002-4e72-4f06-ad4b-72e2b666e331', 'qc_commission_c@@@rowno',0, 'qc_commission_c', '2019-06-09 23:45:05' ) ;
insert into md_ORMap ( attributeid, classid, columnid, dr, tableid, ts ) values (  '6226f320-bc97-4eb5-ac83-4c5b464af0a2', 'fcbcdbe2-c0e7-4d0d-ac3f-6cfeeb0b036a', 'qc_commission_h@@@itemnumber',0, 'qc_commission_h', '2019-06-09 23:45:05' ) ;
insert into md_ORMap ( attributeid, classid, columnid, dr, tableid, ts ) values (  '347bbf57-0804-4f67-a6f4-1cd85a2550ee', 'fcbcdbe2-c0e7-4d0d-ac3f-6cfeeb0b036a', 'qc_commission_h@@@def21',0, 'qc_commission_h', '2019-06-09 23:45:05' ) ;
insert into md_ORMap ( attributeid, classid, columnid, dr, tableid, ts ) values (  '605c3c99-3f47-49c9-b270-4ccdaedf3578', '13e87994-f2fd-482e-8c93-5d3842ba20a5', 'qc_commission_b@@@def18',0, 'qc_commission_b', '2019-06-09 23:45:05' ) ;
insert into md_ORMap ( attributeid, classid, columnid, dr, tableid, ts ) values (  'e93cd13d-373a-4be4-b9b6-b5c0c64efbe8', '13e87994-f2fd-482e-8c93-5d3842ba20a5', 'qc_commission_b@@@pk_productspec',0, 'qc_commission_b', '2019-06-09 23:45:05' ) ;
insert into md_ORMap ( attributeid, classid, columnid, dr, tableid, ts ) values (  '80432654-4fb5-4401-a6f2-5b314bcf9eb9', 'fcbcdbe2-c0e7-4d0d-ac3f-6cfeeb0b036a', 'qc_commission_h@@@def25',0, 'qc_commission_h', '2019-06-09 23:45:05' ) ;
insert into md_ORMap ( attributeid, classid, columnid, dr, tableid, ts ) values (  '9e243804-1b1b-47f8-92c8-60a2b6e9b7ec', '13e87994-f2fd-482e-8c93-5d3842ba20a5', 'qc_commission_b@@@pk_productserial',0, 'qc_commission_b', '2019-06-09 23:45:05' ) ;
insert into md_ORMap ( attributeid, classid, columnid, dr, tableid, ts ) values (  '27e55dc2-eefa-4165-b02e-0173d5ae0f0c', '13e87994-f2fd-482e-8c93-5d3842ba20a5', 'qc_commission_b@@@productstage',0, 'qc_commission_b', '2019-06-09 23:45:05' ) ;
insert into md_ORMap ( attributeid, classid, columnid, dr, tableid, ts ) values (  'f115f992-e014-4ea7-a17a-64a9045f2183', 'fcbcdbe2-c0e7-4d0d-ac3f-6cfeeb0b036a', 'qc_commission_h@@@creationtime',0, 'qc_commission_h', '2019-06-09 23:45:05' ) ;
insert into md_ORMap ( attributeid, classid, columnid, dr, tableid, ts ) values (  '76936c27-c7d6-4a03-ac9b-a7d1dc9461c1', 'fcbcdbe2-c0e7-4d0d-ac3f-6cfeeb0b036a', 'qc_commission_h@@@def7',0, 'qc_commission_h', '2019-06-09 23:45:05' ) ;
insert into md_ORMap ( attributeid, classid, columnid, dr, tableid, ts ) values (  '07ed2d05-feac-4203-a61c-4f6dd24d298e', 'fcbcdbe2-c0e7-4d0d-ac3f-6cfeeb0b036a', 'qc_commission_h@@@taskendsendflag',0, 'qc_commission_h', '2019-06-09 23:45:05' ) ;
insert into md_ORMap ( attributeid, classid, columnid, dr, tableid, ts ) values (  '4477f987-27de-4b48-83e8-6af592f24a92', 'fcbcdbe2-c0e7-4d0d-ac3f-6cfeeb0b036a', 'qc_commission_h@@@creator',0, 'qc_commission_h', '2019-06-09 23:45:05' ) ;
insert into md_ORMap ( attributeid, classid, columnid, dr, tableid, ts ) values (  'a944e8d2-d093-4fa6-8465-b4a7c5644cfc', '13e87994-f2fd-482e-8c93-5d3842ba20a5', 'qc_commission_b@@@def6',0, 'qc_commission_b', '2019-06-09 23:45:05' ) ;
insert into md_ORMap ( attributeid, classid, columnid, dr, tableid, ts ) values (  '03be7042-9dce-4de7-850a-132caaf6a34e', 'fcbcdbe2-c0e7-4d0d-ac3f-6cfeeb0b036a', 'qc_commission_h@@@def9',0, 'qc_commission_h', '2019-06-09 23:45:05' ) ;
insert into md_ORMap ( attributeid, classid, columnid, dr, tableid, ts ) values (  'ea3f609a-14a8-40c9-8704-3b6ecc48b91b', '15d35e3e-1230-45f2-9279-5412dc4077df', 'qc_commission_r@@@stdmaxvalue',0, 'qc_commission_r', '2019-06-09 23:45:05' ) ;
insert into md_ORMap ( attributeid, classid, columnid, dr, tableid, ts ) values (  'e848b826-2057-4bf6-9698-3e49b0d96bfc', '13e87994-f2fd-482e-8c93-5d3842ba20a5', 'qc_commission_b@@@def4',0, 'qc_commission_b', '2019-06-09 23:45:05' ) ;
insert into md_ORMap ( attributeid, classid, columnid, dr, tableid, ts ) values (  '07a0b45d-e69c-4c0d-b00d-edd49d3c998a', '13e87994-f2fd-482e-8c93-5d3842ba20a5', 'qc_commission_b@@@contacttype',0, 'qc_commission_b', '2019-06-09 23:45:05' ) ;
insert into md_ORMap ( attributeid, classid, columnid, dr, tableid, ts ) values (  '697ac8b9-65f0-42ad-bd77-955d72b07505', 'fcbcdbe2-c0e7-4d0d-ac3f-6cfeeb0b036a', 'qc_commission_h@@@def35',0, 'qc_commission_h', '2019-06-09 23:45:05' ) ;
insert into md_ORMap ( attributeid, classid, columnid, dr, tableid, ts ) values (  'fea534c6-2e12-4b14-9b19-248fa69cea41', 'fcbcdbe2-c0e7-4d0d-ac3f-6cfeeb0b036a', 'qc_commission_h@@@def24',0, 'qc_commission_h', '2019-06-09 23:45:05' ) ;
insert into md_ORMap ( attributeid, classid, columnid, dr, tableid, ts ) values (  'd5846cbe-80fc-4688-b41d-8e1eb0fa1b87', '81401002-4e72-4f06-ad4b-72e2b666e331', 'qc_commission_c@@@oldvalue',0, 'qc_commission_c', '2019-06-09 23:45:05' ) ;
insert into md_ORMap ( attributeid, classid, columnid, dr, tableid, ts ) values (  '1a24def9-d83d-4d12-b408-74cb61da6808', '13e87994-f2fd-482e-8c93-5d3842ba20a5', 'qc_commission_b@@@def7',0, 'qc_commission_b', '2019-06-09 23:45:05' ) ;
insert into md_ORMap ( attributeid, classid, columnid, dr, tableid, ts ) values (  'c77dccbe-529e-4fdc-9448-9ead02d4abaa', 'fcbcdbe2-c0e7-4d0d-ac3f-6cfeeb0b036a', 'qc_commission_h@@@productdate',0, 'qc_commission_h', '2019-06-09 23:45:05' ) ;
insert into md_ORMap ( attributeid, classid, columnid, dr, tableid, ts ) values (  '8b152ba2-dd8b-4d10-afca-b8596f4d3ca9', '13e87994-f2fd-482e-8c93-5d3842ba20a5', 'qc_commission_b@@@def13',0, 'qc_commission_b', '2019-06-09 23:45:05' ) ;
insert into md_ORMap ( attributeid, classid, columnid, dr, tableid, ts ) values (  'eddb0c05-d7df-4e36-a99f-3a083caa5db7', 'fcbcdbe2-c0e7-4d0d-ac3f-6cfeeb0b036a', 'qc_commission_h@@@productline',0, 'qc_commission_h', '2019-06-09 23:45:05' ) ;
insert into md_db_relation ( id, createtime, creator, description, displayname, dr, endcardinality, endfieldid, endtableid, help, modifier, modifytime, name, startcardinality, startfieldid, starttableid, ts, versiontype, resid, asstype, startattrid, isforeignkey ) values (  'b2c12b41-d5a6-4667-96ee-2a1d04753f23', null, null, null, 'qc_commission_b->qc_commission_h',0, null, 'qc_commission_h@@PK@@', 'qc_commission_h', null, null, null, 'qc_commission_b->qc_commission_h', null, 'qc_commission_b@@@pk_commission_h', 'qc_commission_b', '2019-06-09 23:45:05',0, null,1, 'fed288be-4851-4759-8625-c8b5df862f58', 'Y' ) ;
insert into md_db_relation ( id, createtime, creator, description, displayname, dr, endcardinality, endfieldid, endtableid, help, modifier, modifytime, name, startcardinality, startfieldid, starttableid, ts, versiontype, resid, asstype, startattrid, isforeignkey ) values (  '81437949-a6db-464c-a32a-34fd1efca434', null, null, null, 'qc_commission_c->qc_commission_h',0, null, 'qc_commission_h@@PK@@', 'qc_commission_h', null, null, null, 'qc_commission_c->qc_commission_h', null, 'qc_commission_c@@@pk_commission_h', 'qc_commission_c', '2019-06-09 23:45:05',0, null,1, '966d5ba6-269d-4486-9365-f3187a1a15a0', 'Y' ) ;
insert into md_db_relation ( id, createtime, creator, description, displayname, dr, endcardinality, endfieldid, endtableid, help, modifier, modifytime, name, startcardinality, startfieldid, starttableid, ts, versiontype, resid, asstype, startattrid, isforeignkey ) values (  '7f6276ec-1171-49c6-b708-bc8247e9d0fb', null, null, null, 'qc_commission_r->qc_commission_b',0, null, 'qc_commission_b@@PK@@', 'qc_commission_b', null, null, null, 'qc_commission_r->qc_commission_b', null, 'qc_commission_r@@@pk_commission_b', 'qc_commission_r', '2019-06-09 23:45:05',0, null,1, '852e2bc2-43a3-436e-8c93-85485cb41799', 'Y' ) ;


DROP TABLE qc_commission_h;
DROP TABLE qc_commission_b;
DROP TABLE qc_commission_r;
DROP TABLE qc_commission_c;

create table qc_commission_h (
pk_commission_h char(20) NOT NULL,
creator varchar(20) default '~' NULL,
creationtime char(19) NULL,
modifier varchar(20) default '~' NULL,
modifiedtime char(19) NULL,
lastmaketime char(19) NULL,
dmakedate char(19) NULL,
pk_group varchar(20) default '~' NULL,
pk_org varchar(20) default '~' NULL,
pk_org_v varchar(20) default '~' NULL,
pk_commissiontype varchar(20) default '~' NULL,
codeprefix varchar(20) default '~' NULL,
billno varchar(50) NULL,
billname varchar(50) NULL,
pk_owner varchar(20) default '~' NULL,
pk_dept varchar(20) default '~' NULL,
pk_payer varchar(20) default '~' NULL,
contract varchar(200) NULL,
email varchar(200) NULL,
teleno varchar(200) NULL,
pk_maincategory varchar(20) default '~' NULL,
pk_subcategory varchar(20) default '~' NULL,
pk_lastcategory varchar(20) default '~' NULL,
cuserid varchar(20) default '~' NULL,
reportformat varchar(20) default '~' NULL,
reportlang varchar(20) default '~' NULL,
managersendflag char(1) NULL,
taskbeginsendflag char(1) NULL,
taskendsendflag char(1) NULL,
reportsendflag char(1) NULL,
savetotemplateflag char(1) NULL,
receiptsendflag char(1) NULL,
quotaionsendflag char(1) NULL,
testaim varchar(200) NULL,
progressneed varchar(200) NULL,
sampledealtype varchar(20) default '~' NULL,
productproperty varchar(20) default '~' NULL,
customername varchar(200) NULL,
customertype varchar(20) default '~' NULL,
testrequirement varchar(20) default '~' NULL,
checkingproperty varchar(20) default '~' NULL,
productline varchar(200) NULL,
batchnumber varchar(200) NULL,
productdate char(10) NULL,
batchserial varchar(200) NULL,
identificationtype varchar(20) default '~' NULL,
certificationtype varchar(20) default '~' NULL,
itemnumber varchar(200) NULL,
docstatus varchar(50) NULL,
def1 varchar(100) NULL,
def2 varchar(100) NULL,
def3 varchar(100) NULL,
def4 varchar(100) NULL,
def5 varchar(100) NULL,
def6 varchar(100) NULL,
def7 varchar(100) NULL,
def8 varchar(100) NULL,
def9 varchar(100) NULL,
def10 varchar(100) NULL,
def11 varchar(100) NULL,
def12 varchar(100) NULL,
def13 varchar(100) NULL,
def14 varchar(100) NULL,
def15 varchar(100) NULL,
def16 varchar(100) NULL,
def17 varchar(100) NULL,
def18 varchar(100) NULL,
def19 varchar(100) NULL,
def20 varchar(100) NULL,
def21 varchar(100) NULL,
def22 varchar(100) NULL,
def23 varchar(100) NULL,
def24 varchar(100) NULL,
def25 varchar(100) NULL,
def26 varchar(100) NULL,
def27 varchar(100) NULL,
def28 varchar(100) NULL,
def29 varchar(100) NULL,
def30 varchar(100) NULL,
def31 varchar(100) NULL,
def32 varchar(100) NULL,
def33 varchar(100) NULL,
def34 varchar(100) NULL,
def35 varchar(100) NULL,
def36 varchar(100) NULL,
def37 varchar(100) NULL,
def38 varchar(100) NULL,
def39 varchar(100) NULL,
def40 varchar(100) NULL,
CONSTRAINT PK_QC_COMMISSION_H PRIMARY KEY (pk_commission_h),
ts char(19) NULL,
dr smallint default 0 
);


create table qc_commission_b (
pk_commission_b char(20) NOT NULL,
rowno varchar(50) NULL,
pk_productserial varchar(20) default '~' NULL,
pk_enterprisestandard varchar(20) default '~' NULL,
typeno varchar(200) NULL,
pk_productspec varchar(20) default '~' NULL,
pk_structuretype varchar(20) default '~' NULL,
contacttype varchar(50) NULL,
quantity decimal(28,8) NULL,
manufacturer varchar(200) NULL,
pk_contactbrand varchar(20) default '~' NULL,
contactmodel varchar(50) NULL,
productstage varchar(50) NULL,
pk_samplegroup varchar(20) default '~' NULL,
analysisref varchar(200) NULL,
otherinfo varchar(400) NULL,
def1 varchar(100) NULL,
def2 varchar(100) NULL,
def3 varchar(100) NULL,
def4 varchar(100) NULL,
def5 varchar(100) NULL,
def6 varchar(100) NULL,
def7 varchar(100) NULL,
def8 varchar(100) NULL,
def9 varchar(100) NULL,
def10 varchar(100) NULL,
def11 varchar(100) NULL,
def12 varchar(100) NULL,
def13 varchar(100) NULL,
def14 varchar(100) NULL,
def15 varchar(100) NULL,
def16 varchar(100) NULL,
def17 varchar(100) NULL,
def18 varchar(100) NULL,
def19 varchar(100) NULL,
def20 varchar(100) NULL,
pk_commission_h char(20) NOT NULL,
CONSTRAINT PK_QC_COMMISSION_B PRIMARY KEY (pk_commission_b),
ts char(19) NULL,
dr smallint default 0 
);


create table qc_commission_r (
pk_commission_r char(20) NOT NULL,
rowno varchar(50) NULL,
analysisname varchar(50) NULL,
pk_samplegroup varchar(20) default '~' NULL,
pk_component varchar(20) default '~' NULL,
pk_valuetype varchar(20) default '~' NULL,
stdmaxvalue varchar(50) NULL,
stdminvalue varchar(50) NULL,
unitname varchar(50) NULL,
judgeflag char(1) NULL,
testflag char(1) NULL,
productstage varchar(50) NULL,
isautogeneration char(1) NULL,
pk_commission_b char(20) NOT NULL,
CONSTRAINT PK_QC_COMMISSION_R PRIMARY KEY (pk_commission_r),
ts char(19) NULL,
dr smallint default 0 
);


create table qc_commission_c (
pk_commission_c char(20) NOT NULL,
rowno varchar(50) NULL,
modifier varchar(20) default '~' NULL,
modifiedtime char(19) NULL,
itemname varchar(50) NULL,
oldvalue varchar(200) NULL,
newvalue varchar(200) NULL,
pk_commission_h char(20) NOT NULL,
CONSTRAINT PK_QC_COMMISSION_C PRIMARY KEY (pk_commission_c),
ts char(19) NULL,
dr smallint default 0 
);