DELETE FROM SM_MENUITEMREG WHERE MENUITEMCODE IN ('C0J00215');
INSERT INTO SM_MENUITEMREG (DR, FUNCODE, ICONPATH, ISMENUTYPE, MENUDES, MENUITEMCODE, MENUITEMNAME, NODEORDER, PK_MENU, PK_MENUITEM, RESID, TS) VALUES (0, 'C0J00203', null, 'N', null, 'C0J00215', '任务单', null, '1004ZZ10000000000FFL', '0001ZZ10000000003ALJ', 'DC0J00215', '2019-03-11 01:50:21');

DELETE FROM SM_FUNCREGISTER WHERE CFUNID = '0001ZZ10000000003ALH';
INSERT INTO SM_FUNCREGISTER (CFUNID, CLASS_NAME, DR, FUN_DESC, FUN_NAME, FUN_PROPERTY, FUNCODE, FUNTYPE, HELP_NAME, ISBUTTONPOWER, ISCAUSERUSABLE, ISENABLE, ISFUNCTYPE, MDID, ORGTYPECODE, OWN_MODULE, PARENT_ID, PK_GROUP, TS) VALUES ('0001ZZ10000000003ALH', 'nc.ui.pubapp.uif2app.ToftPanelAdaptorEx', 0, null, '任务单', 0, 'C0J00203', 0, null, 'N', null, 'Y', 'N', '~', 'BUSINESSUNIT00000000', 'C0J0', '0001ZZ100000000033XH', '~', '2018-12-05 16:29:10');

DELETE FROM SM_PARAMREGISTER WHERE PARENTID = '0001ZZ10000000003ALH';
INSERT INTO SM_PARAMREGISTER (DR, PARAMNAME, PARAMVALUE, PARENTID, PK_PARAM, TS) VALUES (0, 'BeanConfigFilePath', 'nc/ui/qcco/task/ace/view/Task_config.xml', '0001ZZ10000000003ALH', '0001ZZ10000000003ALI', '2019-03-11 01:46:15');

DELETE FROM SM_BUTNREGISTER WHERE PARENT_ID = '0001ZZ10000000003ALH';
INSERT INTO SM_BUTNREGISTER (BTNCODE, BTNDESC, BTNNAME, BTNOWNERTYPE, DR, ISBUTTONPOWER, ISENABLE, ISKEYFUNC, PARENT_ID, PK_BTN, RESID, TS) VALUES (null, null, null, 0, 0, 'N', 'Y', 'N', '0001ZZ10000000003ALH', '1001ZZ100000000039AO', null, '2019-04-13 19:09:25');
INSERT INTO SM_BUTNREGISTER (BTNCODE, BTNDESC, BTNNAME, BTNOWNERTYPE, DR, ISBUTTONPOWER, ISENABLE, ISKEYFUNC, PARENT_ID, PK_BTN, RESID, TS) VALUES ('PasteLineToTail', '粘贴行到末行(Ctrl+Alt+V)', '粘贴行到末行', 0, 0, 'N', 'Y', 'N', '0001ZZ10000000003ALH', '1001ZZ100000000039AP', null, '2019-04-13 19:09:25');
INSERT INTO SM_BUTNREGISTER (BTNCODE, BTNDESC, BTNNAME, BTNOWNERTYPE, DR, ISBUTTONPOWER, ISENABLE, ISKEYFUNC, PARENT_ID, PK_BTN, RESID, TS) VALUES ('Query', '查询(F3)', '查询 ', 0, 0, 'N', 'Y', 'N', '0001ZZ10000000003ALH', '1001ZZ100000000039AQ', null, '2019-04-13 19:09:25');
INSERT INTO SM_BUTNREGISTER (BTNCODE, BTNDESC, BTNNAME, BTNOWNERTYPE, DR, ISBUTTONPOWER, ISENABLE, ISKEYFUNC, PARENT_ID, PK_BTN, RESID, TS) VALUES ('EDITLINE', '卡片编辑(Ctrl+E)', '卡片编辑', 0, 0, 'N', 'Y', 'N', '0001ZZ10000000003ALH', '1001ZZ100000000039AR', null, '2019-04-13 19:09:25');
INSERT INTO SM_BUTNREGISTER (BTNCODE, BTNDESC, BTNNAME, BTNOWNERTYPE, DR, ISBUTTONPOWER, ISENABLE, ISKEYFUNC, PARENT_ID, PK_BTN, RESID, TS) VALUES ('CopyLine', '复制行(Alt+C)', '复制行', 0, 0, 'N', 'Y', 'N', '0001ZZ10000000003ALH', '1001ZZ100000000039AS', null, '2019-04-13 19:09:25');
INSERT INTO SM_BUTNREGISTER (BTNCODE, BTNDESC, BTNNAME, BTNOWNERTYPE, DR, ISBUTTONPOWER, ISENABLE, ISKEYFUNC, PARENT_ID, PK_BTN, RESID, TS) VALUES ('Copy', '复制(Ctrl+Alt+C)', '复制', 0, 0, 'N', 'Y', 'N', '0001ZZ10000000003ALH', '1001ZZ100000000039AT', null, '2019-04-13 19:09:25');
INSERT INTO SM_BUTNREGISTER (BTNCODE, BTNDESC, BTNNAME, BTNOWNERTYPE, DR, ISBUTTONPOWER, ISENABLE, ISKEYFUNC, PARENT_ID, PK_BTN, RESID, TS) VALUES ('UnApprove', '取消审批(Alt+U)', '取消审批', 0, 0, 'N', 'Y', 'N', '0001ZZ10000000003ALH', '1001ZZ100000000039AU', null, '2019-04-13 19:09:25');
INSERT INTO SM_BUTNREGISTER (BTNCODE, BTNDESC, BTNNAME, BTNOWNERTYPE, DR, ISBUTTONPOWER, ISENABLE, ISKEYFUNC, PARENT_ID, PK_BTN, RESID, TS) VALUES ('Cancel', '取消(Ctrl+Q)', '取消', 0, 0, 'N', 'Y', 'N', '0001ZZ10000000003ALH', '1001ZZ100000000039AV', null, '2019-04-13 19:09:25');
INSERT INTO SM_BUTNREGISTER (BTNCODE, BTNDESC, BTNNAME, BTNOWNERTYPE, DR, ISBUTTONPOWER, ISENABLE, ISKEYFUNC, PARENT_ID, PK_BTN, RESID, TS) VALUES ('Approve', '审批(Ctrl+U)', '审批', 0, 0, 'N', 'Y', 'N', '0001ZZ10000000003ALH', '1001ZZ100000000039AW', null, '2019-04-13 19:09:25');
INSERT INTO SM_BUTNREGISTER (BTNCODE, BTNDESC, BTNNAME, BTNOWNERTYPE, DR, ISBUTTONPOWER, ISENABLE, ISKEYFUNC, PARENT_ID, PK_BTN, RESID, TS) VALUES ('Add', '新增(Ctrl+N)', '新增', 0, 0, 'N', 'Y', 'N', '0001ZZ10000000003ALH', '1001ZZ100000000039AX', null, '2019-04-13 19:09:25');
INSERT INTO SM_BUTNREGISTER (BTNCODE, BTNDESC, BTNNAME, BTNOWNERTYPE, DR, ISBUTTONPOWER, ISENABLE, ISKEYFUNC, PARENT_ID, PK_BTN, RESID, TS) VALUES ('Delete', '删除(Ctrl+Shift+Del)', '删除', 0, 0, 'N', 'Y', 'N', '0001ZZ10000000003ALH', '1001ZZ100000000039AY', null, '2019-04-13 19:09:25');
INSERT INTO SM_BUTNREGISTER (BTNCODE, BTNDESC, BTNNAME, BTNOWNERTYPE, DR, ISBUTTONPOWER, ISENABLE, ISKEYFUNC, PARENT_ID, PK_BTN, RESID, TS) VALUES ('AddLine', '增行(Ctrl+I)', '增行', 0, 0, 'N', 'Y', 'N', '0001ZZ10000000003ALH', '1001ZZ100000000039AZ', null, '2019-04-13 19:09:25');
INSERT INTO SM_BUTNREGISTER (BTNCODE, BTNDESC, BTNNAME, BTNOWNERTYPE, DR, ISBUTTONPOWER, ISENABLE, ISKEYFUNC, PARENT_ID, PK_BTN, RESID, TS) VALUES ('DelLine', '删行(Ctrl+D)', '删行', 0, 0, 'N', 'Y', 'N', '0001ZZ10000000003ALH', '1001ZZ100000000039B0', null, '2019-04-13 19:09:25');
INSERT INTO SM_BUTNREGISTER (BTNCODE, BTNDESC, BTNNAME, BTNOWNERTYPE, DR, ISBUTTONPOWER, ISENABLE, ISKEYFUNC, PARENT_ID, PK_BTN, RESID, TS) VALUES ('BillLinkQuery', '联查单据(Ctrl+K)', '联查单据', 0, 0, 'N', 'Y', 'N', '0001ZZ10000000003ALH', '1001ZZ100000000039B1', null, '2019-04-13 19:09:25');
INSERT INTO SM_BUTNREGISTER (BTNCODE, BTNDESC, BTNNAME, BTNOWNERTYPE, DR, ISBUTTONPOWER, ISENABLE, ISKEYFUNC, PARENT_ID, PK_BTN, RESID, TS) VALUES ('ApproveInfo', '查看审批意见', '查看审批意见', 0, 0, 'N', 'Y', 'N', '0001ZZ10000000003ALH', '1001ZZ100000000039B2', null, '2019-04-13 19:09:25');
INSERT INTO SM_BUTNREGISTER (BTNCODE, BTNDESC, BTNNAME, BTNOWNERTYPE, DR, ISBUTTONPOWER, ISENABLE, ISKEYFUNC, PARENT_ID, PK_BTN, RESID, TS) VALUES ('PasteLine', '粘贴行(Alt+V)', '粘贴行', 0, 0, 'N', 'Y', 'N', '0001ZZ10000000003ALH', '1001ZZ100000000039B3', null, '2019-04-13 19:09:25');
INSERT INTO SM_BUTNREGISTER (BTNCODE, BTNDESC, BTNNAME, BTNOWNERTYPE, DR, ISBUTTONPOWER, ISENABLE, ISKEYFUNC, PARENT_ID, PK_BTN, RESID, TS) VALUES ('InsLine', '插入行(Alt+I)', '插入行', 0, 0, 'N', 'Y', 'N', '0001ZZ10000000003ALH', '1001ZZ100000000039B4', null, '2019-04-13 19:09:25');
INSERT INTO SM_BUTNREGISTER (BTNCODE, BTNDESC, BTNNAME, BTNOWNERTYPE, DR, ISBUTTONPOWER, ISENABLE, ISKEYFUNC, PARENT_ID, PK_BTN, RESID, TS) VALUES ('Commit', '提交(Ctrl+Alt+U)', '提交', 0, 0, 'N', 'Y', 'N', '0001ZZ10000000003ALH', '1001ZZ100000000039B5', null, '2019-04-13 19:09:25');
INSERT INTO SM_BUTNREGISTER (BTNCODE, BTNDESC, BTNNAME, BTNOWNERTYPE, DR, ISBUTTONPOWER, ISENABLE, ISKEYFUNC, PARENT_ID, PK_BTN, RESID, TS) VALUES ('Edit', '修改(Ctrl+E)', '修改', 0, 0, 'N', 'Y', 'N', '0001ZZ10000000003ALH', '1001ZZ100000000039B6', null, '2019-04-13 19:09:25');
INSERT INTO SM_BUTNREGISTER (BTNCODE, BTNDESC, BTNNAME, BTNOWNERTYPE, DR, ISBUTTONPOWER, ISENABLE, ISKEYFUNC, PARENT_ID, PK_BTN, RESID, TS) VALUES ('Preview', '预览(Ctrl+W)', '??', 0, 0, 'N', 'Y', 'N', '0001ZZ10000000003ALH', '1001ZZ100000000039B7', null, '2019-04-13 19:09:25');
INSERT INTO SM_BUTNREGISTER (BTNCODE, BTNDESC, BTNNAME, BTNOWNERTYPE, DR, ISBUTTONPOWER, ISENABLE, ISKEYFUNC, PARENT_ID, PK_BTN, RESID, TS) VALUES ('Refresh', '刷新(F5)', '刷新', 0, 0, 'N', 'Y', 'N', '0001ZZ10000000003ALH', '1001ZZ100000000039B8', null, '2019-04-13 19:09:25');
INSERT INTO SM_BUTNREGISTER (BTNCODE, BTNDESC, BTNNAME, BTNOWNERTYPE, DR, ISBUTTONPOWER, ISENABLE, ISKEYFUNC, PARENT_ID, PK_BTN, RESID, TS) VALUES ('Print', '打印(Ctrl+P)', '打印', 0, 0, 'N', 'Y', 'N', '0001ZZ10000000003ALH', '1001ZZ100000000039B9', null, '2019-04-13 19:09:25');
INSERT INTO SM_BUTNREGISTER (BTNCODE, BTNDESC, BTNNAME, BTNOWNERTYPE, DR, ISBUTTONPOWER, ISENABLE, ISKEYFUNC, PARENT_ID, PK_BTN, RESID, TS) VALUES ('FileUpload', '附件上传(Ctrl+I)', '附件上传', 0, 0, 'N', 'Y', 'N', '0001ZZ10000000003ALH', '1001ZZ100000000039BA', null, '2019-04-13 19:09:25');
INSERT INTO SM_BUTNREGISTER (BTNCODE, BTNDESC, BTNNAME, BTNOWNERTYPE, DR, ISBUTTONPOWER, ISENABLE, ISKEYFUNC, PARENT_ID, PK_BTN, RESID, TS) VALUES ('TaskTemporarilySave', '暂存(Ctrl+I)', '暂存', 0, 0, 'N', 'Y', 'N', '0001ZZ10000000003ALH', '1001ZZ100000000039BB', null, '2019-04-13 19:09:25');
INSERT INTO SM_BUTNREGISTER (BTNCODE, BTNDESC, BTNNAME, BTNOWNERTYPE, DR, ISBUTTONPOWER, ISENABLE, ISKEYFUNC, PARENT_ID, PK_BTN, RESID, TS) VALUES ('output', '输出...', '输出...', 0, 0, 'N', 'Y', 'N', '0001ZZ10000000003ALH', '1001ZZ100000000039BC', null, '2019-04-13 19:09:25');
INSERT INTO SM_BUTNREGISTER (BTNCODE, BTNDESC, BTNNAME, BTNOWNERTYPE, DR, ISBUTTONPOWER, ISENABLE, ISKEYFUNC, PARENT_ID, PK_BTN, RESID, TS) VALUES ('UnCommit', null, '收回', 0, 0, 'N', 'Y', 'N', '0001ZZ10000000003ALH', '1001ZZ100000000039BD', null, '2019-04-13 19:09:25');
INSERT INTO SM_BUTNREGISTER (BTNCODE, BTNDESC, BTNNAME, BTNOWNERTYPE, DR, ISBUTTONPOWER, ISENABLE, ISKEYFUNC, PARENT_ID, PK_BTN, RESID, TS) VALUES ('Save', '保存(Ctrl+S)', '保存', 0, 0, 'N', 'Y', 'N', '0001ZZ10000000003ALH', '1001ZZ100000000039BE', null, '2019-04-13 19:09:25');

DELETE FROM BD_BILLTYPE WHERE PK_BILLTYPEID = '0001ZZ10000000003AT1';
INSERT INTO BD_BILLTYPE (ACCOUNTCLASS, BILLCODERULE, BILLSTYLE, BILLTYPENAME, BILLTYPENAME2, BILLTYPENAME3, BILLTYPENAME4, BILLTYPENAME5, BILLTYPENAME6, CANEXTENDTRANSACTION, CHECKCLASSNAME, CLASSNAME, COMP, COMPONENT, DATAFINDERCLZ, DEF1, DEF2, DEF3, DR, EMENDENUMCLASS, FORWARDBILLTYPE, ISACCOUNT, ISAPPROVEBILL, ISBIZFLOWBILL, ISEDITABLEPROPERTY, ISENABLEBUTTON, ISENABLETRANSTYPEBCR, ISLOCK, ISROOT, ISTRANSACTION, NCBRCODE, NODECODE, PARENTBILLTYPE, PK_BILLTYPECODE, PK_BILLTYPEID, PK_GROUP, PK_ORG, REFERCLASSNAME, SYSTEMCODE, TRANSTYPE_CLASS, TS, WEBNODECODE, WHERESTRING) VALUES (null, null, null, 'QC08', null, null, null, null, null, 'Y', null, null, null, 'qctask', null, null, null, null, null, null, null, null, 'Y', null, null, null, null, null, null, 'N', null, 'C0J00203', null, 'QC08', '0001ZZ10000000003AT1', null, 'GLOBLE00000000000000', null, 'QCCO', null, '2018-12-05 16:29:14', null, null);


delete from md_db_relation where startattrid in (select id from md_property where classid in ('d12067e1-90c0-4cf5-9e72-77bc9d7e3354','947de03d-2de3-48f7-a3b6-f038138d0487','1544b740-8f39-47e7-94f6-4f52437ac7be','63699954-c4ee-4e62-b160-00d2b42878f0','da085059-c72c-45fa-9d81-6ab1c3cf5649','@@@@' ) )  and starttableid in ('qc_task_h','qc_task_r','qc_task_s','qc_task_b','@@@@');
delete from md_ORMap where ATTRIBUTEID in(select id from md_property where classid in ('d12067e1-90c0-4cf5-9e72-77bc9d7e3354','947de03d-2de3-48f7-a3b6-f038138d0487','1544b740-8f39-47e7-94f6-4f52437ac7be','63699954-c4ee-4e62-b160-00d2b42878f0','da085059-c72c-45fa-9d81-6ab1c3cf5649','@@@@' ) )  and tableid in ('qc_task_h','qc_task_r','qc_task_s','qc_task_b','@@@@') ;
delete from md_table where id not in (select distinct tableid from md_ormap );
delete from md_column where  tableid in('qc_task_h','qc_task_r','qc_task_s','qc_task_b','@@@@') and id not in(select distinct columnid from md_ormap) and (nvl(groupid ,'~')='~' or groupid = id )  and name <> 'extend_bean_tag' ;
delete from md_column where tableid in ('qc_task_h','qc_task_r','qc_task_s','qc_task_b','@@@@')and groupid is not null and groupid not in( select distinct id from md_column where tableid in ('qc_task_h','qc_task_r','qc_task_s','qc_task_b','@@@@') ) ;
delete from md_db_relation where starttableid not in (select id from md_table);
delete from md_property where classID in (select distinct id from md_class where componentID='fc9c262f-4d00-456c-a505-a7cff8626923'  )  ;
delete from md_association where componentID = 'fc9c262f-4d00-456c-a505-a7cff8626923'  ;
delete from md_bizItfMap where classID in (select distinct id from md_class where componentID='fc9c262f-4d00-456c-a505-a7cff8626923'  );
delete from md_bizItfMap where classID in ( select id from md_opInterface where componentID = 'fc9c262f-4d00-456c-a505-a7cff8626923'  );
delete from md_accessorPara where id in (select distinct id from md_class where componentID='fc9c262f-4d00-456c-a505-a7cff8626923'  );
delete from md_enumValue where id in (select distinct id from md_class where componentID='fc9c262f-4d00-456c-a505-a7cff8626923'  ) ;
delete from md_class where componentID = 'fc9c262f-4d00-456c-a505-a7cff8626923'  ;
delete from md_component where id = 'fc9c262f-4d00-456c-a505-a7cff8626923' ;
delete from md_table where (id='qc_task_h');
delete from md_table where (id='qc_task_b');
delete from md_table where (id='qc_task_s');
delete from md_table where (id='qc_task_r');
delete from md_column where (id='qc_task_h@@PK@@');
delete from md_column where (id='qc_task_h@@@pk_commission_h');
delete from md_column where (id='qc_task_h@@@pk_group');
delete from md_column where (id='qc_task_h@@@pk_org');
delete from md_column where (id='qc_task_h@@@pk_org_v');
delete from md_column where (id='qc_task_h@@@dbilldate');
delete from md_column where (id='qc_task_h@@@creator');
delete from md_column where (id='qc_task_h@@@creationtime');
delete from md_column where (id='qc_task_h@@@modifier');
delete from md_column where (id='qc_task_h@@@modifiedtime');
delete from md_column where (id='qc_task_h@@@maketime');
delete from md_column where (id='qc_task_h@@@lastmaketime');
delete from md_column where (id='qc_task_h@@@billid');
delete from md_column where (id='qc_task_h@@@billno');
delete from md_column where (id='qc_task_h@@@busitype');
delete from md_column where (id='qc_task_h@@@billmaker');
delete from md_column where (id='qc_task_h@@@approver');
delete from md_column where (id='qc_task_h@@@approvestatus');
delete from md_column where (id='qc_task_h@@@approvenote');
delete from md_column where (id='qc_task_h@@@approvedate');
delete from md_column where (id='qc_task_h@@@transtype');
delete from md_column where (id='qc_task_h@@@billtype');
delete from md_column where (id='qc_task_h@@@transtypepk');
delete from md_column where (id='qc_task_h@@@srcbilltype');
delete from md_column where (id='qc_task_h@@@srcbillid');
delete from md_column where (id='qc_task_h@@@emendenum');
delete from md_column where (id='qc_task_h@@@billversionpk');
delete from md_column where (id='qc_task_b@@PK@@');
delete from md_column where (id='qc_task_b@@@taskcode');
delete from md_column where (id='qc_task_b@@@taskname');
delete from md_column where (id='qc_task_b@@@runorder');
delete from md_column where (id='qc_task_b@@@rowno');
delete from md_column where (id='qc_task_b@@@pk_testcondition');
delete from md_column where (id='qc_task_b@@@pk_testresultname');
delete from md_column where (id='qc_task_b@@@testresultshortname');
delete from md_column where (id='qc_task_b@@@testnumber');
delete from md_column where (id='qc_task_b@@@sampleallocation');
delete from md_column where (id='qc_task_b@@@samplequantity');
delete from md_column where (id='qc_task_s@@PK@@');
delete from md_column where (id='qc_task_s@@@pk_testconditionitem');
delete from md_column where (id='qc_task_s@@@conditionstatus');
delete from md_column where (id='qc_task_s@@@isoptional');
delete from md_column where (id='qc_task_s@@@isallow_out');
delete from md_column where (id='qc_task_s@@@instrument');
delete from md_column where (id='qc_task_s@@@valuetype');
delete from md_column where (id='qc_task_s@@@valueways');
delete from md_column where (id='qc_task_s@@@textvalue');
delete from md_column where (id='qc_task_s@@@refvalue');
delete from md_column where (id='qc_task_s@@@unit');
delete from md_column where (id='qc_task_s@@@formatted_entry');
delete from md_column where (id='qc_task_s@@@min_limit');
delete from md_column where (id='qc_task_s@@@max_limit');
delete from md_column where (id='qc_task_s@@@englishdescription');
delete from md_column where (id='qc_task_r@@PK@@');
delete from md_column where (id='qc_task_r@@@pk_samplegroup');
delete from md_column where (id='qc_task_r@@@stdminvalue');
delete from md_column where (id='qc_task_r@@@stdmaxvalue');
delete from md_column where (id='qc_task_r@@@pk_unit');
delete from md_column where (id='qc_task_r@@@testflag');
delete from md_column where (id='qc_task_r@@@judgeflag');
delete from md_column where (id='qc_task_r@@@pk_testtemperature');
delete from md_column where (id='qc_task_r@@@analysisname');
delete from md_column where (id='qc_task_r@@@pk_component');
delete from md_column where (id='qc_task_r@@@valuetype');
delete from md_column where (id='qc_task_b@@@pk_task_h');
delete from md_column where (id='qc_task_r@@@pk_task_b');
delete from md_column where (id='qc_task_s@@@pk_task_b');



insert into md_component ( createtime, creator, description, displayname, dr, fromsourcebmf, help, id, industry, isbizmodel, modifier, modifytime, name, namespace, ownmodule, preload, resid, resmodule, ts, version, versiontype ) values (  '2018-11-12 21:26:25', 'yonyouBQ', null, '任务单',0, 'Y', null, 'fc9c262f-4d00-456c-a505-a7cff8626923', '0', 'N', 'YONYOU NC', '2019-04-05 14:59:33', 'task', 'qcco', 'qcco', null, null, 'task', '2019-04-13 18:39:37', '46',0 ) ;
insert into md_class ( id, accessorclassname, classtype, componentid, createtime, creator, description, displayname, dr, fullclassname, help, isactive, keyattribute, modifier, modifytime, name, parentclassid, precise, refmodelname, returntype, ts, versiontype, isprimary, defaulttablename, stereotype, isauthen, resid, bizitfimpclassname, modinfoclassname, iscreatesql, isextendbean, userdefclassname, industry, fixedlength ) values (  '63699954-c4ee-4e62-b160-00d2b42878f0', 'nc.md.model.access.javamap.AggVOStyle',201, 'fc9c262f-4d00-456c-a505-a7cff8626923', '2018-11-12 22:05:10', 'yonyouBQ', null, '任务单',0, 'nc.vo.qcco.task.TaskHVO', null, null, '18dffa8e-66ca-49ee-baf6-4110078200ba', 'YONYOU NC', '2019-04-05 15:23:58', 'task_h', null,null, null, null, '2019-04-13 18:39:37',0, 'Y', 'qc_task_h', null, 'Y', null, null, null, 'Y', null, null, '0', null ) ;
insert into md_class ( id, accessorclassname, classtype, componentid, createtime, creator, description, displayname, dr, fullclassname, help, isactive, keyattribute, modifier, modifytime, name, parentclassid, precise, refmodelname, returntype, ts, versiontype, isprimary, defaulttablename, stereotype, isauthen, resid, bizitfimpclassname, modinfoclassname, iscreatesql, isextendbean, userdefclassname, industry, fixedlength ) values (  'd12067e1-90c0-4cf5-9e72-77bc9d7e3354', 'nc.md.model.access.javamap.POJOStyle',201, 'fc9c262f-4d00-456c-a505-a7cff8626923', '2018-11-12 22:10:20', 'yonyouBQ', null, '任务行',0, 'nc.vo.qcco.task.TaskBVO', null, null, 'a273330d-83bf-48a7-9463-634352b81c09', 'YONYOU NC', '2019-04-05 15:23:58', 'task_b', null,null, null, null, '2019-04-13 18:39:37',0, 'N', 'qc_task_b', null, 'Y', null, null, null, 'Y', null, null, '0', null ) ;
insert into md_class ( id, accessorclassname, classtype, componentid, createtime, creator, description, displayname, dr, fullclassname, help, isactive, keyattribute, modifier, modifytime, name, parentclassid, precise, refmodelname, returntype, ts, versiontype, isprimary, defaulttablename, stereotype, isauthen, resid, bizitfimpclassname, modinfoclassname, iscreatesql, isextendbean, userdefclassname, industry, fixedlength ) values (  '1544b740-8f39-47e7-94f6-4f52437ac7be', 'nc.md.model.access.javamap.POJOStyle',201, 'fc9c262f-4d00-456c-a505-a7cff8626923', '2018-11-12 22:21:11', 'yonyouBQ', null, '测试条件',0, 'nc.vo.qcco.task.TaskSVO', null, null, '9addb240-cf5f-4113-91ec-0bee709ccbe6', 'YONYOU NC', '2019-04-05 15:23:58', 'task_s', null,null, null, null, '2019-04-13 18:39:37',0, 'N', 'qc_task_s', null, 'Y', null, null, null, 'Y', null, null, '0', null ) ;
insert into md_class ( id, accessorclassname, classtype, componentid, createtime, creator, description, displayname, dr, fullclassname, help, isactive, keyattribute, modifier, modifytime, name, parentclassid, precise, refmodelname, returntype, ts, versiontype, isprimary, defaulttablename, stereotype, isauthen, resid, bizitfimpclassname, modinfoclassname, iscreatesql, isextendbean, userdefclassname, industry, fixedlength ) values (  '947de03d-2de3-48f7-a3b6-f038138d0487', 'nc.md.model.access.javamap.POJOStyle',201, 'fc9c262f-4d00-456c-a505-a7cff8626923', '2018-11-12 22:21:13', 'yonyouBQ', null, '试验后参数',0, 'nc.vo.qcco.task.TaskRVO', null, null, 'b8138fe0-9ebd-4d4f-949a-c6a1659502f1', 'YONYOU NC', '2019-04-05 15:23:58', 'task_r', null,null, null, null, '2019-04-13 18:39:37',0, 'N', 'qc_task_r', null, 'Y', null, null, null, 'Y', null, null, '0', null ) ;
insert into md_class ( id, accessorclassname, classtype, componentid, createtime, creator, description, displayname, dr, fullclassname, help, isactive, keyattribute, modifier, modifytime, name, parentclassid, precise, refmodelname, returntype, ts, versiontype, isprimary, defaulttablename, stereotype, isauthen, resid, bizitfimpclassname, modinfoclassname, iscreatesql, isextendbean, userdefclassname, industry, fixedlength ) values (  'da085059-c72c-45fa-9d81-6ab1c3cf5649', null,203, 'fc9c262f-4d00-456c-a505-a7cff8626923', '2019-04-05 14:59:33', 'YONYOU NC', null, '取值方式',0, 'nc.vo.qcco.task.ValueWaysEnum', null, null, null, 'YONYOU NC', '2019-04-05 15:03:29', 'valueways', null,null, null, 'BS000010000100001004', '2019-04-13 18:39:37',0, 'N', 'valueways', null, null, null, null, null, null, null, null, '0', null ) ;
insert into md_enumValue ( id, description, dr, name, ts, value, versiontype, hidden, resid, enumsequence, industry ) values (  'da085059-c72c-45fa-9d81-6ab1c3cf5649', null,0, '手工填写', '2019-04-13 18:39:37', '1',0, 'N', null,0, '0' ) ;
insert into md_enumValue ( id, description, dr, name, ts, value, versiontype, hidden, resid, enumsequence, industry ) values (  'da085059-c72c-45fa-9d81-6ab1c3cf5649', null,0, '参照选择', '2019-04-13 18:39:37', '2',0, 'N', null,1, '0' ) ;
insert into md_enumValue ( id, description, dr, name, ts, value, versiontype, hidden, resid, enumsequence, industry ) values (  'da085059-c72c-45fa-9d81-6ab1c3cf5649', null,0, '自动带出', '2019-04-13 18:39:37', '3',0, 'N', null,2, '0' ) ;
insert into md_property ( id, accessorclassname, classid, createtime, creator, datatype, datatypestyle, defaultvalue, description, displayname, dr, help, isactive, hided, nullable, readonly, attrlength, attrmaxvalue, attrminvalue, modifier, modifytime, name, precise, refmodelname, attrsequence, ts, visibility, versiontype, fixedlength, calculation, isauthen, resid, customattr, notserialize, dynamicattr, dynamictable, accesspower, accesspowergroup, industry ) values (  '18dffa8e-66ca-49ee-baf6-4110078200ba', null, '63699954-c4ee-4e62-b160-00d2b42878f0', null, null, 'BS000010000100001051',300, null, null, '主表主键',0, null, 'Y', 'N', 'N', 'N',20, null, null, null, null, 'pk_task_h',0, null,0, '2019-04-13 18:39:37',0,0, 'N', 'N', 'Y', null, 'N', 'N', 'N', null, 'N', null, '0' ) ;
insert into md_property ( id, accessorclassname, classid, createtime, creator, datatype, datatypestyle, defaultvalue, description, displayname, dr, help, isactive, hided, nullable, readonly, attrlength, attrmaxvalue, attrminvalue, modifier, modifytime, name, precise, refmodelname, attrsequence, ts, visibility, versiontype, fixedlength, calculation, isauthen, resid, customattr, notserialize, dynamicattr, dynamictable, accesspower, accesspowergroup, industry ) values (  '13afd598-6edf-45eb-a7c0-497a9dde623f', 'nc.md.model.access.BodyOfAggVOAccessor', '63699954-c4ee-4e62-b160-00d2b42878f0', null, null, 'd12067e1-90c0-4cf5-9e72-77bc9d7e3354',301, null, null, '任务行主键',0, null, 'Y', 'N', 'Y', 'N',0, null, null, null, null, 'pk_task_b',0, null,1, '2019-04-13 18:39:37',0,0, 'N', 'N', 'Y', null, 'N', 'N', 'N', null, 'N', null, '0' ) ;
insert into md_property ( id, accessorclassname, classid, createtime, creator, datatype, datatypestyle, defaultvalue, description, displayname, dr, help, isactive, hided, nullable, readonly, attrlength, attrmaxvalue, attrminvalue, modifier, modifytime, name, precise, refmodelname, attrsequence, ts, visibility, versiontype, fixedlength, calculation, isauthen, resid, customattr, notserialize, dynamicattr, dynamictable, accesspower, accesspowergroup, industry ) values (  'e167f54f-d416-44ae-ab3e-54572b4093c6', null, '63699954-c4ee-4e62-b160-00d2b42878f0', null, null, 'fcbcdbe2-c0e7-4d0d-ac3f-6cfeeb0b036a',305, null, null, '委托单主键',0, null, 'Y', 'N', 'Y', 'N',20, null, null, null, null, 'pk_commission_h',0, null,2, '2019-04-13 18:39:37',0,0, 'N', 'N', 'Y', null, 'N', 'N', 'N', null, 'N', null, '0' ) ;
insert into md_property ( id, accessorclassname, classid, createtime, creator, datatype, datatypestyle, defaultvalue, description, displayname, dr, help, isactive, hided, nullable, readonly, attrlength, attrmaxvalue, attrminvalue, modifier, modifytime, name, precise, refmodelname, attrsequence, ts, visibility, versiontype, fixedlength, calculation, isauthen, resid, customattr, notserialize, dynamicattr, dynamictable, accesspower, accesspowergroup, industry ) values (  '24797725-a97a-4b70-bd63-d28abc5ada09', null, '63699954-c4ee-4e62-b160-00d2b42878f0', null, null, '3b6dd171-2900-47f3-bfbe-41e4483a2a65',305, null, null, '集团',0, null, 'Y', 'N', 'Y', 'N',20, null, null, null, null, 'pk_group',0, null,3, '2019-04-13 18:39:37',0,0, 'N', 'N', 'Y', null, 'N', 'N', 'N', null, 'N', null, '0' ) ;
insert into md_property ( id, accessorclassname, classid, createtime, creator, datatype, datatypestyle, defaultvalue, description, displayname, dr, help, isactive, hided, nullable, readonly, attrlength, attrmaxvalue, attrminvalue, modifier, modifytime, name, precise, refmodelname, attrsequence, ts, visibility, versiontype, fixedlength, calculation, isauthen, resid, customattr, notserialize, dynamicattr, dynamictable, accesspower, accesspowergroup, industry ) values (  'd1bb0d08-a3be-4217-ae5f-3a1f0ac261f1', null, '63699954-c4ee-4e62-b160-00d2b42878f0', null, null, '985be8a4-3a36-4778-8afe-2d8ed3902659',305, null, null, '组织',0, null, 'Y', 'N', 'Y', 'N',20, null, null, null, null, 'pk_org',0, null,4, '2019-04-13 18:39:37',0,0, 'N', 'N', 'Y', null, 'N', 'N', 'N', null, 'N', null, '0' ) ;
insert into md_property ( id, accessorclassname, classid, createtime, creator, datatype, datatypestyle, defaultvalue, description, displayname, dr, help, isactive, hided, nullable, readonly, attrlength, attrmaxvalue, attrminvalue, modifier, modifytime, name, precise, refmodelname, attrsequence, ts, visibility, versiontype, fixedlength, calculation, isauthen, resid, customattr, notserialize, dynamicattr, dynamictable, accesspower, accesspowergroup, industry ) values (  '02dd3b84-3ec0-416f-a0e0-c2f5eb652937', null, '63699954-c4ee-4e62-b160-00d2b42878f0', null, null, 'da7bba89-9a59-42d6-a262-c13ef459dbd9',305, null, null, '组织版本',0, null, 'Y', 'N', 'Y', 'N',20, null, null, null, null, 'pk_org_v',0, null,5, '2019-04-13 18:39:37',0,0, 'N', 'N', 'Y', null, 'N', 'N', 'N', null, 'N', null, '0' ) ;
insert into md_property ( id, accessorclassname, classid, createtime, creator, datatype, datatypestyle, defaultvalue, description, displayname, dr, help, isactive, hided, nullable, readonly, attrlength, attrmaxvalue, attrminvalue, modifier, modifytime, name, precise, refmodelname, attrsequence, ts, visibility, versiontype, fixedlength, calculation, isauthen, resid, customattr, notserialize, dynamicattr, dynamictable, accesspower, accesspowergroup, industry ) values (  '8ce494f0-b371-42cb-b3d2-a9434b289cec', null, '63699954-c4ee-4e62-b160-00d2b42878f0', null, null, 'BS000010000100001033',300, null, null, '制单日期',0, null, 'Y', 'N', 'Y', 'N',19, null, null, null, null, 'dbilldate',0, null,6, '2019-04-13 18:39:37',0,0, 'N', 'N', 'Y', null, 'N', 'N', 'N', null, 'N', null, '0' ) ;
insert into md_property ( id, accessorclassname, classid, createtime, creator, datatype, datatypestyle, defaultvalue, description, displayname, dr, help, isactive, hided, nullable, readonly, attrlength, attrmaxvalue, attrminvalue, modifier, modifytime, name, precise, refmodelname, attrsequence, ts, visibility, versiontype, fixedlength, calculation, isauthen, resid, customattr, notserialize, dynamicattr, dynamictable, accesspower, accesspowergroup, industry ) values (  'f1ae5072-7b02-4111-9a2b-fc0e5214b3be', null, '63699954-c4ee-4e62-b160-00d2b42878f0', null, null, 'f6f9a473-56c0-432f-8bc7-fbf8fde54fee',305, null, null, '创建人',0, null, 'Y', 'N', 'Y', 'N',20, null, null, null, null, 'creator',0, '用户',7, '2019-04-13 18:39:37',0,0, 'N', 'N', 'Y', null, 'N', 'N', 'N', null, 'N', null, '0' ) ;
insert into md_property ( id, accessorclassname, classid, createtime, creator, datatype, datatypestyle, defaultvalue, description, displayname, dr, help, isactive, hided, nullable, readonly, attrlength, attrmaxvalue, attrminvalue, modifier, modifytime, name, precise, refmodelname, attrsequence, ts, visibility, versiontype, fixedlength, calculation, isauthen, resid, customattr, notserialize, dynamicattr, dynamictable, accesspower, accesspowergroup, industry ) values (  'a0090f9a-d028-42c2-b1cd-778ad230a391', null, '63699954-c4ee-4e62-b160-00d2b42878f0', null, null, 'BS000010000100001034',300, null, null, '创建时间',0, null, 'Y', 'N', 'Y', 'N',19, null, null, null, null, 'creationtime',0, null,8, '2019-04-13 18:39:37',0,0, 'N', 'N', 'Y', null, 'N', 'N', 'N', null, 'N', null, '0' ) ;
insert into md_property ( id, accessorclassname, classid, createtime, creator, datatype, datatypestyle, defaultvalue, description, displayname, dr, help, isactive, hided, nullable, readonly, attrlength, attrmaxvalue, attrminvalue, modifier, modifytime, name, precise, refmodelname, attrsequence, ts, visibility, versiontype, fixedlength, calculation, isauthen, resid, customattr, notserialize, dynamicattr, dynamictable, accesspower, accesspowergroup, industry ) values (  '1ae44395-d9fd-4d67-9600-26e77f4c9f0d', null, '63699954-c4ee-4e62-b160-00d2b42878f0', null, null, 'f6f9a473-56c0-432f-8bc7-fbf8fde54fee',305, null, null, '修改人',0, null, 'Y', 'N', 'Y', 'N',20, null, null, null, null, 'modifier',0, '用户',9, '2019-04-13 18:39:37',0,0, 'N', 'N', 'Y', null, 'N', 'N', 'N', null, 'N', null, '0' ) ;
insert into md_property ( id, accessorclassname, classid, createtime, creator, datatype, datatypestyle, defaultvalue, description, displayname, dr, help, isactive, hided, nullable, readonly, attrlength, attrmaxvalue, attrminvalue, modifier, modifytime, name, precise, refmodelname, attrsequence, ts, visibility, versiontype, fixedlength, calculation, isauthen, resid, customattr, notserialize, dynamicattr, dynamictable, accesspower, accesspowergroup, industry ) values (  '91631470-e0ef-4bdc-8c74-6f4bf10092a9', null, '63699954-c4ee-4e62-b160-00d2b42878f0', null, null, 'BS000010000100001034',300, null, null, '修改时间',0, null, 'Y', 'N', 'Y', 'N',19, null, null, null, null, 'modifiedtime',0, null,10, '2019-04-13 18:39:37',0,0, 'N', 'N', 'Y', null, 'N', 'N', 'N', null, 'N', null, '0' ) ;
insert into md_property ( id, accessorclassname, classid, createtime, creator, datatype, datatypestyle, defaultvalue, description, displayname, dr, help, isactive, hided, nullable, readonly, attrlength, attrmaxvalue, attrminvalue, modifier, modifytime, name, precise, refmodelname, attrsequence, ts, visibility, versiontype, fixedlength, calculation, isauthen, resid, customattr, notserialize, dynamicattr, dynamictable, accesspower, accesspowergroup, industry ) values (  '3321901c-0a5c-4165-86cc-ce00fa7f08e5', null, '63699954-c4ee-4e62-b160-00d2b42878f0', null, null, 'BS000010000100001034',300, null, null, '制单时间',0, null, 'Y', 'N', 'Y', 'N',19, null, null, null, null, 'maketime',0, null,11, '2019-04-13 18:39:37',0,0, 'N', 'N', 'Y', null, 'N', 'N', 'N', null, 'N', null, '0' ) ;
insert into md_property ( id, accessorclassname, classid, createtime, creator, datatype, datatypestyle, defaultvalue, description, displayname, dr, help, isactive, hided, nullable, readonly, attrlength, attrmaxvalue, attrminvalue, modifier, modifytime, name, precise, refmodelname, attrsequence, ts, visibility, versiontype, fixedlength, calculation, isauthen, resid, customattr, notserialize, dynamicattr, dynamictable, accesspower, accesspowergroup, industry ) values (  '82b80986-ba3c-49ba-b0e0-f1360d97d4a0', null, '63699954-c4ee-4e62-b160-00d2b42878f0', null, null, 'BS000010000100001034',300, null, null, '最后修改时间',0, null, 'Y', 'N', 'Y', 'N',19, null, null, null, null, 'lastmaketime',0, null,12, '2019-04-13 18:39:37',0,0, 'N', 'N', 'Y', null, 'N', 'N', 'N', null, 'N', null, '0' ) ;
insert into md_property ( id, accessorclassname, classid, createtime, creator, datatype, datatypestyle, defaultvalue, description, displayname, dr, help, isactive, hided, nullable, readonly, attrlength, attrmaxvalue, attrminvalue, modifier, modifytime, name, precise, refmodelname, attrsequence, ts, visibility, versiontype, fixedlength, calculation, isauthen, resid, customattr, notserialize, dynamicattr, dynamictable, accesspower, accesspowergroup, industry ) values (  '17dbc022-4977-4af4-9eb9-7fb685316998', null, '63699954-c4ee-4e62-b160-00d2b42878f0', null, null, 'BS000010000100001001',300, null, null, '单据ID',0, null, 'Y', 'N', 'Y', 'N',50, null, null, null, null, 'billid',0, null,13, '2019-04-13 18:39:37',0,0, 'N', 'N', 'Y', null, 'N', 'N', 'N', null, 'N', null, '0' ) ;
insert into md_property ( id, accessorclassname, classid, createtime, creator, datatype, datatypestyle, defaultvalue, description, displayname, dr, help, isactive, hided, nullable, readonly, attrlength, attrmaxvalue, attrminvalue, modifier, modifytime, name, precise, refmodelname, attrsequence, ts, visibility, versiontype, fixedlength, calculation, isauthen, resid, customattr, notserialize, dynamicattr, dynamictable, accesspower, accesspowergroup, industry ) values (  '4f7e120d-51a3-491c-9878-5540faba9f30', null, '63699954-c4ee-4e62-b160-00d2b42878f0', null, null, 'BS000010000100001001',300, null, null, '单据号',0, null, 'Y', 'N', 'Y', 'N',50, null, null, null, null, 'billno',0, null,14, '2019-04-13 18:39:37',0,0, 'N', 'N', 'Y', null, 'N', 'N', 'N', null, 'N', null, '0' ) ;
insert into md_property ( id, accessorclassname, classid, createtime, creator, datatype, datatypestyle, defaultvalue, description, displayname, dr, help, isactive, hided, nullable, readonly, attrlength, attrmaxvalue, attrminvalue, modifier, modifytime, name, precise, refmodelname, attrsequence, ts, visibility, versiontype, fixedlength, calculation, isauthen, resid, customattr, notserialize, dynamicattr, dynamictable, accesspower, accesspowergroup, industry ) values (  '8d88fd05-23d6-4afd-8b0a-d7f94595e0a0', null, '63699954-c4ee-4e62-b160-00d2b42878f0', null, null, 'BS000010000100001001',300, null, null, '业务类型',0, null, 'Y', 'N', 'Y', 'N',50, null, null, null, null, 'busitype',0, null,15, '2019-04-13 18:39:37',0,0, 'N', 'N', 'Y', null, 'N', 'N', 'N', null, 'N', null, '0' ) ;
insert into md_property ( id, accessorclassname, classid, createtime, creator, datatype, datatypestyle, defaultvalue, description, displayname, dr, help, isactive, hided, nullable, readonly, attrlength, attrmaxvalue, attrminvalue, modifier, modifytime, name, precise, refmodelname, attrsequence, ts, visibility, versiontype, fixedlength, calculation, isauthen, resid, customattr, notserialize, dynamicattr, dynamictable, accesspower, accesspowergroup, industry ) values (  'be405ee6-cfb4-480b-8448-247a1aa1deb4', null, '63699954-c4ee-4e62-b160-00d2b42878f0', null, null, 'BS000010000100001001',300, null, null, '制单人',0, null, 'Y', 'N', 'Y', 'N',50, null, null, null, null, 'billmaker',0, null,16, '2019-04-13 18:39:37',0,0, 'N', 'N', 'Y', null, 'N', 'N', 'N', null, 'N', null, '0' ) ;
insert into md_property ( id, accessorclassname, classid, createtime, creator, datatype, datatypestyle, defaultvalue, description, displayname, dr, help, isactive, hided, nullable, readonly, attrlength, attrmaxvalue, attrminvalue, modifier, modifytime, name, precise, refmodelname, attrsequence, ts, visibility, versiontype, fixedlength, calculation, isauthen, resid, customattr, notserialize, dynamicattr, dynamictable, accesspower, accesspowergroup, industry ) values (  '091f6fe9-0fa1-4ba2-b9d8-798fdebe662a', null, '63699954-c4ee-4e62-b160-00d2b42878f0', null, null, 'BS000010000100001001',300, null, null, '审批人',0, null, 'Y', 'N', 'Y', 'N',50, null, null, null, null, 'approver',0, null,17, '2019-04-13 18:39:37',0,0, 'N', 'N', 'Y', null, 'N', 'N', 'N', null, 'N', null, '0' ) ;
insert into md_property ( id, accessorclassname, classid, createtime, creator, datatype, datatypestyle, defaultvalue, description, displayname, dr, help, isactive, hided, nullable, readonly, attrlength, attrmaxvalue, attrminvalue, modifier, modifytime, name, precise, refmodelname, attrsequence, ts, visibility, versiontype, fixedlength, calculation, isauthen, resid, customattr, notserialize, dynamicattr, dynamictable, accesspower, accesspowergroup, industry ) values (  'b9097a3b-1499-423d-8210-8e60bf402c97', null, '63699954-c4ee-4e62-b160-00d2b42878f0', null, null, '2ed33012-890c-4e5f-82a0-40ef0eeb4b45',300, null, null, '审批状态',0, null, 'Y', 'N', 'Y', 'N',50, null, null, null, null, 'approvestatus',0, null,18, '2019-04-13 18:39:37',0,0, 'N', 'N', 'Y', null, 'N', 'N', 'N', null, 'N', null, '0' ) ;
insert into md_property ( id, accessorclassname, classid, createtime, creator, datatype, datatypestyle, defaultvalue, description, displayname, dr, help, isactive, hided, nullable, readonly, attrlength, attrmaxvalue, attrminvalue, modifier, modifytime, name, precise, refmodelname, attrsequence, ts, visibility, versiontype, fixedlength, calculation, isauthen, resid, customattr, notserialize, dynamicattr, dynamictable, accesspower, accesspowergroup, industry ) values (  '49e738dc-33a5-4a8e-89b1-8ca0281a9435', null, '63699954-c4ee-4e62-b160-00d2b42878f0', null, null, 'BS000010000100001001',300, null, null, '审批批语',0, null, 'Y', 'N', 'Y', 'N',50, null, null, null, null, 'approvenote',0, null,19, '2019-04-13 18:39:37',0,0, 'N', 'N', 'Y', null, 'N', 'N', 'N', null, 'N', null, '0' ) ;
insert into md_property ( id, accessorclassname, classid, createtime, creator, datatype, datatypestyle, defaultvalue, description, displayname, dr, help, isactive, hided, nullable, readonly, attrlength, attrmaxvalue, attrminvalue, modifier, modifytime, name, precise, refmodelname, attrsequence, ts, visibility, versiontype, fixedlength, calculation, isauthen, resid, customattr, notserialize, dynamicattr, dynamictable, accesspower, accesspowergroup, industry ) values (  '14b8c4b0-3024-40c7-93fb-7f0d8506a642', null, '63699954-c4ee-4e62-b160-00d2b42878f0', null, null, 'BS000010000100001034',300, null, null, '审批时间',0, null, 'Y', 'N', 'Y', 'N',19, null, null, null, null, 'approvedate',0, null,20, '2019-04-13 18:39:37',0,0, 'N', 'N', 'Y', null, 'N', 'N', 'N', null, 'N', null, '0' ) ;
insert into md_property ( id, accessorclassname, classid, createtime, creator, datatype, datatypestyle, defaultvalue, description, displayname, dr, help, isactive, hided, nullable, readonly, attrlength, attrmaxvalue, attrminvalue, modifier, modifytime, name, precise, refmodelname, attrsequence, ts, visibility, versiontype, fixedlength, calculation, isauthen, resid, customattr, notserialize, dynamicattr, dynamictable, accesspower, accesspowergroup, industry ) values (  'f9e776f7-ad04-40f1-8164-04fa09a12f72', null, '63699954-c4ee-4e62-b160-00d2b42878f0', null, null, 'BS000010000100001001',300, null, null, '交易类型',0, null, 'Y', 'N', 'Y', 'N',50, null, null, null, null, 'transtype',0, null,21, '2019-04-13 18:39:37',0,0, 'N', 'N', 'Y', null, 'N', 'N', 'N', null, 'N', null, '0' ) ;
insert into md_property ( id, accessorclassname, classid, createtime, creator, datatype, datatypestyle, defaultvalue, description, displayname, dr, help, isactive, hided, nullable, readonly, attrlength, attrmaxvalue, attrminvalue, modifier, modifytime, name, precise, refmodelname, attrsequence, ts, visibility, versiontype, fixedlength, calculation, isauthen, resid, customattr, notserialize, dynamicattr, dynamictable, accesspower, accesspowergroup, industry ) values (  '1a47f49f-3b80-4616-b530-9a2955627a66', null, '63699954-c4ee-4e62-b160-00d2b42878f0', null, null, 'BS000010000100001001',300, null, null, '单据类型',0, null, 'Y', 'N', 'Y', 'N',50, null, null, null, null, 'billtype',0, null,22, '2019-04-13 18:39:37',0,0, 'N', 'N', 'Y', null, 'N', 'N', 'N', null, 'N', null, '0' ) ;
insert into md_property ( id, accessorclassname, classid, createtime, creator, datatype, datatypestyle, defaultvalue, description, displayname, dr, help, isactive, hided, nullable, readonly, attrlength, attrmaxvalue, attrminvalue, modifier, modifytime, name, precise, refmodelname, attrsequence, ts, visibility, versiontype, fixedlength, calculation, isauthen, resid, customattr, notserialize, dynamicattr, dynamictable, accesspower, accesspowergroup, industry ) values (  '4ef450d9-d469-4abf-b7be-10097418decf', null, '63699954-c4ee-4e62-b160-00d2b42878f0', null, null, 'BS000010000100001051',300, null, null, '交易类型pk',0, null, 'Y', 'N', 'Y', 'N',20, null, null, null, null, 'transtypepk',0, null,23, '2019-04-13 18:39:37',0,0, 'N', 'N', 'Y', null, 'N', 'N', 'N', null, 'N', null, '0' ) ;
insert into md_property ( id, accessorclassname, classid, createtime, creator, datatype, datatypestyle, defaultvalue, description, displayname, dr, help, isactive, hided, nullable, readonly, attrlength, attrmaxvalue, attrminvalue, modifier, modifytime, name, precise, refmodelname, attrsequence, ts, visibility, versiontype, fixedlength, calculation, isauthen, resid, customattr, notserialize, dynamicattr, dynamictable, accesspower, accesspowergroup, industry ) values (  '09659706-f3c8-454e-90c4-737a071a2741', null, '63699954-c4ee-4e62-b160-00d2b42878f0', null, null, 'BS000010000100001001',300, null, null, '来源单据类型',0, null, 'Y', 'N', 'Y', 'N',50, null, null, null, null, 'srcbilltype',0, null,24, '2019-04-13 18:39:37',0,0, 'N', 'N', 'Y', null, 'N', 'N', 'N', null, 'N', null, '0' ) ;
insert into md_property ( id, accessorclassname, classid, createtime, creator, datatype, datatypestyle, defaultvalue, description, displayname, dr, help, isactive, hided, nullable, readonly, attrlength, attrmaxvalue, attrminvalue, modifier, modifytime, name, precise, refmodelname, attrsequence, ts, visibility, versiontype, fixedlength, calculation, isauthen, resid, customattr, notserialize, dynamicattr, dynamictable, accesspower, accesspowergroup, industry ) values (  '30b97079-9c90-48d3-951c-37bd0d6c3436', null, '63699954-c4ee-4e62-b160-00d2b42878f0', null, null, 'BS000010000100001001',300, null, null, '来源单据id',0, null, 'Y', 'N', 'Y', 'N',50, null, null, null, null, 'srcbillid',0, null,25, '2019-04-13 18:39:37',0,0, 'N', 'N', 'Y', null, 'N', 'N', 'N', null, 'N', null, '0' ) ;
insert into md_property ( id, accessorclassname, classid, createtime, creator, datatype, datatypestyle, defaultvalue, description, displayname, dr, help, isactive, hided, nullable, readonly, attrlength, attrmaxvalue, attrminvalue, modifier, modifytime, name, precise, refmodelname, attrsequence, ts, visibility, versiontype, fixedlength, calculation, isauthen, resid, customattr, notserialize, dynamicattr, dynamictable, accesspower, accesspowergroup, industry ) values (  '0612cd04-35b4-48fc-a4ea-ba3765771077', null, '63699954-c4ee-4e62-b160-00d2b42878f0', null, null, 'BS000010000100001004',300, null, null, '修订枚举',0, null, 'Y', 'N', 'Y', 'N',50, null, null, null, null, 'emendenum',0, null,26, '2019-04-13 18:39:37',0,0, 'N', 'N', 'Y', null, 'N', 'N', 'N', null, 'N', null, '0' ) ;
insert into md_property ( id, accessorclassname, classid, createtime, creator, datatype, datatypestyle, defaultvalue, description, displayname, dr, help, isactive, hided, nullable, readonly, attrlength, attrmaxvalue, attrminvalue, modifier, modifytime, name, precise, refmodelname, attrsequence, ts, visibility, versiontype, fixedlength, calculation, isauthen, resid, customattr, notserialize, dynamicattr, dynamictable, accesspower, accesspowergroup, industry ) values (  'daac6afa-da0b-4d4b-b31f-711e037d0d75', null, '63699954-c4ee-4e62-b160-00d2b42878f0', null, null, 'BS000010000100001001',300, null, null, '单据版本pk',0, null, 'Y', 'N', 'Y', 'N',50, null, null, null, null, 'billversionpk',0, null,27, '2019-04-13 18:39:37',0,0, 'N', 'N', 'Y', null, 'N', 'N', 'N', null, 'N', null, '0' ) ;
insert into md_property ( id, accessorclassname, classid, createtime, creator, datatype, datatypestyle, defaultvalue, description, displayname, dr, help, isactive, hided, nullable, readonly, attrlength, attrmaxvalue, attrminvalue, modifier, modifytime, name, precise, refmodelname, attrsequence, ts, visibility, versiontype, fixedlength, calculation, isauthen, resid, customattr, notserialize, dynamicattr, dynamictable, accesspower, accesspowergroup, industry ) values (  'a273330d-83bf-48a7-9463-634352b81c09', null, 'd12067e1-90c0-4cf5-9e72-77bc9d7e3354', null, null, 'BS000010000100001051',300, null, null, '任务行主键',0, null, 'Y', 'N', 'N', 'N',20, null, null, null, null, 'pk_task_b',0, null,0, '2019-04-13 18:39:37',0,0, 'N', 'N', 'Y', null, 'N', 'N', 'N', null, 'N', null, '0' ) ;
insert into md_property ( id, accessorclassname, classid, createtime, creator, datatype, datatypestyle, defaultvalue, description, displayname, dr, help, isactive, hided, nullable, readonly, attrlength, attrmaxvalue, attrminvalue, modifier, modifytime, name, precise, refmodelname, attrsequence, ts, visibility, versiontype, fixedlength, calculation, isauthen, resid, customattr, notserialize, dynamicattr, dynamictable, accesspower, accesspowergroup, industry ) values (  'd21bfdea-e8cc-48e2-9f3a-cb07d9038220', null, 'd12067e1-90c0-4cf5-9e72-77bc9d7e3354', null, null, 'BS000010000100001001',300, null, null, '任务编号',0, null, 'Y', 'N', 'Y', 'N',50, null, null, null, null, 'taskcode',0, null,1, '2019-04-13 18:39:37',0,0, 'N', 'N', 'Y', null, 'N', 'N', 'N', null, 'N', null, '0' ) ;
insert into md_property ( id, accessorclassname, classid, createtime, creator, datatype, datatypestyle, defaultvalue, description, displayname, dr, help, isactive, hided, nullable, readonly, attrlength, attrmaxvalue, attrminvalue, modifier, modifytime, name, precise, refmodelname, attrsequence, ts, visibility, versiontype, fixedlength, calculation, isauthen, resid, customattr, notserialize, dynamicattr, dynamictable, accesspower, accesspowergroup, industry ) values (  '1e4d0f6b-cc40-4619-ad96-68158569a0ba', null, 'd12067e1-90c0-4cf5-9e72-77bc9d7e3354', null, null, '85efe9e1-3bc2-492e-a92a-f52d3acff25d',305, null, null, '任务名称',0, null, 'Y', 'N', 'Y', 'N',20, null, null, null, null, 'taskname',0, '自定义档案',2, '2019-04-13 18:39:37',0,0, 'N', 'N', 'Y', null, 'N', 'N', 'N', null, 'N', null, '0' ) ;
insert into md_property ( id, accessorclassname, classid, createtime, creator, datatype, datatypestyle, defaultvalue, description, displayname, dr, help, isactive, hided, nullable, readonly, attrlength, attrmaxvalue, attrminvalue, modifier, modifytime, name, precise, refmodelname, attrsequence, ts, visibility, versiontype, fixedlength, calculation, isauthen, resid, customattr, notserialize, dynamicattr, dynamictable, accesspower, accesspowergroup, industry ) values (  '823d820a-f788-4850-b02c-9c0fb1ed4ea3', null, 'd12067e1-90c0-4cf5-9e72-77bc9d7e3354', null, null, 'BS000010000100001004',300, null, null, '执行顺序',0, null, 'Y', 'N', 'Y', 'N',16, null, null, null, null, 'runorder',0, null,3, '2019-04-13 18:39:37',0,0, 'N', 'N', 'Y', null, 'N', 'N', 'N', null, 'N', null, '0' ) ;
insert into md_property ( id, accessorclassname, classid, createtime, creator, datatype, datatypestyle, defaultvalue, description, displayname, dr, help, isactive, hided, nullable, readonly, attrlength, attrmaxvalue, attrminvalue, modifier, modifytime, name, precise, refmodelname, attrsequence, ts, visibility, versiontype, fixedlength, calculation, isauthen, resid, customattr, notserialize, dynamicattr, dynamictable, accesspower, accesspowergroup, industry ) values (  'b8c6fc01-5b00-4b26-9956-1ac6c631104b', null, 'd12067e1-90c0-4cf5-9e72-77bc9d7e3354', null, null, 'BS000010000100001001',300, null, null, '行号',0, null, 'Y', 'N', 'Y', 'N',50, null, null, null, null, 'rowno',0, null,4, '2019-04-13 18:39:37',0,0, 'N', 'N', 'Y', null, 'N', 'N', 'N', null, 'N', null, '0' ) ;
insert into md_property ( id, accessorclassname, classid, createtime, creator, datatype, datatypestyle, defaultvalue, description, displayname, dr, help, isactive, hided, nullable, readonly, attrlength, attrmaxvalue, attrminvalue, modifier, modifytime, name, precise, refmodelname, attrsequence, ts, visibility, versiontype, fixedlength, calculation, isauthen, resid, customattr, notserialize, dynamicattr, dynamictable, accesspower, accesspowergroup, industry ) values (  'd04103ed-4f33-46f4-8090-e6be3a34860c', null, 'd12067e1-90c0-4cf5-9e72-77bc9d7e3354', null, null, '85efe9e1-3bc2-492e-a92a-f52d3acff25d',305, null, null, '测试条件',0, null, 'Y', 'N', 'Y', 'N',20, null, null, null, null, 'pk_testcondition',0, '自定义档案',5, '2019-04-13 18:39:37',0,0, 'N', 'N', 'Y', null, 'N', 'N', 'N', null, 'N', null, '0' ) ;
insert into md_property ( id, accessorclassname, classid, createtime, creator, datatype, datatypestyle, defaultvalue, description, displayname, dr, help, isactive, hided, nullable, readonly, attrlength, attrmaxvalue, attrminvalue, modifier, modifytime, name, precise, refmodelname, attrsequence, ts, visibility, versiontype, fixedlength, calculation, isauthen, resid, customattr, notserialize, dynamicattr, dynamictable, accesspower, accesspowergroup, industry ) values (  'ae72ce7b-bb2c-4d62-aea9-0e921ddf2ed4', null, 'd12067e1-90c0-4cf5-9e72-77bc9d7e3354', null, null, '85efe9e1-3bc2-492e-a92a-f52d3acff25d',305, null, null, '测试结果名称',0, null, 'Y', 'N', 'Y', 'N',20, null, null, null, null, 'pk_testresultname',0, '自定义档案',6, '2019-04-13 18:39:37',0,0, 'N', 'N', 'Y', null, 'N', 'N', 'N', null, 'N', null, '0' ) ;
insert into md_property ( id, accessorclassname, classid, createtime, creator, datatype, datatypestyle, defaultvalue, description, displayname, dr, help, isactive, hided, nullable, readonly, attrlength, attrmaxvalue, attrminvalue, modifier, modifytime, name, precise, refmodelname, attrsequence, ts, visibility, versiontype, fixedlength, calculation, isauthen, resid, customattr, notserialize, dynamicattr, dynamictable, accesspower, accesspowergroup, industry ) values (  '9b447023-b0f7-4593-9645-9b07f6d0d66b', null, 'd12067e1-90c0-4cf5-9e72-77bc9d7e3354', null, null, 'BS000010000100001001',300, null, null, '测试结果短名称',0, null, 'Y', 'N', 'Y', 'N',50, null, null, null, null, 'testresultshortname',0, null,7, '2019-04-13 18:39:37',0,0, 'N', 'N', 'Y', null, 'N', 'N', 'N', null, 'N', null, '0' ) ;
insert into md_property ( id, accessorclassname, classid, createtime, creator, datatype, datatypestyle, defaultvalue, description, displayname, dr, help, isactive, hided, nullable, readonly, attrlength, attrmaxvalue, attrminvalue, modifier, modifytime, name, precise, refmodelname, attrsequence, ts, visibility, versiontype, fixedlength, calculation, isauthen, resid, customattr, notserialize, dynamicattr, dynamictable, accesspower, accesspowergroup, industry ) values (  'd65c5de9-2bbd-49fe-bd1d-792b9afadd1c', null, 'd12067e1-90c0-4cf5-9e72-77bc9d7e3354', null, null, 'BS000010000100001001',300, null, null, 'testnumber',0, null, 'Y', 'N', 'Y', 'N',50, null, null, null, null, 'testnumber',0, null,8, '2019-04-13 18:39:37',0,0, 'N', 'N', 'Y', null, 'N', 'N', 'N', null, 'N', null, '0' ) ;
insert into md_property ( id, accessorclassname, classid, createtime, creator, datatype, datatypestyle, defaultvalue, description, displayname, dr, help, isactive, hided, nullable, readonly, attrlength, attrmaxvalue, attrminvalue, modifier, modifytime, name, precise, refmodelname, attrsequence, ts, visibility, versiontype, fixedlength, calculation, isauthen, resid, customattr, notserialize, dynamicattr, dynamictable, accesspower, accesspowergroup, industry ) values (  '2ef4d289-ec9a-4584-a340-c508962e494f', null, 'd12067e1-90c0-4cf5-9e72-77bc9d7e3354', null, null, 'BS000010000100001001',300, null, null, '样品分配',0, null, 'Y', 'N', 'Y', 'N',50, null, null, null, null, 'sampleallocation',0, null,9, '2019-04-13 18:39:37',0,0, 'N', 'N', 'Y', null, 'N', 'N', 'N', null, 'N', null, '0' ) ;
insert into md_property ( id, accessorclassname, classid, createtime, creator, datatype, datatypestyle, defaultvalue, description, displayname, dr, help, isactive, hided, nullable, readonly, attrlength, attrmaxvalue, attrminvalue, modifier, modifytime, name, precise, refmodelname, attrsequence, ts, visibility, versiontype, fixedlength, calculation, isauthen, resid, customattr, notserialize, dynamicattr, dynamictable, accesspower, accesspowergroup, industry ) values (  '2a609886-a32e-456b-bad0-9a35485e787a', null, 'd12067e1-90c0-4cf5-9e72-77bc9d7e3354', null, null, 'BS000010000100001031',300, null, null, '样品数量',0, null, 'Y', 'N', 'Y', 'N',28, null, null, null, null, 'samplequantity',8, null,10, '2019-04-13 18:39:37',0,0, 'N', 'N', 'Y', null, 'N', 'N', 'N', null, 'N', null, '0' ) ;
insert into md_property ( id, accessorclassname, classid, createtime, creator, datatype, datatypestyle, defaultvalue, description, displayname, dr, help, isactive, hided, nullable, readonly, attrlength, attrmaxvalue, attrminvalue, modifier, modifytime, name, precise, refmodelname, attrsequence, ts, visibility, versiontype, fixedlength, calculation, isauthen, resid, customattr, notserialize, dynamicattr, dynamictable, accesspower, accesspowergroup, industry ) values (  '24018f11-c6dd-479c-9528-e40e6443f039', null, 'd12067e1-90c0-4cf5-9e72-77bc9d7e3354', null, null, '947de03d-2de3-48f7-a3b6-f038138d0487',301, null, null, '试验后参数主键',0, null, 'Y', 'N', 'Y', 'N',0, null, null, null, null, 'pk_task_r',0, null,11, '2019-04-13 18:39:37',0,0, 'N', 'N', 'Y', null, 'N', 'N', 'N', null, 'N', null, '0' ) ;
insert into md_property ( id, accessorclassname, classid, createtime, creator, datatype, datatypestyle, defaultvalue, description, displayname, dr, help, isactive, hided, nullable, readonly, attrlength, attrmaxvalue, attrminvalue, modifier, modifytime, name, precise, refmodelname, attrsequence, ts, visibility, versiontype, fixedlength, calculation, isauthen, resid, customattr, notserialize, dynamicattr, dynamictable, accesspower, accesspowergroup, industry ) values (  '851b9214-eb10-497b-9e59-d8a1580f978c', null, 'd12067e1-90c0-4cf5-9e72-77bc9d7e3354', null, null, '1544b740-8f39-47e7-94f6-4f52437ac7be',301, null, null, '样品行主键',0, null, 'Y', 'N', 'Y', 'N',0, null, null, null, null, 'pk_task_s',0, null,12, '2019-04-13 18:39:37',0,0, 'N', 'N', 'Y', null, 'N', 'N', 'N', null, 'N', null, '0' ) ;
insert into md_property ( id, accessorclassname, classid, createtime, creator, datatype, datatypestyle, defaultvalue, description, displayname, dr, help, isactive, hided, nullable, readonly, attrlength, attrmaxvalue, attrminvalue, modifier, modifytime, name, precise, refmodelname, attrsequence, ts, visibility, versiontype, fixedlength, calculation, isauthen, resid, customattr, notserialize, dynamicattr, dynamictable, accesspower, accesspowergroup, industry ) values (  '9addb240-cf5f-4113-91ec-0bee709ccbe6', null, '1544b740-8f39-47e7-94f6-4f52437ac7be', null, null, 'BS000010000100001051',300, null, null, '测试条件主键',0, null, 'Y', 'N', 'N', 'N',20, null, null, null, null, 'pk_task_s',0, null,0, '2019-04-13 18:39:37',0,0, 'N', 'N', 'Y', null, 'N', 'N', 'N', null, 'N', null, '0' ) ;
insert into md_property ( id, accessorclassname, classid, createtime, creator, datatype, datatypestyle, defaultvalue, description, displayname, dr, help, isactive, hided, nullable, readonly, attrlength, attrmaxvalue, attrminvalue, modifier, modifytime, name, precise, refmodelname, attrsequence, ts, visibility, versiontype, fixedlength, calculation, isauthen, resid, customattr, notserialize, dynamicattr, dynamictable, accesspower, accesspowergroup, industry ) values (  '9b32b381-a314-4447-bcc8-868d58d32676', null, '1544b740-8f39-47e7-94f6-4f52437ac7be', null, null, '85efe9e1-3bc2-492e-a92a-f52d3acff25d',305, null, null, '测试条件项',0, null, 'Y', 'N', 'Y', 'N',20, null, null, null, null, 'pk_testconditionitem',0, '自定义档案',1, '2019-04-13 18:39:37',0,0, 'N', 'N', 'Y', null, 'N', 'N', 'N', null, 'N', null, '0' ) ;
insert into md_property ( id, accessorclassname, classid, createtime, creator, datatype, datatypestyle, defaultvalue, description, displayname, dr, help, isactive, hided, nullable, readonly, attrlength, attrmaxvalue, attrminvalue, modifier, modifytime, name, precise, refmodelname, attrsequence, ts, visibility, versiontype, fixedlength, calculation, isauthen, resid, customattr, notserialize, dynamicattr, dynamictable, accesspower, accesspowergroup, industry ) values (  'ae6c68ba-d46d-4204-b2dc-48be021872d0', null, '1544b740-8f39-47e7-94f6-4f52437ac7be', null, null, 'BS000010000100001032',300, null, null, '状态',0, null, 'Y', 'N', 'Y', 'N',1, null, null, null, null, 'conditionstatus',0, null,2, '2019-04-13 18:39:37',0,0, 'N', 'N', 'Y', null, 'N', 'N', 'N', null, 'N', null, '0' ) ;
insert into md_property ( id, accessorclassname, classid, createtime, creator, datatype, datatypestyle, defaultvalue, description, displayname, dr, help, isactive, hided, nullable, readonly, attrlength, attrmaxvalue, attrminvalue, modifier, modifytime, name, precise, refmodelname, attrsequence, ts, visibility, versiontype, fixedlength, calculation, isauthen, resid, customattr, notserialize, dynamicattr, dynamictable, accesspower, accesspowergroup, industry ) values (  'ba5b1231-1add-4e8a-9e3d-fb326b5aea61', null, '1544b740-8f39-47e7-94f6-4f52437ac7be', null, null, 'BS000010000100001032',300, null, null, '是否可选',0, null, 'Y', 'N', 'Y', 'N',1, null, null, null, null, 'isoptional',0, null,3, '2019-04-13 18:39:37',0,0, 'N', 'N', 'Y', null, 'N', 'N', 'N', null, 'N', null, '0' ) ;
insert into md_property ( id, accessorclassname, classid, createtime, creator, datatype, datatypestyle, defaultvalue, description, displayname, dr, help, isactive, hided, nullable, readonly, attrlength, attrmaxvalue, attrminvalue, modifier, modifytime, name, precise, refmodelname, attrsequence, ts, visibility, versiontype, fixedlength, calculation, isauthen, resid, customattr, notserialize, dynamicattr, dynamictable, accesspower, accesspowergroup, industry ) values (  '93c21a52-941d-4538-ae85-0ba86e82a110', null, '1544b740-8f39-47e7-94f6-4f52437ac7be', null, null, 'BS000010000100001032',300, null, null, '是否可报告',0, null, 'Y', 'N', 'Y', 'N',1, null, null, null, null, 'isallow_out',0, null,4, '2019-04-13 18:39:37',0,0, 'N', 'N', 'Y', null, 'N', 'N', 'N', null, 'N', null, '0' ) ;
insert into md_property ( id, accessorclassname, classid, createtime, creator, datatype, datatypestyle, defaultvalue, description, displayname, dr, help, isactive, hided, nullable, readonly, attrlength, attrmaxvalue, attrminvalue, modifier, modifytime, name, precise, refmodelname, attrsequence, ts, visibility, versiontype, fixedlength, calculation, isauthen, resid, customattr, notserialize, dynamicattr, dynamictable, accesspower, accesspowergroup, industry ) values (  '4280abc6-bddd-4935-990c-7f81d6dda07d', null, '1544b740-8f39-47e7-94f6-4f52437ac7be', null, null, '85efe9e1-3bc2-492e-a92a-f52d3acff25d',305, null, null, '仪器',0, null, 'Y', 'N', 'Y', 'N',20, null, null, null, null, 'instrument',0, '自定义档案',5, '2019-04-13 18:39:37',0,0, 'N', 'N', 'Y', null, 'N', 'N', 'N', null, 'N', null, '0' ) ;
insert into md_property ( id, accessorclassname, classid, createtime, creator, datatype, datatypestyle, defaultvalue, description, displayname, dr, help, isactive, hided, nullable, readonly, attrlength, attrmaxvalue, attrminvalue, modifier, modifytime, name, precise, refmodelname, attrsequence, ts, visibility, versiontype, fixedlength, calculation, isauthen, resid, customattr, notserialize, dynamicattr, dynamictable, accesspower, accesspowergroup, industry ) values (  '6a462971-825f-4eaa-a604-db4145a52556', null, '1544b740-8f39-47e7-94f6-4f52437ac7be', null, null, '85efe9e1-3bc2-492e-a92a-f52d3acff25d',305, null, null, '值类型',0, null, 'Y', 'N', 'Y', 'N',20, null, null, null, null, 'valuetype',0, '自定义档案',6, '2019-04-13 18:39:37',0,0, 'N', 'N', 'Y', null, 'N', 'N', 'N', null, 'N', null, '0' ) ;
insert into md_property ( id, accessorclassname, classid, createtime, creator, datatype, datatypestyle, defaultvalue, description, displayname, dr, help, isactive, hided, nullable, readonly, attrlength, attrmaxvalue, attrminvalue, modifier, modifytime, name, precise, refmodelname, attrsequence, ts, visibility, versiontype, fixedlength, calculation, isauthen, resid, customattr, notserialize, dynamicattr, dynamictable, accesspower, accesspowergroup, industry ) values (  'abbca8f4-a9ba-48bb-9d02-d51a9545934e', null, '1544b740-8f39-47e7-94f6-4f52437ac7be', null, null, 'da085059-c72c-45fa-9d81-6ab1c3cf5649',300, null, null, '取值方式',0, null, 'Y', 'N', 'Y', 'N',0, null, null, null, null, 'valueways',0, null,7, '2019-04-13 18:39:37',0,0, 'N', 'N', 'Y', null, 'N', 'N', 'N', null, 'N', null, '0' ) ;
insert into md_property ( id, accessorclassname, classid, createtime, creator, datatype, datatypestyle, defaultvalue, description, displayname, dr, help, isactive, hided, nullable, readonly, attrlength, attrmaxvalue, attrminvalue, modifier, modifytime, name, precise, refmodelname, attrsequence, ts, visibility, versiontype, fixedlength, calculation, isauthen, resid, customattr, notserialize, dynamicattr, dynamictable, accesspower, accesspowergroup, industry ) values (  '94a44f30-c9c0-4ba0-9367-abe884159f8c', null, '1544b740-8f39-47e7-94f6-4f52437ac7be', null, null, 'BS000010000100001001',300, null, null, '文本值',0, null, 'Y', 'N', 'Y', 'N',50, null, null, null, null, 'textvalue',0, null,8, '2019-04-13 18:39:37',0,0, 'N', 'N', 'Y', null, 'N', 'N', 'N', null, 'N', null, '0' ) ;
insert into md_property ( id, accessorclassname, classid, createtime, creator, datatype, datatypestyle, defaultvalue, description, displayname, dr, help, isactive, hided, nullable, readonly, attrlength, attrmaxvalue, attrminvalue, modifier, modifytime, name, precise, refmodelname, attrsequence, ts, visibility, versiontype, fixedlength, calculation, isauthen, resid, customattr, notserialize, dynamicattr, dynamictable, accesspower, accesspowergroup, industry ) values (  'ce33c604-d950-4ec8-8dc0-71a8d2322683', null, '1544b740-8f39-47e7-94f6-4f52437ac7be', null, null, '85efe9e1-3bc2-492e-a92a-f52d3acff25d',305, null, null, '参照值',0, null, 'Y', 'N', 'Y', 'N',20, null, null, null, null, 'refvalue',0, '自定义档案',9, '2019-04-13 18:39:37',0,0, 'N', 'N', 'Y', null, 'N', 'N', 'N', null, 'N', null, '0' ) ;
insert into md_property ( id, accessorclassname, classid, createtime, creator, datatype, datatypestyle, defaultvalue, description, displayname, dr, help, isactive, hided, nullable, readonly, attrlength, attrmaxvalue, attrminvalue, modifier, modifytime, name, precise, refmodelname, attrsequence, ts, visibility, versiontype, fixedlength, calculation, isauthen, resid, customattr, notserialize, dynamicattr, dynamictable, accesspower, accesspowergroup, industry ) values (  '5c646640-5fd4-4068-8160-1f1a4bcff05e', null, '1544b740-8f39-47e7-94f6-4f52437ac7be', null, null, 'BS000010000100001001',300, null, null, '单位',0, null, 'Y', 'N', 'Y', 'N',50, null, null, null, null, 'unit',0, null,10, '2019-04-13 18:39:37',0,0, 'N', 'N', 'Y', null, 'N', 'N', 'N', null, 'N', null, '0' ) ;
insert into md_property ( id, accessorclassname, classid, createtime, creator, datatype, datatypestyle, defaultvalue, description, displayname, dr, help, isactive, hided, nullable, readonly, attrlength, attrmaxvalue, attrminvalue, modifier, modifytime, name, precise, refmodelname, attrsequence, ts, visibility, versiontype, fixedlength, calculation, isauthen, resid, customattr, notserialize, dynamicattr, dynamictable, accesspower, accesspowergroup, industry ) values (  '9b993213-310b-49ae-8615-dde43b92988d', null, '1544b740-8f39-47e7-94f6-4f52437ac7be', null, null, 'BS000010000100001001',300, null, null, '格式化值',0, null, 'Y', 'N', 'Y', 'N',50, null, null, null, null, 'formatted_entry',0, null,11, '2019-04-13 18:39:37',0,0, 'N', 'N', 'Y', null, 'N', 'N', 'N', null, 'N', null, '0' ) ;
insert into md_property ( id, accessorclassname, classid, createtime, creator, datatype, datatypestyle, defaultvalue, description, displayname, dr, help, isactive, hided, nullable, readonly, attrlength, attrmaxvalue, attrminvalue, modifier, modifytime, name, precise, refmodelname, attrsequence, ts, visibility, versiontype, fixedlength, calculation, isauthen, resid, customattr, notserialize, dynamicattr, dynamictable, accesspower, accesspowergroup, industry ) values (  'f390c789-78fc-42e7-afd2-2ed216fa6273', null, '1544b740-8f39-47e7-94f6-4f52437ac7be', null, null, 'BS000010000100001031',300, null, null, '最小值',0, null, 'Y', 'N', 'Y', 'N',28, null, null, null, null, 'min_limit',8, null,12, '2019-04-13 18:39:37',0,0, 'N', 'N', 'Y', null, 'N', 'N', 'N', null, 'N', null, '0' ) ;
insert into md_property ( id, accessorclassname, classid, createtime, creator, datatype, datatypestyle, defaultvalue, description, displayname, dr, help, isactive, hided, nullable, readonly, attrlength, attrmaxvalue, attrminvalue, modifier, modifytime, name, precise, refmodelname, attrsequence, ts, visibility, versiontype, fixedlength, calculation, isauthen, resid, customattr, notserialize, dynamicattr, dynamictable, accesspower, accesspowergroup, industry ) values (  '49c0f4f7-dfab-45fc-9916-69b4f6e43634', null, '1544b740-8f39-47e7-94f6-4f52437ac7be', null, null, 'BS000010000100001031',300, null, null, '最大值',0, null, 'Y', 'N', 'Y', 'N',28, null, null, null, null, 'max_limit',8, null,13, '2019-04-13 18:39:37',0,0, 'N', 'N', 'Y', null, 'N', 'N', 'N', null, 'N', null, '0' ) ;
insert into md_property ( id, accessorclassname, classid, createtime, creator, datatype, datatypestyle, defaultvalue, description, displayname, dr, help, isactive, hided, nullable, readonly, attrlength, attrmaxvalue, attrminvalue, modifier, modifytime, name, precise, refmodelname, attrsequence, ts, visibility, versiontype, fixedlength, calculation, isauthen, resid, customattr, notserialize, dynamicattr, dynamictable, accesspower, accesspowergroup, industry ) values (  '775b4c2e-c101-493b-86f9-dcfa0fc4edba', null, '1544b740-8f39-47e7-94f6-4f52437ac7be', null, null, 'BS000010000100001001',300, null, null, '英文说明',0, null, 'Y', 'N', 'Y', 'N',50, null, null, null, null, 'englishdescription',0, null,14, '2019-04-13 18:39:37',0,0, 'N', 'N', 'Y', null, 'N', 'N', 'N', null, 'N', null, '0' ) ;
insert into md_property ( id, accessorclassname, classid, createtime, creator, datatype, datatypestyle, defaultvalue, description, displayname, dr, help, isactive, hided, nullable, readonly, attrlength, attrmaxvalue, attrminvalue, modifier, modifytime, name, precise, refmodelname, attrsequence, ts, visibility, versiontype, fixedlength, calculation, isauthen, resid, customattr, notserialize, dynamicattr, dynamictable, accesspower, accesspowergroup, industry ) values (  'b8138fe0-9ebd-4d4f-949a-c6a1659502f1', null, '947de03d-2de3-48f7-a3b6-f038138d0487', null, null, 'BS000010000100001051',300, null, null, '参数行主键',0, null, 'Y', 'N', 'N', 'N',20, null, null, null, null, 'pk_task_r',0, null,0, '2019-04-13 18:39:37',0,0, 'N', 'N', 'Y', null, 'N', 'N', 'N', null, 'N', null, '0' ) ;
insert into md_property ( id, accessorclassname, classid, createtime, creator, datatype, datatypestyle, defaultvalue, description, displayname, dr, help, isactive, hided, nullable, readonly, attrlength, attrmaxvalue, attrminvalue, modifier, modifytime, name, precise, refmodelname, attrsequence, ts, visibility, versiontype, fixedlength, calculation, isauthen, resid, customattr, notserialize, dynamicattr, dynamictable, accesspower, accesspowergroup, industry ) values (  'a76c1e7e-198a-485b-88a5-40c5079900a2', null, '947de03d-2de3-48f7-a3b6-f038138d0487', null, null, '85efe9e1-3bc2-492e-a92a-f52d3acff25d',305, null, null, '样品组别',0, null, 'Y', 'N', 'Y', 'N',20, null, null, null, null, 'pk_samplegroup',0, '自定义档案',1, '2019-04-13 18:39:37',0,0, 'N', 'N', 'Y', null, 'N', 'N', 'N', null, 'N', null, '0' ) ;
insert into md_property ( id, accessorclassname, classid, createtime, creator, datatype, datatypestyle, defaultvalue, description, displayname, dr, help, isactive, hided, nullable, readonly, attrlength, attrmaxvalue, attrminvalue, modifier, modifytime, name, precise, refmodelname, attrsequence, ts, visibility, versiontype, fixedlength, calculation, isauthen, resid, customattr, notserialize, dynamicattr, dynamictable, accesspower, accesspowergroup, industry ) values (  '54f10dcf-0d77-479c-9aad-d087133ed664', null, '947de03d-2de3-48f7-a3b6-f038138d0487', null, null, 'BS000010000100001031',300, null, null, '最小值',0, null, 'Y', 'N', 'Y', 'N',28, null, null, null, null, 'stdminvalue',8, null,2, '2019-04-13 18:39:37',0,0, 'N', 'N', 'Y', null, 'N', 'N', 'N', null, 'N', null, '0' ) ;
insert into md_property ( id, accessorclassname, classid, createtime, creator, datatype, datatypestyle, defaultvalue, description, displayname, dr, help, isactive, hided, nullable, readonly, attrlength, attrmaxvalue, attrminvalue, modifier, modifytime, name, precise, refmodelname, attrsequence, ts, visibility, versiontype, fixedlength, calculation, isauthen, resid, customattr, notserialize, dynamicattr, dynamictable, accesspower, accesspowergroup, industry ) values (  '41d0e016-56c0-4320-966e-58efc004dbc9', null, '947de03d-2de3-48f7-a3b6-f038138d0487', null, null, 'BS000010000100001031',300, null, null, '最大值',0, null, 'Y', 'N', 'Y', 'N',28, null, null, null, null, 'stdmaxvalue',8, null,3, '2019-04-13 18:39:37',0,0, 'N', 'N', 'Y', null, 'N', 'N', 'N', null, 'N', null, '0' ) ;
insert into md_property ( id, accessorclassname, classid, createtime, creator, datatype, datatypestyle, defaultvalue, description, displayname, dr, help, isactive, hided, nullable, readonly, attrlength, attrmaxvalue, attrminvalue, modifier, modifytime, name, precise, refmodelname, attrsequence, ts, visibility, versiontype, fixedlength, calculation, isauthen, resid, customattr, notserialize, dynamicattr, dynamictable, accesspower, accesspowergroup, industry ) values (  '906f9abc-6127-4be0-b4db-25d47784c197', null, '947de03d-2de3-48f7-a3b6-f038138d0487', null, null, 'BS000010000100001001',300, null, null, '单位',0, null, 'Y', 'N', 'Y', 'N',50, null, null, null, null, 'pk_unit',0, null,4, '2019-04-13 18:39:37',0,0, 'N', 'N', 'Y', null, 'N', 'N', 'N', null, 'N', null, '0' ) ;
insert into md_property ( id, accessorclassname, classid, createtime, creator, datatype, datatypestyle, defaultvalue, description, displayname, dr, help, isactive, hided, nullable, readonly, attrlength, attrmaxvalue, attrminvalue, modifier, modifytime, name, precise, refmodelname, attrsequence, ts, visibility, versiontype, fixedlength, calculation, isauthen, resid, customattr, notserialize, dynamicattr, dynamictable, accesspower, accesspowergroup, industry ) values (  '4c00a806-d457-4ba3-90d0-ea444530fc3d', null, '947de03d-2de3-48f7-a3b6-f038138d0487', null, null, 'BS000010000100001032',300, null, null, '测试标记',0, null, 'Y', 'N', 'Y', 'N',1, null, null, null, null, 'testflag',0, null,5, '2019-04-13 18:39:37',0,0, 'N', 'N', 'Y', null, 'N', 'N', 'N', null, 'N', null, '0' ) ;
insert into md_property ( id, accessorclassname, classid, createtime, creator, datatype, datatypestyle, defaultvalue, description, displayname, dr, help, isactive, hided, nullable, readonly, attrlength, attrmaxvalue, attrminvalue, modifier, modifytime, name, precise, refmodelname, attrsequence, ts, visibility, versiontype, fixedlength, calculation, isauthen, resid, customattr, notserialize, dynamicattr, dynamictable, accesspower, accesspowergroup, industry ) values (  '1507eb03-74e5-4581-819d-b125656ffea0', null, '947de03d-2de3-48f7-a3b6-f038138d0487', null, null, 'BS000010000100001032',300, null, null, '判定标记',0, null, 'Y', 'N', 'Y', 'N',1, null, null, null, null, 'judgeflag',0, null,6, '2019-04-13 18:39:37',0,0, 'N', 'N', 'Y', null, 'N', 'N', 'N', null, 'N', null, '0' ) ;
insert into md_property ( id, accessorclassname, classid, createtime, creator, datatype, datatypestyle, defaultvalue, description, displayname, dr, help, isactive, hided, nullable, readonly, attrlength, attrmaxvalue, attrminvalue, modifier, modifytime, name, precise, refmodelname, attrsequence, ts, visibility, versiontype, fixedlength, calculation, isauthen, resid, customattr, notserialize, dynamicattr, dynamictable, accesspower, accesspowergroup, industry ) values (  'b9382d82-416a-4b12-be23-5414155a35fd', null, '947de03d-2de3-48f7-a3b6-f038138d0487', null, null, 'BS000010000100001001',300, null, null, '测试温度',0, null, 'Y', 'N', 'Y', 'N',50, null, null, null, null, 'pk_testtemperature',0, null,7, '2019-04-13 18:39:37',0,0, 'N', 'N', 'Y', null, 'N', 'N', 'N', null, 'N', null, '0' ) ;
insert into md_property ( id, accessorclassname, classid, createtime, creator, datatype, datatypestyle, defaultvalue, description, displayname, dr, help, isactive, hided, nullable, readonly, attrlength, attrmaxvalue, attrminvalue, modifier, modifytime, name, precise, refmodelname, attrsequence, ts, visibility, versiontype, fixedlength, calculation, isauthen, resid, customattr, notserialize, dynamicattr, dynamictable, accesspower, accesspowergroup, industry ) values (  '17cd7127-d2fe-412c-94a0-6dd07f6bc374', null, '947de03d-2de3-48f7-a3b6-f038138d0487', null, null, 'BS000010000100001001',300, null, null, '实验参数名称',0, null, 'Y', 'N', 'Y', 'N',50, null, null, null, null, 'analysisname',0, null,8, '2019-04-13 18:39:37',0,0, 'N', 'N', 'Y', null, 'N', 'N', 'N', null, 'N', null, '0' ) ;
insert into md_property ( id, accessorclassname, classid, createtime, creator, datatype, datatypestyle, defaultvalue, description, displayname, dr, help, isactive, hided, nullable, readonly, attrlength, attrmaxvalue, attrminvalue, modifier, modifytime, name, precise, refmodelname, attrsequence, ts, visibility, versiontype, fixedlength, calculation, isauthen, resid, customattr, notserialize, dynamicattr, dynamictable, accesspower, accesspowergroup, industry ) values (  '333673d4-851f-4631-9227-2ed0b96d5035', null, '947de03d-2de3-48f7-a3b6-f038138d0487', null, null, '85efe9e1-3bc2-492e-a92a-f52d3acff25d',305, null, null, '参数项',0, null, 'Y', 'N', 'Y', 'N',20, null, null, null, null, 'pk_component',0, '自定义档案',9, '2019-04-13 18:39:37',0,0, 'N', 'N', 'Y', null, 'N', 'N', 'N', null, 'N', null, '0' ) ;
insert into md_property ( id, accessorclassname, classid, createtime, creator, datatype, datatypestyle, defaultvalue, description, displayname, dr, help, isactive, hided, nullable, readonly, attrlength, attrmaxvalue, attrminvalue, modifier, modifytime, name, precise, refmodelname, attrsequence, ts, visibility, versiontype, fixedlength, calculation, isauthen, resid, customattr, notserialize, dynamicattr, dynamictable, accesspower, accesspowergroup, industry ) values (  '7be799da-bf6b-4b3d-9fa0-5cb0d2fbdb50', null, '947de03d-2de3-48f7-a3b6-f038138d0487', null, null, '85efe9e1-3bc2-492e-a92a-f52d3acff25d',305, null, null, '值类型',0, null, 'Y', 'N', 'Y', 'N',20, null, null, null, null, 'valuetype',0, '自定义档案',10, '2019-04-13 18:39:37',0,0, 'N', 'N', 'Y', null, 'N', 'N', 'N', null, 'N', null, '0' ) ;
insert into md_accessorPara ( id, dr, paravalue, assosequence, ts, versiontype, industry ) values (  '63699954-c4ee-4e62-b160-00d2b42878f0',0, 'nc.vo.qcco.task.AggTaskHVO',0, '2019-04-13 18:39:37',null, null ) ;
insert into md_bizItfMap ( bizinterfaceid, intattrid, classid, classattrid, bizitfimpclassname, classattrpath, dr, ts ) values (  'ede1e93f-a86e-4588-b441-9db78f30219f', '72145ab5-b7fa-448e-ad62-8e13cd547191', '63699954-c4ee-4e62-b160-00d2b42878f0', 'd1bb0d08-a3be-4217-ae5f-3a1f0ac261f1', null, null,0, '2019-04-13 18:39:37' ) ;
insert into md_bizItfMap ( bizinterfaceid, intattrid, classid, classattrid, bizitfimpclassname, classattrpath, dr, ts ) values (  'ede1e93f-a86e-4588-b441-9db78f30219f', '0c37faa9-6e38-4e27-b596-dabc8d5ad732', '63699954-c4ee-4e62-b160-00d2b42878f0', '02dd3b84-3ec0-416f-a0e0-c2f5eb652937', null, null,0, '2019-04-13 18:39:37' ) ;
insert into md_bizItfMap ( bizinterfaceid, intattrid, classid, classattrid, bizitfimpclassname, classattrpath, dr, ts ) values (  '2b226ae1-aad9-4abe-a405-36bcacaa94a8', 'e5a2aef6-8d58-416a-b8b7-4dd10e13d788', '63699954-c4ee-4e62-b160-00d2b42878f0', 'f1ae5072-7b02-4111-9a2b-fc0e5214b3be', null, null,0, '2019-04-13 18:39:37' ) ;
insert into md_bizItfMap ( bizinterfaceid, intattrid, classid, classattrid, bizitfimpclassname, classattrpath, dr, ts ) values (  '2b226ae1-aad9-4abe-a405-36bcacaa94a8', '49b6b1ae-cd5b-4b54-99cd-a6bb9fee7343', '63699954-c4ee-4e62-b160-00d2b42878f0', 'a0090f9a-d028-42c2-b1cd-778ad230a391', null, null,0, '2019-04-13 18:39:37' ) ;
insert into md_bizItfMap ( bizinterfaceid, intattrid, classid, classattrid, bizitfimpclassname, classattrpath, dr, ts ) values (  '2b226ae1-aad9-4abe-a405-36bcacaa94a8', '54c42368-5a43-4295-a7d4-74d276eed522', '63699954-c4ee-4e62-b160-00d2b42878f0', '1ae44395-d9fd-4d67-9600-26e77f4c9f0d', null, null,0, '2019-04-13 18:39:37' ) ;
insert into md_bizItfMap ( bizinterfaceid, intattrid, classid, classattrid, bizitfimpclassname, classattrpath, dr, ts ) values (  '2b226ae1-aad9-4abe-a405-36bcacaa94a8', '0abfd569-b9cf-4c44-a8d9-45979c083b08', '63699954-c4ee-4e62-b160-00d2b42878f0', '91631470-e0ef-4bdc-8c74-6f4bf10092a9', null, null,0, '2019-04-13 18:39:37' ) ;
insert into md_bizItfMap ( bizinterfaceid, intattrid, classid, classattrid, bizitfimpclassname, classattrpath, dr, ts ) values (  '6c8722b9-911a-489b-8d0d-18bd3734fcf6', '5dd3c721-22ad-42b1-9c10-4351c236bc77', '63699954-c4ee-4e62-b160-00d2b42878f0', '18dffa8e-66ca-49ee-baf6-4110078200ba', null, null,0, '2019-04-13 18:39:37' ) ;
insert into md_bizItfMap ( bizinterfaceid, intattrid, classid, classattrid, bizitfimpclassname, classattrpath, dr, ts ) values (  '6c8722b9-911a-489b-8d0d-18bd3734fcf6', 'c8334364-7ab9-4266-8d4b-e74537935e46', '63699954-c4ee-4e62-b160-00d2b42878f0', null, null, null,0, '2019-04-13 18:39:37' ) ;
insert into md_bizItfMap ( bizinterfaceid, intattrid, classid, classattrid, bizitfimpclassname, classattrpath, dr, ts ) values (  '6c8722b9-911a-489b-8d0d-18bd3734fcf6', 'ecf1b76a-6e44-42e2-a55e-87596504775b', '63699954-c4ee-4e62-b160-00d2b42878f0', 'd1bb0d08-a3be-4217-ae5f-3a1f0ac261f1', null, null,0, '2019-04-13 18:39:37' ) ;
insert into md_bizItfMap ( bizinterfaceid, intattrid, classid, classattrid, bizitfimpclassname, classattrpath, dr, ts ) values (  '6c8722b9-911a-489b-8d0d-18bd3734fcf6', 'd32cc17b-f415-415a-923f-0764443eb102', '63699954-c4ee-4e62-b160-00d2b42878f0', null, null, null,0, '2019-04-13 18:39:37' ) ;
insert into md_bizItfMap ( bizinterfaceid, intattrid, classid, classattrid, bizitfimpclassname, classattrpath, dr, ts ) values (  '6c8722b9-911a-489b-8d0d-18bd3734fcf6', '89578a97-42fe-439b-827c-8eabd9e3604c', '63699954-c4ee-4e62-b160-00d2b42878f0', null, null, null,0, '2019-04-13 18:39:37' ) ;
insert into md_bizItfMap ( bizinterfaceid, intattrid, classid, classattrid, bizitfimpclassname, classattrpath, dr, ts ) values (  '6c8722b9-911a-489b-8d0d-18bd3734fcf6', 'a47e6cda-09e4-480b-923f-ec6f41e3e06c', '63699954-c4ee-4e62-b160-00d2b42878f0', 'd1bb0d08-a3be-4217-ae5f-3a1f0ac261f1', null, null,0, '2019-04-13 18:39:37' ) ;
insert into md_bizItfMap ( bizinterfaceid, intattrid, classid, classattrid, bizitfimpclassname, classattrpath, dr, ts ) values (  'cc8a1739-1dca-454c-b8ef-b175b79a3426', '2d2ee0e2-05b9-4bf5-b263-a39796d4f26b', '63699954-c4ee-4e62-b160-00d2b42878f0', '3321901c-0a5c-4165-86cc-ce00fa7f08e5', null, null,0, '2019-04-13 18:39:37' ) ;
insert into md_bizItfMap ( bizinterfaceid, intattrid, classid, classattrid, bizitfimpclassname, classattrpath, dr, ts ) values (  'cc8a1739-1dca-454c-b8ef-b175b79a3426', 'da02e89c-df72-4c8c-bfb4-c3ba94a7268c', '63699954-c4ee-4e62-b160-00d2b42878f0', '82b80986-ba3c-49ba-b0e0-f1360d97d4a0', null, null,0, '2019-04-13 18:39:37' ) ;
insert into md_bizItfMap ( bizinterfaceid, intattrid, classid, classattrid, bizitfimpclassname, classattrpath, dr, ts ) values (  '2fd714f0-b6b0-4aeb-906e-ead92767ce32', 'eb4f78a8-7a2d-4aa4-9817-f4418d11f25e', '63699954-c4ee-4e62-b160-00d2b42878f0', '17dbc022-4977-4af4-9eb9-7fb685316998', null, null,0, '2019-04-13 18:39:37' ) ;
insert into md_bizItfMap ( bizinterfaceid, intattrid, classid, classattrid, bizitfimpclassname, classattrpath, dr, ts ) values (  '2fd714f0-b6b0-4aeb-906e-ead92767ce32', 'd0eab74e-d8cd-4bba-bfa1-4920b307b565', '63699954-c4ee-4e62-b160-00d2b42878f0', '4f7e120d-51a3-491c-9878-5540faba9f30', null, null,0, '2019-04-13 18:39:37' ) ;
insert into md_bizItfMap ( bizinterfaceid, intattrid, classid, classattrid, bizitfimpclassname, classattrpath, dr, ts ) values (  '2fd714f0-b6b0-4aeb-906e-ead92767ce32', 'ef7713f8-4707-456a-92fe-091785b0c65e', '63699954-c4ee-4e62-b160-00d2b42878f0', 'd1bb0d08-a3be-4217-ae5f-3a1f0ac261f1', null, null,0, '2019-04-13 18:39:37' ) ;
insert into md_bizItfMap ( bizinterfaceid, intattrid, classid, classattrid, bizitfimpclassname, classattrpath, dr, ts ) values (  '2fd714f0-b6b0-4aeb-906e-ead92767ce32', 'aa80f66e-f1e3-47cd-818c-e3218b7e207e', '63699954-c4ee-4e62-b160-00d2b42878f0', '8d88fd05-23d6-4afd-8b0a-d7f94595e0a0', null, null,0, '2019-04-13 18:39:37' ) ;
insert into md_bizItfMap ( bizinterfaceid, intattrid, classid, classattrid, bizitfimpclassname, classattrpath, dr, ts ) values (  '2fd714f0-b6b0-4aeb-906e-ead92767ce32', '4458032b-f71e-46f5-9826-ce458009d21d', '63699954-c4ee-4e62-b160-00d2b42878f0', 'be405ee6-cfb4-480b-8448-247a1aa1deb4', null, null,0, '2019-04-13 18:39:37' ) ;
insert into md_bizItfMap ( bizinterfaceid, intattrid, classid, classattrid, bizitfimpclassname, classattrpath, dr, ts ) values (  '2fd714f0-b6b0-4aeb-906e-ead92767ce32', '826357b1-1210-4ecf-8ebc-4d2dc0ab2813', '63699954-c4ee-4e62-b160-00d2b42878f0', '091f6fe9-0fa1-4ba2-b9d8-798fdebe662a', null, null,0, '2019-04-13 18:39:37' ) ;
insert into md_bizItfMap ( bizinterfaceid, intattrid, classid, classattrid, bizitfimpclassname, classattrpath, dr, ts ) values (  '2fd714f0-b6b0-4aeb-906e-ead92767ce32', '0d045cc9-c178-489d-abbf-17c997e3b790', '63699954-c4ee-4e62-b160-00d2b42878f0', 'b9097a3b-1499-423d-8210-8e60bf402c97', null, null,0, '2019-04-13 18:39:37' ) ;
insert into md_bizItfMap ( bizinterfaceid, intattrid, classid, classattrid, bizitfimpclassname, classattrpath, dr, ts ) values (  '2fd714f0-b6b0-4aeb-906e-ead92767ce32', 'bf83cd87-aafe-40b1-9545-ed506c8b7214', '63699954-c4ee-4e62-b160-00d2b42878f0', '49e738dc-33a5-4a8e-89b1-8ca0281a9435', null, null,0, '2019-04-13 18:39:37' ) ;
insert into md_bizItfMap ( bizinterfaceid, intattrid, classid, classattrid, bizitfimpclassname, classattrpath, dr, ts ) values (  '2fd714f0-b6b0-4aeb-906e-ead92767ce32', '7d07c873-b21f-4d4c-a21c-92c43b9b7786', '63699954-c4ee-4e62-b160-00d2b42878f0', '14b8c4b0-3024-40c7-93fb-7f0d8506a642', null, null,0, '2019-04-13 18:39:37' ) ;
insert into md_bizItfMap ( bizinterfaceid, intattrid, classid, classattrid, bizitfimpclassname, classattrpath, dr, ts ) values (  '2fd714f0-b6b0-4aeb-906e-ead92767ce32', '9d7601f0-4ed7-4dca-868d-1c2a976fe458', '63699954-c4ee-4e62-b160-00d2b42878f0', 'f9e776f7-ad04-40f1-8164-04fa09a12f72', null, null,0, '2019-04-13 18:39:37' ) ;
insert into md_bizItfMap ( bizinterfaceid, intattrid, classid, classattrid, bizitfimpclassname, classattrpath, dr, ts ) values (  '2fd714f0-b6b0-4aeb-906e-ead92767ce32', 'f82d84cd-d01d-4861-b4f4-4c708ded0c5b', '63699954-c4ee-4e62-b160-00d2b42878f0', '1a47f49f-3b80-4616-b530-9a2955627a66', null, null,0, '2019-04-13 18:39:37' ) ;
insert into md_bizItfMap ( bizinterfaceid, intattrid, classid, classattrid, bizitfimpclassname, classattrpath, dr, ts ) values (  '2fd714f0-b6b0-4aeb-906e-ead92767ce32', '06e835cd-ea1d-4fea-b592-b702e228ae57', '63699954-c4ee-4e62-b160-00d2b42878f0', '4ef450d9-d469-4abf-b7be-10097418decf', null, null,0, '2019-04-13 18:39:37' ) ;
insert into md_bizItfMap ( bizinterfaceid, intattrid, classid, classattrid, bizitfimpclassname, classattrpath, dr, ts ) values (  '2fd714f0-b6b0-4aeb-906e-ead92767ce32', 'af163711-e50e-4692-8245-7694137d8896', '63699954-c4ee-4e62-b160-00d2b42878f0', '09659706-f3c8-454e-90c4-737a071a2741', null, null,0, '2019-04-13 18:39:37' ) ;
insert into md_bizItfMap ( bizinterfaceid, intattrid, classid, classattrid, bizitfimpclassname, classattrpath, dr, ts ) values (  '2fd714f0-b6b0-4aeb-906e-ead92767ce32', '0bcd812c-4a13-4e86-83a9-24dbbf6e9cc2', '63699954-c4ee-4e62-b160-00d2b42878f0', '30b97079-9c90-48d3-951c-37bd0d6c3436', null, null,0, '2019-04-13 18:39:37' ) ;
insert into md_bizItfMap ( bizinterfaceid, intattrid, classid, classattrid, bizitfimpclassname, classattrpath, dr, ts ) values (  '2fd714f0-b6b0-4aeb-906e-ead92767ce32', 'e47f4da8-b109-472e-b4d9-f70ede7ef35f', '63699954-c4ee-4e62-b160-00d2b42878f0', '0612cd04-35b4-48fc-a4ea-ba3765771077', null, null,0, '2019-04-13 18:39:37' ) ;
insert into md_bizItfMap ( bizinterfaceid, intattrid, classid, classattrid, bizitfimpclassname, classattrpath, dr, ts ) values (  '2fd714f0-b6b0-4aeb-906e-ead92767ce32', 'e112362d-181f-48d1-9e04-a96c95ec894a', '63699954-c4ee-4e62-b160-00d2b42878f0', 'daac6afa-da0b-4d4b-b31f-711e037d0d75', null, null,0, '2019-04-13 18:39:37' ) ;
insert into md_bizItfMap ( bizinterfaceid, intattrid, classid, classattrid, bizitfimpclassname, classattrpath, dr, ts ) values (  '60bdf1fb-95e3-43dc-8feb-f874de9293eb', '25bd08e0-96da-40a6-bfc0-1298b2399f4a', '63699954-c4ee-4e62-b160-00d2b42878f0', '18dffa8e-66ca-49ee-baf6-4110078200ba', null, null,0, '2019-04-13 18:39:37' ) ;
insert into md_bizItfMap ( bizinterfaceid, intattrid, classid, classattrid, bizitfimpclassname, classattrpath, dr, ts ) values (  'ca510be7-0329-4e1f-9ca9-b9d0a6d71ede', '595de635-7ecb-4cb0-9300-c9e47ffc25f4', 'd12067e1-90c0-4cf5-9e72-77bc9d7e3354', 'b8c6fc01-5b00-4b26-9956-1ac6c631104b', null, null,0, '2019-04-13 18:39:37' ) ;
insert into md_bizItfMap ( bizinterfaceid, intattrid, classid, classattrid, bizitfimpclassname, classattrpath, dr, ts ) values (  'ca510be7-0329-4e1f-9ca9-b9d0a6d71ede', '2d99f85f-17d8-4653-849e-f51cf6cfb827', 'd12067e1-90c0-4cf5-9e72-77bc9d7e3354', null, null, null,0, '2019-04-13 18:39:37' ) ;
insert into md_association ( id, componentid, creator, createtime, dr, endcardinality, startbeanid, endelementid, isactive, modifier, modifytime, name, startcardinality, startelementid, ts, type, versiontype, industry ) values (  '2eb35b98-8f78-4b9a-91ab-44fc0e4086e1', 'fc9c262f-4d00-456c-a505-a7cff8626923', null, '2018-11-12 22:15:24',0, '1..n', '63699954-c4ee-4e62-b160-00d2b42878f0', 'd12067e1-90c0-4cf5-9e72-77bc9d7e3354', null, 'YONYOU NC', '2018-11-12 22:15:24', 'Aggregation Relation', '1', '13afd598-6edf-45eb-a7c0-497a9dde623f', '2019-04-13 18:39:37',1,0, '0' ) ;
insert into md_association ( id, componentid, creator, createtime, dr, endcardinality, startbeanid, endelementid, isactive, modifier, modifytime, name, startcardinality, startelementid, ts, type, versiontype, industry ) values (  'fa74fae5-89bf-406e-81ef-f9e86f838f6d', 'fc9c262f-4d00-456c-a505-a7cff8626923', null, '2018-11-12 22:25:04',0, '1..n', 'd12067e1-90c0-4cf5-9e72-77bc9d7e3354', '1544b740-8f39-47e7-94f6-4f52437ac7be', null, 'YONYOU NC', '2018-11-12 22:25:04', 'Aggregation Relation', '1', '851b9214-eb10-497b-9e59-d8a1580f978c', '2019-04-13 18:39:37',1,0, '0' ) ;
insert into md_association ( id, componentid, creator, createtime, dr, endcardinality, startbeanid, endelementid, isactive, modifier, modifytime, name, startcardinality, startelementid, ts, type, versiontype, industry ) values (  '1cc5f457-afdb-4175-9c63-e4020041e2d6', 'fc9c262f-4d00-456c-a505-a7cff8626923', null, '2018-11-12 22:27:27',0, '1..n', 'd12067e1-90c0-4cf5-9e72-77bc9d7e3354', '947de03d-2de3-48f7-a3b6-f038138d0487', null, 'YONYOU NC', '2018-11-12 22:27:27', 'Aggregation Relation', '1', '24018f11-c6dd-479c-9528-e40e6443f039', '2019-04-13 18:39:37',1,0, '0' ) ;
insert into md_association ( id, componentid, creator, createtime, dr, endcardinality, startbeanid, endelementid, isactive, modifier, modifytime, name, startcardinality, startelementid, ts, type, versiontype, industry ) values (  'c38b26d4-12ba-44ec-afca-9eb2063701bc', 'fc9c262f-4d00-456c-a505-a7cff8626923', null, null,0, '1', '63699954-c4ee-4e62-b160-00d2b42878f0', 'fcbcdbe2-c0e7-4d0d-ac3f-6cfeeb0b036a', 'Y', null, null, 'task_h_pk_commission_h', '1', 'e167f54f-d416-44ae-ab3e-54572b4093c6', '2019-04-13 18:39:37',3,0, '0' ) ;
insert into md_association ( id, componentid, creator, createtime, dr, endcardinality, startbeanid, endelementid, isactive, modifier, modifytime, name, startcardinality, startelementid, ts, type, versiontype, industry ) values (  '39960d25-5eb8-464c-807e-47fcb7844a18', 'fc9c262f-4d00-456c-a505-a7cff8626923', null, null,0, '1', '63699954-c4ee-4e62-b160-00d2b42878f0', '3b6dd171-2900-47f3-bfbe-41e4483a2a65', 'Y', null, null, 'task_h_pk_group', '1', '24797725-a97a-4b70-bd63-d28abc5ada09', '2019-04-13 18:39:37',3,0, '0' ) ;
insert into md_association ( id, componentid, creator, createtime, dr, endcardinality, startbeanid, endelementid, isactive, modifier, modifytime, name, startcardinality, startelementid, ts, type, versiontype, industry ) values (  '7dcb26e5-c1ef-410f-9d5f-e397ccb9b4cd', 'fc9c262f-4d00-456c-a505-a7cff8626923', null, null,0, '1', '63699954-c4ee-4e62-b160-00d2b42878f0', '985be8a4-3a36-4778-8afe-2d8ed3902659', 'Y', null, null, 'task_h_pk_org', '1', 'd1bb0d08-a3be-4217-ae5f-3a1f0ac261f1', '2019-04-13 18:39:37',3,0, '0' ) ;
insert into md_association ( id, componentid, creator, createtime, dr, endcardinality, startbeanid, endelementid, isactive, modifier, modifytime, name, startcardinality, startelementid, ts, type, versiontype, industry ) values (  '0974165a-557b-4f5c-af47-963369927a21', 'fc9c262f-4d00-456c-a505-a7cff8626923', null, null,0, '1', '63699954-c4ee-4e62-b160-00d2b42878f0', 'da7bba89-9a59-42d6-a262-c13ef459dbd9', 'Y', null, null, 'task_h_pk_org_v', '1', '02dd3b84-3ec0-416f-a0e0-c2f5eb652937', '2019-04-13 18:39:37',3,0, '0' ) ;
insert into md_association ( id, componentid, creator, createtime, dr, endcardinality, startbeanid, endelementid, isactive, modifier, modifytime, name, startcardinality, startelementid, ts, type, versiontype, industry ) values (  '30f3ac96-a542-4c83-837e-5baf9238a307', 'fc9c262f-4d00-456c-a505-a7cff8626923', null, null,0, '1', '63699954-c4ee-4e62-b160-00d2b42878f0', 'f6f9a473-56c0-432f-8bc7-fbf8fde54fee', 'Y', null, null, 'task_h_creator', '1', 'f1ae5072-7b02-4111-9a2b-fc0e5214b3be', '2019-04-13 18:39:37',3,0, '0' ) ;
insert into md_association ( id, componentid, creator, createtime, dr, endcardinality, startbeanid, endelementid, isactive, modifier, modifytime, name, startcardinality, startelementid, ts, type, versiontype, industry ) values (  '6efe75c9-96cf-4832-b503-1dd1dd424396', 'fc9c262f-4d00-456c-a505-a7cff8626923', null, null,0, '1', '63699954-c4ee-4e62-b160-00d2b42878f0', 'f6f9a473-56c0-432f-8bc7-fbf8fde54fee', 'Y', null, null, 'task_h_modifier', '1', '1ae44395-d9fd-4d67-9600-26e77f4c9f0d', '2019-04-13 18:39:37',3,0, '0' ) ;
insert into md_association ( id, componentid, creator, createtime, dr, endcardinality, startbeanid, endelementid, isactive, modifier, modifytime, name, startcardinality, startelementid, ts, type, versiontype, industry ) values (  '1f21f4d9-85b8-4e3c-a31b-43e4a29c1bc2', 'fc9c262f-4d00-456c-a505-a7cff8626923', null, null,0, '1', 'd12067e1-90c0-4cf5-9e72-77bc9d7e3354', '85efe9e1-3bc2-492e-a92a-f52d3acff25d', 'Y', null, null, 'task_b_taskname', '1', '1e4d0f6b-cc40-4619-ad96-68158569a0ba', '2019-04-13 18:39:37',3,0, '0' ) ;
insert into md_association ( id, componentid, creator, createtime, dr, endcardinality, startbeanid, endelementid, isactive, modifier, modifytime, name, startcardinality, startelementid, ts, type, versiontype, industry ) values (  '127d9e9d-e5e1-4fa3-8ab5-c207780f43dc', 'fc9c262f-4d00-456c-a505-a7cff8626923', null, null,0, '1', 'd12067e1-90c0-4cf5-9e72-77bc9d7e3354', '85efe9e1-3bc2-492e-a92a-f52d3acff25d', 'Y', null, null, 'task_b_pk_testcondition', '1', 'd04103ed-4f33-46f4-8090-e6be3a34860c', '2019-04-13 18:39:37',3,0, '0' ) ;
insert into md_association ( id, componentid, creator, createtime, dr, endcardinality, startbeanid, endelementid, isactive, modifier, modifytime, name, startcardinality, startelementid, ts, type, versiontype, industry ) values (  '5bd607ce-98a2-49e8-8fa7-c407889d9c94', 'fc9c262f-4d00-456c-a505-a7cff8626923', null, null,0, '1', 'd12067e1-90c0-4cf5-9e72-77bc9d7e3354', '85efe9e1-3bc2-492e-a92a-f52d3acff25d', 'Y', null, null, 'task_b_pk_testresultname', '1', 'ae72ce7b-bb2c-4d62-aea9-0e921ddf2ed4', '2019-04-13 18:39:37',3,0, '0' ) ;
insert into md_association ( id, componentid, creator, createtime, dr, endcardinality, startbeanid, endelementid, isactive, modifier, modifytime, name, startcardinality, startelementid, ts, type, versiontype, industry ) values (  '879dbdbb-a53f-440b-8997-acdf472e6417', 'fc9c262f-4d00-456c-a505-a7cff8626923', null, null,0, '1', '1544b740-8f39-47e7-94f6-4f52437ac7be', '85efe9e1-3bc2-492e-a92a-f52d3acff25d', 'Y', null, null, 'task_s_pk_testconditionitem', '1', '9b32b381-a314-4447-bcc8-868d58d32676', '2019-04-13 18:39:37',3,0, '0' ) ;
insert into md_association ( id, componentid, creator, createtime, dr, endcardinality, startbeanid, endelementid, isactive, modifier, modifytime, name, startcardinality, startelementid, ts, type, versiontype, industry ) values (  'c36a4a83-a859-4c1a-b4f0-663074a7d81f', 'fc9c262f-4d00-456c-a505-a7cff8626923', null, null,0, '1', '1544b740-8f39-47e7-94f6-4f52437ac7be', '85efe9e1-3bc2-492e-a92a-f52d3acff25d', 'Y', null, null, 'task_s_instrument', '1', '4280abc6-bddd-4935-990c-7f81d6dda07d', '2019-04-13 18:39:37',3,0, '0' ) ;
insert into md_association ( id, componentid, creator, createtime, dr, endcardinality, startbeanid, endelementid, isactive, modifier, modifytime, name, startcardinality, startelementid, ts, type, versiontype, industry ) values (  '1184ae0f-5c3b-4fb6-9367-4e0da0876556', 'fc9c262f-4d00-456c-a505-a7cff8626923', null, null,0, '1', '1544b740-8f39-47e7-94f6-4f52437ac7be', '85efe9e1-3bc2-492e-a92a-f52d3acff25d', 'Y', null, null, 'task_s_valuetype', '1', '6a462971-825f-4eaa-a604-db4145a52556', '2019-04-13 18:39:37',3,0, '0' ) ;
insert into md_association ( id, componentid, creator, createtime, dr, endcardinality, startbeanid, endelementid, isactive, modifier, modifytime, name, startcardinality, startelementid, ts, type, versiontype, industry ) values (  '2d718e67-5eed-4f6e-b6f4-24d94b8b3c3c', 'fc9c262f-4d00-456c-a505-a7cff8626923', null, null,0, '1', '1544b740-8f39-47e7-94f6-4f52437ac7be', '85efe9e1-3bc2-492e-a92a-f52d3acff25d', 'Y', null, null, 'task_s_refvalue', '1', 'ce33c604-d950-4ec8-8dc0-71a8d2322683', '2019-04-13 18:39:37',3,0, '0' ) ;
insert into md_association ( id, componentid, creator, createtime, dr, endcardinality, startbeanid, endelementid, isactive, modifier, modifytime, name, startcardinality, startelementid, ts, type, versiontype, industry ) values (  'bd948061-c58a-42f0-8593-b8893a8eafcd', 'fc9c262f-4d00-456c-a505-a7cff8626923', null, null,0, '1', '947de03d-2de3-48f7-a3b6-f038138d0487', '85efe9e1-3bc2-492e-a92a-f52d3acff25d', 'Y', null, null, 'task_r_pk_samplegroup', '1', 'a76c1e7e-198a-485b-88a5-40c5079900a2', '2019-04-13 18:39:37',3,0, '0' ) ;
insert into md_association ( id, componentid, creator, createtime, dr, endcardinality, startbeanid, endelementid, isactive, modifier, modifytime, name, startcardinality, startelementid, ts, type, versiontype, industry ) values (  '37be49d0-c282-43ae-91f7-aa3e82f50612', 'fc9c262f-4d00-456c-a505-a7cff8626923', null, null,0, '1', '947de03d-2de3-48f7-a3b6-f038138d0487', '85efe9e1-3bc2-492e-a92a-f52d3acff25d', 'Y', null, null, 'task_r_pk_component', '1', '333673d4-851f-4631-9227-2ed0b96d5035', '2019-04-13 18:39:37',3,0, '0' ) ;
insert into md_association ( id, componentid, creator, createtime, dr, endcardinality, startbeanid, endelementid, isactive, modifier, modifytime, name, startcardinality, startelementid, ts, type, versiontype, industry ) values (  '83024821-37bd-49e6-a2dd-a5e0c3a8d059', 'fc9c262f-4d00-456c-a505-a7cff8626923', null, null,0, '1', '947de03d-2de3-48f7-a3b6-f038138d0487', '85efe9e1-3bc2-492e-a92a-f52d3acff25d', 'Y', null, null, 'task_r_valuetype', '1', '7be799da-bf6b-4b3d-9fa0-5cb0d2fbdb50', '2019-04-13 18:39:37',3,0, '0' ) ;
insert into md_table ( id, createtime, creator, databaseid, description, displayname, dr, help, isactive, fromsourcebmf, modifier, modifytime, name, ts, versiontype, resmodule, resid, parenttable, isextendtable, industry ) values (  'qc_task_h', '2018-11-12 22:05:10', 'yonyouBQ', null, null, '任务单',0, null, null, 'Y', 'YONYOU NC', '2019-04-05 15:23:58', 'qc_task_h', '2019-04-13 18:39:37',0, 'task', null, null, null, '0' ) ;
insert into md_table ( id, createtime, creator, databaseid, description, displayname, dr, help, isactive, fromsourcebmf, modifier, modifytime, name, ts, versiontype, resmodule, resid, parenttable, isextendtable, industry ) values (  'qc_task_b', '2018-11-12 22:10:20', 'yonyouBQ', null, null, '任务行',0, null, null, 'Y', 'YONYOU NC', '2019-04-05 15:23:58', 'qc_task_b', '2019-04-13 18:39:37',0, 'task', null, null, null, '0' ) ;
insert into md_table ( id, createtime, creator, databaseid, description, displayname, dr, help, isactive, fromsourcebmf, modifier, modifytime, name, ts, versiontype, resmodule, resid, parenttable, isextendtable, industry ) values (  'qc_task_s', '2018-11-12 22:21:11', 'yonyouBQ', null, null, '测试条件',0, null, null, 'Y', 'YONYOU NC', '2019-04-05 15:23:58', 'qc_task_s', '2019-04-13 18:39:37',0, 'task', null, null, null, '0' ) ;
insert into md_table ( id, createtime, creator, databaseid, description, displayname, dr, help, isactive, fromsourcebmf, modifier, modifytime, name, ts, versiontype, resmodule, resid, parenttable, isextendtable, industry ) values (  'qc_task_r', '2018-11-12 22:21:13', 'yonyouBQ', null, null, '试验后参数',0, null, null, 'Y', 'YONYOU NC', '2019-04-05 15:23:58', 'qc_task_r', '2019-04-13 18:39:37',0, 'task', null, null, null, '0' ) ;
insert into md_column ( id, sqldatetype, createtime, creator, defaultvalue, description, displayname, dr, help, incrementseed, incrementstep, isactive, identitied, pkey, nullable, columnlength, modifier, modifytime, name, precise, columnsequence, tableid, ts, versiontype, resid, groupid, columntype, forlocale ) values (  'qc_task_h@@PK@@', 'char', null, null, null, null, '主表主键',0, null,null,null, 'Y', null, 'Y', 'N',20, null, null, 'pk_task_h',0,0, 'qc_task_h', '2019-04-13 18:39:37',0, null, null,0, 'N' ) ;
insert into md_column ( id, sqldatetype, createtime, creator, defaultvalue, description, displayname, dr, help, incrementseed, incrementstep, isactive, identitied, pkey, nullable, columnlength, modifier, modifytime, name, precise, columnsequence, tableid, ts, versiontype, resid, groupid, columntype, forlocale ) values (  'qc_task_h@@@pk_commission_h', 'varchar', null, null, '*~', null, '委托单主键',0, null,null,null, 'Y', null, 'N', 'Y',20, null, null, 'pk_commission_h',0,2, 'qc_task_h', '2019-04-13 18:39:37',0, null, null,0, 'N' ) ;
insert into md_column ( id, sqldatetype, createtime, creator, defaultvalue, description, displayname, dr, help, incrementseed, incrementstep, isactive, identitied, pkey, nullable, columnlength, modifier, modifytime, name, precise, columnsequence, tableid, ts, versiontype, resid, groupid, columntype, forlocale ) values (  'qc_task_h@@@pk_group', 'varchar', null, null, '*~', null, '集团',0, null,null,null, 'Y', null, 'N', 'Y',20, null, null, 'pk_group',0,3, 'qc_task_h', '2019-04-13 18:39:37',0, null, null,0, 'N' ) ;
insert into md_column ( id, sqldatetype, createtime, creator, defaultvalue, description, displayname, dr, help, incrementseed, incrementstep, isactive, identitied, pkey, nullable, columnlength, modifier, modifytime, name, precise, columnsequence, tableid, ts, versiontype, resid, groupid, columntype, forlocale ) values (  'qc_task_h@@@pk_org', 'varchar', null, null, '*~', null, '组织',0, null,null,null, 'Y', null, 'N', 'Y',20, null, null, 'pk_org',0,4, 'qc_task_h', '2019-04-13 18:39:37',0, null, null,0, 'N' ) ;
insert into md_column ( id, sqldatetype, createtime, creator, defaultvalue, description, displayname, dr, help, incrementseed, incrementstep, isactive, identitied, pkey, nullable, columnlength, modifier, modifytime, name, precise, columnsequence, tableid, ts, versiontype, resid, groupid, columntype, forlocale ) values (  'qc_task_h@@@pk_org_v', 'varchar', null, null, '*~', null, '组织版本',0, null,null,null, 'Y', null, 'N', 'Y',20, null, null, 'pk_org_v',0,5, 'qc_task_h', '2019-04-13 18:39:37',0, null, null,0, 'N' ) ;
insert into md_column ( id, sqldatetype, createtime, creator, defaultvalue, description, displayname, dr, help, incrementseed, incrementstep, isactive, identitied, pkey, nullable, columnlength, modifier, modifytime, name, precise, columnsequence, tableid, ts, versiontype, resid, groupid, columntype, forlocale ) values (  'qc_task_h@@@dbilldate', 'char', null, null, null, null, '制单日期',0, null,null,null, 'Y', null, 'N', 'Y',19, null, null, 'dbilldate',0,6, 'qc_task_h', '2019-04-13 18:39:37',0, null, null,0, 'N' ) ;
insert into md_column ( id, sqldatetype, createtime, creator, defaultvalue, description, displayname, dr, help, incrementseed, incrementstep, isactive, identitied, pkey, nullable, columnlength, modifier, modifytime, name, precise, columnsequence, tableid, ts, versiontype, resid, groupid, columntype, forlocale ) values (  'qc_task_h@@@creator', 'varchar', null, null, '*~', null, '创建人',0, null,null,null, 'Y', null, 'N', 'Y',20, null, null, 'creator',0,7, 'qc_task_h', '2019-04-13 18:39:37',0, null, null,0, 'N' ) ;
insert into md_column ( id, sqldatetype, createtime, creator, defaultvalue, description, displayname, dr, help, incrementseed, incrementstep, isactive, identitied, pkey, nullable, columnlength, modifier, modifytime, name, precise, columnsequence, tableid, ts, versiontype, resid, groupid, columntype, forlocale ) values (  'qc_task_h@@@creationtime', 'char', null, null, null, null, '创建时间',0, null,null,null, 'Y', null, 'N', 'Y',19, null, null, 'creationtime',0,8, 'qc_task_h', '2019-04-13 18:39:37',0, null, null,0, 'N' ) ;
insert into md_column ( id, sqldatetype, createtime, creator, defaultvalue, description, displayname, dr, help, incrementseed, incrementstep, isactive, identitied, pkey, nullable, columnlength, modifier, modifytime, name, precise, columnsequence, tableid, ts, versiontype, resid, groupid, columntype, forlocale ) values (  'qc_task_h@@@modifier', 'varchar', null, null, '*~', null, '修改人',0, null,null,null, 'Y', null, 'N', 'Y',20, null, null, 'modifier',0,9, 'qc_task_h', '2019-04-13 18:39:37',0, null, null,0, 'N' ) ;
insert into md_column ( id, sqldatetype, createtime, creator, defaultvalue, description, displayname, dr, help, incrementseed, incrementstep, isactive, identitied, pkey, nullable, columnlength, modifier, modifytime, name, precise, columnsequence, tableid, ts, versiontype, resid, groupid, columntype, forlocale ) values (  'qc_task_h@@@modifiedtime', 'char', null, null, null, null, '修改时间',0, null,null,null, 'Y', null, 'N', 'Y',19, null, null, 'modifiedtime',0,10, 'qc_task_h', '2019-04-13 18:39:37',0, null, null,0, 'N' ) ;
insert into md_column ( id, sqldatetype, createtime, creator, defaultvalue, description, displayname, dr, help, incrementseed, incrementstep, isactive, identitied, pkey, nullable, columnlength, modifier, modifytime, name, precise, columnsequence, tableid, ts, versiontype, resid, groupid, columntype, forlocale ) values (  'qc_task_h@@@maketime', 'char', null, null, null, null, '制单时间',0, null,null,null, 'Y', null, 'N', 'Y',19, null, null, 'maketime',0,11, 'qc_task_h', '2019-04-13 18:39:37',0, null, null,0, 'N' ) ;
insert into md_column ( id, sqldatetype, createtime, creator, defaultvalue, description, displayname, dr, help, incrementseed, incrementstep, isactive, identitied, pkey, nullable, columnlength, modifier, modifytime, name, precise, columnsequence, tableid, ts, versiontype, resid, groupid, columntype, forlocale ) values (  'qc_task_h@@@lastmaketime', 'char', null, null, null, null, '最后修改时间',0, null,null,null, 'Y', null, 'N', 'Y',19, null, null, 'lastmaketime',0,12, 'qc_task_h', '2019-04-13 18:39:37',0, null, null,0, 'N' ) ;
insert into md_column ( id, sqldatetype, createtime, creator, defaultvalue, description, displayname, dr, help, incrementseed, incrementstep, isactive, identitied, pkey, nullable, columnlength, modifier, modifytime, name, precise, columnsequence, tableid, ts, versiontype, resid, groupid, columntype, forlocale ) values (  'qc_task_h@@@billid', 'varchar', null, null, null, null, '单据ID',0, null,null,null, 'Y', null, 'N', 'Y',50, null, null, 'billid',0,13, 'qc_task_h', '2019-04-13 18:39:37',0, null, null,0, 'N' ) ;
insert into md_column ( id, sqldatetype, createtime, creator, defaultvalue, description, displayname, dr, help, incrementseed, incrementstep, isactive, identitied, pkey, nullable, columnlength, modifier, modifytime, name, precise, columnsequence, tableid, ts, versiontype, resid, groupid, columntype, forlocale ) values (  'qc_task_h@@@billno', 'varchar', null, null, null, null, '单据号',0, null,null,null, 'Y', null, 'N', 'Y',50, null, null, 'billno',0,14, 'qc_task_h', '2019-04-13 18:39:37',0, null, null,0, 'N' ) ;
insert into md_column ( id, sqldatetype, createtime, creator, defaultvalue, description, displayname, dr, help, incrementseed, incrementstep, isactive, identitied, pkey, nullable, columnlength, modifier, modifytime, name, precise, columnsequence, tableid, ts, versiontype, resid, groupid, columntype, forlocale ) values (  'qc_task_h@@@busitype', 'varchar', null, null, null, null, '业务类型',0, null,null,null, 'Y', null, 'N', 'Y',50, null, null, 'busitype',0,15, 'qc_task_h', '2019-04-13 18:39:37',0, null, null,0, 'N' ) ;
insert into md_column ( id, sqldatetype, createtime, creator, defaultvalue, description, displayname, dr, help, incrementseed, incrementstep, isactive, identitied, pkey, nullable, columnlength, modifier, modifytime, name, precise, columnsequence, tableid, ts, versiontype, resid, groupid, columntype, forlocale ) values (  'qc_task_h@@@billmaker', 'varchar', null, null, null, null, '制单人',0, null,null,null, 'Y', null, 'N', 'Y',50, null, null, 'billmaker',0,16, 'qc_task_h', '2019-04-13 18:39:37',0, null, null,0, 'N' ) ;
insert into md_column ( id, sqldatetype, createtime, creator, defaultvalue, description, displayname, dr, help, incrementseed, incrementstep, isactive, identitied, pkey, nullable, columnlength, modifier, modifytime, name, precise, columnsequence, tableid, ts, versiontype, resid, groupid, columntype, forlocale ) values (  'qc_task_h@@@approver', 'varchar', null, null, null, null, '审批人',0, null,null,null, 'Y', null, 'N', 'Y',50, null, null, 'approver',0,17, 'qc_task_h', '2019-04-13 18:39:37',0, null, null,0, 'N' ) ;
insert into md_column ( id, sqldatetype, createtime, creator, defaultvalue, description, displayname, dr, help, incrementseed, incrementstep, isactive, identitied, pkey, nullable, columnlength, modifier, modifytime, name, precise, columnsequence, tableid, ts, versiontype, resid, groupid, columntype, forlocale ) values (  'qc_task_h@@@approvestatus', 'int', null, null, null, null, '审批状态',0, null,null,null, 'Y', null, 'N', 'Y',50, null, null, 'approvestatus',0,18, 'qc_task_h', '2019-04-13 18:39:37',0, null, null,0, 'N' ) ;
insert into md_column ( id, sqldatetype, createtime, creator, defaultvalue, description, displayname, dr, help, incrementseed, incrementstep, isactive, identitied, pkey, nullable, columnlength, modifier, modifytime, name, precise, columnsequence, tableid, ts, versiontype, resid, groupid, columntype, forlocale ) values (  'qc_task_h@@@approvenote', 'varchar', null, null, null, null, '审批批语',0, null,null,null, 'Y', null, 'N', 'Y',50, null, null, 'approvenote',0,19, 'qc_task_h', '2019-04-13 18:39:37',0, null, null,0, 'N' ) ;
insert into md_column ( id, sqldatetype, createtime, creator, defaultvalue, description, displayname, dr, help, incrementseed, incrementstep, isactive, identitied, pkey, nullable, columnlength, modifier, modifytime, name, precise, columnsequence, tableid, ts, versiontype, resid, groupid, columntype, forlocale ) values (  'qc_task_h@@@approvedate', 'char', null, null, null, null, '审批时间',0, null,null,null, 'Y', null, 'N', 'Y',19, null, null, 'approvedate',0,20, 'qc_task_h', '2019-04-13 18:39:37',0, null, null,0, 'N' ) ;
insert into md_column ( id, sqldatetype, createtime, creator, defaultvalue, description, displayname, dr, help, incrementseed, incrementstep, isactive, identitied, pkey, nullable, columnlength, modifier, modifytime, name, precise, columnsequence, tableid, ts, versiontype, resid, groupid, columntype, forlocale ) values (  'qc_task_h@@@transtype', 'varchar', null, null, null, null, '交易类型',0, null,null,null, 'Y', null, 'N', 'Y',50, null, null, 'transtype',0,21, 'qc_task_h', '2019-04-13 18:39:37',0, null, null,0, 'N' ) ;
insert into md_column ( id, sqldatetype, createtime, creator, defaultvalue, description, displayname, dr, help, incrementseed, incrementstep, isactive, identitied, pkey, nullable, columnlength, modifier, modifytime, name, precise, columnsequence, tableid, ts, versiontype, resid, groupid, columntype, forlocale ) values (  'qc_task_h@@@billtype', 'varchar', null, null, null, null, '单据类型',0, null,null,null, 'Y', null, 'N', 'Y',50, null, null, 'billtype',0,22, 'qc_task_h', '2019-04-13 18:39:37',0, null, null,0, 'N' ) ;
insert into md_column ( id, sqldatetype, createtime, creator, defaultvalue, description, displayname, dr, help, incrementseed, incrementstep, isactive, identitied, pkey, nullable, columnlength, modifier, modifytime, name, precise, columnsequence, tableid, ts, versiontype, resid, groupid, columntype, forlocale ) values (  'qc_task_h@@@transtypepk', 'char', null, null, null, null, '交易类型pk',0, null,null,null, 'Y', null, 'N', 'Y',20, null, null, 'transtypepk',0,23, 'qc_task_h', '2019-04-13 18:39:37',0, null, null,0, 'N' ) ;
insert into md_column ( id, sqldatetype, createtime, creator, defaultvalue, description, displayname, dr, help, incrementseed, incrementstep, isactive, identitied, pkey, nullable, columnlength, modifier, modifytime, name, precise, columnsequence, tableid, ts, versiontype, resid, groupid, columntype, forlocale ) values (  'qc_task_h@@@srcbilltype', 'varchar', null, null, null, null, '来源单据类型',0, null,null,null, 'Y', null, 'N', 'Y',50, null, null, 'srcbilltype',0,24, 'qc_task_h', '2019-04-13 18:39:37',0, null, null,0, 'N' ) ;
insert into md_column ( id, sqldatetype, createtime, creator, defaultvalue, description, displayname, dr, help, incrementseed, incrementstep, isactive, identitied, pkey, nullable, columnlength, modifier, modifytime, name, precise, columnsequence, tableid, ts, versiontype, resid, groupid, columntype, forlocale ) values (  'qc_task_h@@@srcbillid', 'varchar', null, null, null, null, '来源单据id',0, null,null,null, 'Y', null, 'N', 'Y',50, null, null, 'srcbillid',0,25, 'qc_task_h', '2019-04-13 18:39:37',0, null, null,0, 'N' ) ;
insert into md_column ( id, sqldatetype, createtime, creator, defaultvalue, description, displayname, dr, help, incrementseed, incrementstep, isactive, identitied, pkey, nullable, columnlength, modifier, modifytime, name, precise, columnsequence, tableid, ts, versiontype, resid, groupid, columntype, forlocale ) values (  'qc_task_h@@@emendenum', 'int', null, null, null, null, '修订枚举',0, null,null,null, 'Y', null, 'N', 'Y',50, null, null, 'emendenum',0,26, 'qc_task_h', '2019-04-13 18:39:37',0, null, null,0, 'N' ) ;
insert into md_column ( id, sqldatetype, createtime, creator, defaultvalue, description, displayname, dr, help, incrementseed, incrementstep, isactive, identitied, pkey, nullable, columnlength, modifier, modifytime, name, precise, columnsequence, tableid, ts, versiontype, resid, groupid, columntype, forlocale ) values (  'qc_task_h@@@billversionpk', 'varchar', null, null, null, null, '单据版本pk',0, null,null,null, 'Y', null, 'N', 'Y',50, null, null, 'billversionpk',0,27, 'qc_task_h', '2019-04-13 18:39:37',0, null, null,0, 'N' ) ;
insert into md_column ( id, sqldatetype, createtime, creator, defaultvalue, description, displayname, dr, help, incrementseed, incrementstep, isactive, identitied, pkey, nullable, columnlength, modifier, modifytime, name, precise, columnsequence, tableid, ts, versiontype, resid, groupid, columntype, forlocale ) values (  'qc_task_b@@PK@@', 'char', null, null, null, null, '任务行主键',0, null,null,null, 'Y', null, 'Y', 'N',20, null, null, 'pk_task_b',0,0, 'qc_task_b', '2019-04-13 18:39:37',0, null, null,0, 'N' ) ;
insert into md_column ( id, sqldatetype, createtime, creator, defaultvalue, description, displayname, dr, help, incrementseed, incrementstep, isactive, identitied, pkey, nullable, columnlength, modifier, modifytime, name, precise, columnsequence, tableid, ts, versiontype, resid, groupid, columntype, forlocale ) values (  'qc_task_b@@@taskcode', 'varchar', null, null, null, null, '任务编号',0, null,null,null, 'Y', null, 'N', 'Y',50, null, null, 'taskcode',0,1, 'qc_task_b', '2019-04-13 18:39:37',0, null, null,0, 'N' ) ;
insert into md_column ( id, sqldatetype, createtime, creator, defaultvalue, description, displayname, dr, help, incrementseed, incrementstep, isactive, identitied, pkey, nullable, columnlength, modifier, modifytime, name, precise, columnsequence, tableid, ts, versiontype, resid, groupid, columntype, forlocale ) values (  'qc_task_b@@@taskname', 'varchar', null, null, '*~', null, '任务名称',0, null,null,null, 'Y', null, 'N', 'Y',20, null, null, 'taskname',0,2, 'qc_task_b', '2019-04-13 18:39:37',0, null, null,0, 'N' ) ;
insert into md_column ( id, sqldatetype, createtime, creator, defaultvalue, description, displayname, dr, help, incrementseed, incrementstep, isactive, identitied, pkey, nullable, columnlength, modifier, modifytime, name, precise, columnsequence, tableid, ts, versiontype, resid, groupid, columntype, forlocale ) values (  'qc_task_b@@@runorder', 'int', null, null, null, null, '执行顺序',0, null,null,null, 'Y', null, 'N', 'Y',16, null, null, 'runorder',0,3, 'qc_task_b', '2019-04-13 18:39:37',0, null, null,0, 'N' ) ;
insert into md_column ( id, sqldatetype, createtime, creator, defaultvalue, description, displayname, dr, help, incrementseed, incrementstep, isactive, identitied, pkey, nullable, columnlength, modifier, modifytime, name, precise, columnsequence, tableid, ts, versiontype, resid, groupid, columntype, forlocale ) values (  'qc_task_b@@@rowno', 'varchar', null, null, null, null, '行号',0, null,null,null, 'Y', null, 'N', 'Y',50, null, null, 'rowno',0,4, 'qc_task_b', '2019-04-13 18:39:37',0, null, null,0, 'N' ) ;
insert into md_column ( id, sqldatetype, createtime, creator, defaultvalue, description, displayname, dr, help, incrementseed, incrementstep, isactive, identitied, pkey, nullable, columnlength, modifier, modifytime, name, precise, columnsequence, tableid, ts, versiontype, resid, groupid, columntype, forlocale ) values (  'qc_task_b@@@pk_testcondition', 'varchar', null, null, '*~', null, '测试条件',0, null,null,null, 'Y', null, 'N', 'Y',20, null, null, 'pk_testcondition',0,5, 'qc_task_b', '2019-04-13 18:39:37',0, null, null,0, 'N' ) ;
insert into md_column ( id, sqldatetype, createtime, creator, defaultvalue, description, displayname, dr, help, incrementseed, incrementstep, isactive, identitied, pkey, nullable, columnlength, modifier, modifytime, name, precise, columnsequence, tableid, ts, versiontype, resid, groupid, columntype, forlocale ) values (  'qc_task_b@@@pk_testresultname', 'varchar', null, null, '*~', null, '测试结果名称',0, null,null,null, 'Y', null, 'N', 'Y',20, null, null, 'pk_testresultname',0,6, 'qc_task_b', '2019-04-13 18:39:37',0, null, null,0, 'N' ) ;
insert into md_column ( id, sqldatetype, createtime, creator, defaultvalue, description, displayname, dr, help, incrementseed, incrementstep, isactive, identitied, pkey, nullable, columnlength, modifier, modifytime, name, precise, columnsequence, tableid, ts, versiontype, resid, groupid, columntype, forlocale ) values (  'qc_task_b@@@testresultshortname', 'varchar', null, null, null, null, '测试结果短名称',0, null,null,null, 'Y', null, 'N', 'Y',50, null, null, 'testresultshortname',0,7, 'qc_task_b', '2019-04-13 18:39:37',0, null, null,0, 'N' ) ;
insert into md_column ( id, sqldatetype, createtime, creator, defaultvalue, description, displayname, dr, help, incrementseed, incrementstep, isactive, identitied, pkey, nullable, columnlength, modifier, modifytime, name, precise, columnsequence, tableid, ts, versiontype, resid, groupid, columntype, forlocale ) values (  'qc_task_b@@@testnumber', 'varchar', null, null, null, null, 'testnumber',0, null,null,null, 'Y', null, 'N', 'Y',50, null, null, 'testnumber',0,8, 'qc_task_b', '2019-04-13 18:39:37',0, null, null,0, 'N' ) ;
insert into md_column ( id, sqldatetype, createtime, creator, defaultvalue, description, displayname, dr, help, incrementseed, incrementstep, isactive, identitied, pkey, nullable, columnlength, modifier, modifytime, name, precise, columnsequence, tableid, ts, versiontype, resid, groupid, columntype, forlocale ) values (  'qc_task_b@@@sampleallocation', 'varchar', null, null, null, null, '样品分配',0, null,null,null, 'Y', null, 'N', 'Y',50, null, null, 'sampleallocation',0,9, 'qc_task_b', '2019-04-13 18:39:37',0, null, null,0, 'N' ) ;
insert into md_column ( id, sqldatetype, createtime, creator, defaultvalue, description, displayname, dr, help, incrementseed, incrementstep, isactive, identitied, pkey, nullable, columnlength, modifier, modifytime, name, precise, columnsequence, tableid, ts, versiontype, resid, groupid, columntype, forlocale ) values (  'qc_task_b@@@samplequantity', 'decimal', null, null, null, null, '样品数量',0, null,null,null, 'Y', null, 'N', 'Y',28, null, null, 'samplequantity',8,10, 'qc_task_b', '2019-04-13 18:39:37',0, null, null,0, 'N' ) ;
insert into md_column ( id, sqldatetype, createtime, creator, defaultvalue, description, displayname, dr, help, incrementseed, incrementstep, isactive, identitied, pkey, nullable, columnlength, modifier, modifytime, name, precise, columnsequence, tableid, ts, versiontype, resid, groupid, columntype, forlocale ) values (  'qc_task_s@@PK@@', 'char', null, null, null, null, '测试条件主键',0, null,null,null, 'Y', null, 'Y', 'N',20, null, null, 'pk_task_s',0,0, 'qc_task_s', '2019-04-13 18:39:37',0, null, null,0, 'N' ) ;
insert into md_column ( id, sqldatetype, createtime, creator, defaultvalue, description, displayname, dr, help, incrementseed, incrementstep, isactive, identitied, pkey, nullable, columnlength, modifier, modifytime, name, precise, columnsequence, tableid, ts, versiontype, resid, groupid, columntype, forlocale ) values (  'qc_task_s@@@pk_testconditionitem', 'varchar', null, null, '*~', null, '测试条件项',0, null,null,null, 'Y', null, 'N', 'Y',20, null, null, 'pk_testconditionitem',0,1, 'qc_task_s', '2019-04-13 18:39:37',0, null, null,0, 'N' ) ;
insert into md_column ( id, sqldatetype, createtime, creator, defaultvalue, description, displayname, dr, help, incrementseed, incrementstep, isactive, identitied, pkey, nullable, columnlength, modifier, modifytime, name, precise, columnsequence, tableid, ts, versiontype, resid, groupid, columntype, forlocale ) values (  'qc_task_s@@@conditionstatus', 'char', null, null, null, null, '状态',0, null,null,null, 'Y', null, 'N', 'Y',1, null, null, 'conditionstatus',0,2, 'qc_task_s', '2019-04-13 18:39:37',0, null, null,0, 'N' ) ;
insert into md_column ( id, sqldatetype, createtime, creator, defaultvalue, description, displayname, dr, help, incrementseed, incrementstep, isactive, identitied, pkey, nullable, columnlength, modifier, modifytime, name, precise, columnsequence, tableid, ts, versiontype, resid, groupid, columntype, forlocale ) values (  'qc_task_s@@@isoptional', 'char', null, null, null, null, '是否可选',0, null,null,null, 'Y', null, 'N', 'Y',1, null, null, 'isoptional',0,3, 'qc_task_s', '2019-04-13 18:39:37',0, null, null,0, 'N' ) ;
insert into md_column ( id, sqldatetype, createtime, creator, defaultvalue, description, displayname, dr, help, incrementseed, incrementstep, isactive, identitied, pkey, nullable, columnlength, modifier, modifytime, name, precise, columnsequence, tableid, ts, versiontype, resid, groupid, columntype, forlocale ) values (  'qc_task_s@@@isallow_out', 'char', null, null, null, null, '是否可报告',0, null,null,null, 'Y', null, 'N', 'Y',1, null, null, 'isallow_out',0,4, 'qc_task_s', '2019-04-13 18:39:37',0, null, null,0, 'N' ) ;
insert into md_column ( id, sqldatetype, createtime, creator, defaultvalue, description, displayname, dr, help, incrementseed, incrementstep, isactive, identitied, pkey, nullable, columnlength, modifier, modifytime, name, precise, columnsequence, tableid, ts, versiontype, resid, groupid, columntype, forlocale ) values (  'qc_task_s@@@instrument', 'varchar', null, null, '*~', null, '仪器',0, null,null,null, 'Y', null, 'N', 'Y',20, null, null, 'instrument',0,5, 'qc_task_s', '2019-04-13 18:39:37',0, null, null,0, 'N' ) ;
insert into md_column ( id, sqldatetype, createtime, creator, defaultvalue, description, displayname, dr, help, incrementseed, incrementstep, isactive, identitied, pkey, nullable, columnlength, modifier, modifytime, name, precise, columnsequence, tableid, ts, versiontype, resid, groupid, columntype, forlocale ) values (  'qc_task_s@@@valuetype', 'varchar', null, null, '*~', null, '值类型',0, null,null,null, 'Y', null, 'N', 'Y',20, null, null, 'valuetype',0,6, 'qc_task_s', '2019-04-13 18:39:37',0, null, null,0, 'N' ) ;
insert into md_column ( id, sqldatetype, createtime, creator, defaultvalue, description, displayname, dr, help, incrementseed, incrementstep, isactive, identitied, pkey, nullable, columnlength, modifier, modifytime, name, precise, columnsequence, tableid, ts, versiontype, resid, groupid, columntype, forlocale ) values (  'qc_task_s@@@valueways', 'int', null, null, null, null, '取值方式',0, null,null,null, 'Y', null, 'N', 'Y',0, null, null, 'valueways',0,7, 'qc_task_s', '2019-04-13 18:39:37',0, null, null,0, 'N' ) ;
insert into md_column ( id, sqldatetype, createtime, creator, defaultvalue, description, displayname, dr, help, incrementseed, incrementstep, isactive, identitied, pkey, nullable, columnlength, modifier, modifytime, name, precise, columnsequence, tableid, ts, versiontype, resid, groupid, columntype, forlocale ) values (  'qc_task_s@@@textvalue', 'varchar', null, null, null, null, '文本值',0, null,null,null, 'Y', null, 'N', 'Y',50, null, null, 'textvalue',0,8, 'qc_task_s', '2019-04-13 18:39:37',0, null, null,0, 'N' ) ;
insert into md_column ( id, sqldatetype, createtime, creator, defaultvalue, description, displayname, dr, help, incrementseed, incrementstep, isactive, identitied, pkey, nullable, columnlength, modifier, modifytime, name, precise, columnsequence, tableid, ts, versiontype, resid, groupid, columntype, forlocale ) values (  'qc_task_s@@@refvalue', 'varchar', null, null, '*~', null, '参照值',0, null,null,null, 'Y', null, 'N', 'Y',20, null, null, 'refvalue',0,9, 'qc_task_s', '2019-04-13 18:39:37',0, null, null,0, 'N' ) ;
insert into md_column ( id, sqldatetype, createtime, creator, defaultvalue, description, displayname, dr, help, incrementseed, incrementstep, isactive, identitied, pkey, nullable, columnlength, modifier, modifytime, name, precise, columnsequence, tableid, ts, versiontype, resid, groupid, columntype, forlocale ) values (  'qc_task_s@@@unit', 'varchar', null, null, null, null, '单位',0, null,null,null, 'Y', null, 'N', 'Y',50, null, null, 'unit',0,10, 'qc_task_s', '2019-04-13 18:39:37',0, null, null,0, 'N' ) ;
insert into md_column ( id, sqldatetype, createtime, creator, defaultvalue, description, displayname, dr, help, incrementseed, incrementstep, isactive, identitied, pkey, nullable, columnlength, modifier, modifytime, name, precise, columnsequence, tableid, ts, versiontype, resid, groupid, columntype, forlocale ) values (  'qc_task_s@@@formatted_entry', 'varchar', null, null, null, null, '格式化值',0, null,null,null, 'Y', null, 'N', 'Y',50, null, null, 'formatted_entry',0,11, 'qc_task_s', '2019-04-13 18:39:37',0, null, null,0, 'N' ) ;
insert into md_column ( id, sqldatetype, createtime, creator, defaultvalue, description, displayname, dr, help, incrementseed, incrementstep, isactive, identitied, pkey, nullable, columnlength, modifier, modifytime, name, precise, columnsequence, tableid, ts, versiontype, resid, groupid, columntype, forlocale ) values (  'qc_task_s@@@min_limit', 'decimal', null, null, null, null, '最小值',0, null,null,null, 'Y', null, 'N', 'Y',28, null, null, 'min_limit',8,12, 'qc_task_s', '2019-04-13 18:39:37',0, null, null,0, 'N' ) ;
insert into md_column ( id, sqldatetype, createtime, creator, defaultvalue, description, displayname, dr, help, incrementseed, incrementstep, isactive, identitied, pkey, nullable, columnlength, modifier, modifytime, name, precise, columnsequence, tableid, ts, versiontype, resid, groupid, columntype, forlocale ) values (  'qc_task_s@@@max_limit', 'decimal', null, null, null, null, '最大值',0, null,null,null, 'Y', null, 'N', 'Y',28, null, null, 'max_limit',8,13, 'qc_task_s', '2019-04-13 18:39:37',0, null, null,0, 'N' ) ;
insert into md_column ( id, sqldatetype, createtime, creator, defaultvalue, description, displayname, dr, help, incrementseed, incrementstep, isactive, identitied, pkey, nullable, columnlength, modifier, modifytime, name, precise, columnsequence, tableid, ts, versiontype, resid, groupid, columntype, forlocale ) values (  'qc_task_s@@@englishdescription', 'varchar', null, null, null, null, '英文说明',0, null,null,null, 'Y', null, 'N', 'Y',50, null, null, 'englishdescription',0,14, 'qc_task_s', '2019-04-13 18:39:37',0, null, null,0, 'N' ) ;
insert into md_column ( id, sqldatetype, createtime, creator, defaultvalue, description, displayname, dr, help, incrementseed, incrementstep, isactive, identitied, pkey, nullable, columnlength, modifier, modifytime, name, precise, columnsequence, tableid, ts, versiontype, resid, groupid, columntype, forlocale ) values (  'qc_task_r@@PK@@', 'char', null, null, null, null, '参数行主键',0, null,null,null, 'Y', null, 'Y', 'N',20, null, null, 'pk_task_r',0,0, 'qc_task_r', '2019-04-13 18:39:37',0, null, null,0, 'N' ) ;
insert into md_column ( id, sqldatetype, createtime, creator, defaultvalue, description, displayname, dr, help, incrementseed, incrementstep, isactive, identitied, pkey, nullable, columnlength, modifier, modifytime, name, precise, columnsequence, tableid, ts, versiontype, resid, groupid, columntype, forlocale ) values (  'qc_task_r@@@pk_samplegroup', 'varchar', null, null, '*~', null, '样品组别',0, null,null,null, 'Y', null, 'N', 'Y',20, null, null, 'pk_samplegroup',0,1, 'qc_task_r', '2019-04-13 18:39:37',0, null, null,0, 'N' ) ;
insert into md_column ( id, sqldatetype, createtime, creator, defaultvalue, description, displayname, dr, help, incrementseed, incrementstep, isactive, identitied, pkey, nullable, columnlength, modifier, modifytime, name, precise, columnsequence, tableid, ts, versiontype, resid, groupid, columntype, forlocale ) values (  'qc_task_r@@@stdminvalue', 'decimal', null, null, null, null, '最小值',0, null,null,null, 'Y', null, 'N', 'Y',28, null, null, 'stdminvalue',8,2, 'qc_task_r', '2019-04-13 18:39:37',0, null, null,0, 'N' ) ;
insert into md_column ( id, sqldatetype, createtime, creator, defaultvalue, description, displayname, dr, help, incrementseed, incrementstep, isactive, identitied, pkey, nullable, columnlength, modifier, modifytime, name, precise, columnsequence, tableid, ts, versiontype, resid, groupid, columntype, forlocale ) values (  'qc_task_r@@@stdmaxvalue', 'decimal', null, null, null, null, '最大值',0, null,null,null, 'Y', null, 'N', 'Y',28, null, null, 'stdmaxvalue',8,3, 'qc_task_r', '2019-04-13 18:39:37',0, null, null,0, 'N' ) ;
insert into md_column ( id, sqldatetype, createtime, creator, defaultvalue, description, displayname, dr, help, incrementseed, incrementstep, isactive, identitied, pkey, nullable, columnlength, modifier, modifytime, name, precise, columnsequence, tableid, ts, versiontype, resid, groupid, columntype, forlocale ) values (  'qc_task_r@@@pk_unit', 'varchar', null, null, null, null, '单位',0, null,null,null, 'Y', null, 'N', 'Y',50, null, null, 'pk_unit',0,4, 'qc_task_r', '2019-04-13 18:39:37',0, null, null,0, 'N' ) ;
insert into md_column ( id, sqldatetype, createtime, creator, defaultvalue, description, displayname, dr, help, incrementseed, incrementstep, isactive, identitied, pkey, nullable, columnlength, modifier, modifytime, name, precise, columnsequence, tableid, ts, versiontype, resid, groupid, columntype, forlocale ) values (  'qc_task_r@@@testflag', 'char', null, null, null, null, '测试标记',0, null,null,null, 'Y', null, 'N', 'Y',1, null, null, 'testflag',0,5, 'qc_task_r', '2019-04-13 18:39:37',0, null, null,0, 'N' ) ;
insert into md_column ( id, sqldatetype, createtime, creator, defaultvalue, description, displayname, dr, help, incrementseed, incrementstep, isactive, identitied, pkey, nullable, columnlength, modifier, modifytime, name, precise, columnsequence, tableid, ts, versiontype, resid, groupid, columntype, forlocale ) values (  'qc_task_r@@@judgeflag', 'char', null, null, null, null, '判定标记',0, null,null,null, 'Y', null, 'N', 'Y',1, null, null, 'judgeflag',0,6, 'qc_task_r', '2019-04-13 18:39:37',0, null, null,0, 'N' ) ;
insert into md_column ( id, sqldatetype, createtime, creator, defaultvalue, description, displayname, dr, help, incrementseed, incrementstep, isactive, identitied, pkey, nullable, columnlength, modifier, modifytime, name, precise, columnsequence, tableid, ts, versiontype, resid, groupid, columntype, forlocale ) values (  'qc_task_r@@@pk_testtemperature', 'varchar', null, null, null, null, '测试温度',0, null,null,null, 'Y', null, 'N', 'Y',50, null, null, 'pk_testtemperature',0,7, 'qc_task_r', '2019-04-13 18:39:37',0, null, null,0, 'N' ) ;
insert into md_column ( id, sqldatetype, createtime, creator, defaultvalue, description, displayname, dr, help, incrementseed, incrementstep, isactive, identitied, pkey, nullable, columnlength, modifier, modifytime, name, precise, columnsequence, tableid, ts, versiontype, resid, groupid, columntype, forlocale ) values (  'qc_task_r@@@analysisname', 'varchar', null, null, null, null, '实验参数名称',0, null,null,null, 'Y', null, 'N', 'Y',50, null, null, 'analysisname',0,8, 'qc_task_r', '2019-04-13 18:39:37',0, null, null,0, 'N' ) ;
insert into md_column ( id, sqldatetype, createtime, creator, defaultvalue, description, displayname, dr, help, incrementseed, incrementstep, isactive, identitied, pkey, nullable, columnlength, modifier, modifytime, name, precise, columnsequence, tableid, ts, versiontype, resid, groupid, columntype, forlocale ) values (  'qc_task_r@@@pk_component', 'varchar', null, null, '*~', null, '参数项',0, null,null,null, 'Y', null, 'N', 'Y',20, null, null, 'pk_component',0,9, 'qc_task_r', '2019-04-13 18:39:37',0, null, null,0, 'N' ) ;
insert into md_column ( id, sqldatetype, createtime, creator, defaultvalue, description, displayname, dr, help, incrementseed, incrementstep, isactive, identitied, pkey, nullable, columnlength, modifier, modifytime, name, precise, columnsequence, tableid, ts, versiontype, resid, groupid, columntype, forlocale ) values (  'qc_task_r@@@valuetype', 'varchar', null, null, '*~', null, '值类型',0, null,null,null, 'Y', null, 'N', 'Y',20, null, null, 'valuetype',0,10, 'qc_task_r', '2019-04-13 18:39:37',0, null, null,0, 'N' ) ;
insert into md_column ( id, sqldatetype, createtime, creator, defaultvalue, description, displayname, dr, help, incrementseed, incrementstep, isactive, identitied, pkey, nullable, columnlength, modifier, modifytime, name, precise, columnsequence, tableid, ts, versiontype, resid, groupid, columntype, forlocale ) values (  'qc_task_b@@@pk_task_h', 'char', null, null, null, null, '任务单_主鍵',0, null,null,null, 'Y', null, 'N', 'N',20, null, null, 'pk_task_h',null,null, 'qc_task_b', '2019-04-13 18:39:37',0, '2UC000-000003', null,0, null ) ;
insert into md_column ( id, sqldatetype, createtime, creator, defaultvalue, description, displayname, dr, help, incrementseed, incrementstep, isactive, identitied, pkey, nullable, columnlength, modifier, modifytime, name, precise, columnsequence, tableid, ts, versiontype, resid, groupid, columntype, forlocale ) values (  'qc_task_r@@@pk_task_b', 'char', null, null, null, null, '任务行_主鍵',0, null,null,null, 'Y', null, 'N', 'N',20, null, null, 'pk_task_b',null,null, 'qc_task_r', '2019-04-13 18:39:37',0, '2UC000-000003', null,0, null ) ;
insert into md_column ( id, sqldatetype, createtime, creator, defaultvalue, description, displayname, dr, help, incrementseed, incrementstep, isactive, identitied, pkey, nullable, columnlength, modifier, modifytime, name, precise, columnsequence, tableid, ts, versiontype, resid, groupid, columntype, forlocale ) values (  'qc_task_s@@@pk_task_b', 'char', null, null, null, null, '任务行_主鍵',0, null,null,null, 'Y', null, 'N', 'N',20, null, null, 'pk_task_b',null,null, 'qc_task_s', '2019-04-13 18:39:37',0, '2UC000-000003', null,0, null ) ;
insert into md_ORMap ( attributeid, classid, columnid, dr, tableid, ts ) values (  'd65c5de9-2bbd-49fe-bd1d-792b9afadd1c', 'd12067e1-90c0-4cf5-9e72-77bc9d7e3354', 'qc_task_b@@@testnumber',0, 'qc_task_b', '2019-04-13 18:39:37' ) ;
insert into md_ORMap ( attributeid, classid, columnid, dr, tableid, ts ) values (  '1e4d0f6b-cc40-4619-ad96-68158569a0ba', 'd12067e1-90c0-4cf5-9e72-77bc9d7e3354', 'qc_task_b@@@taskname',0, 'qc_task_b', '2019-04-13 18:39:37' ) ;
insert into md_ORMap ( attributeid, classid, columnid, dr, tableid, ts ) values (  'ce33c604-d950-4ec8-8dc0-71a8d2322683', '1544b740-8f39-47e7-94f6-4f52437ac7be', 'qc_task_s@@@refvalue',0, 'qc_task_s', '2019-04-13 18:39:37' ) ;
insert into md_ORMap ( attributeid, classid, columnid, dr, tableid, ts ) values (  'd21bfdea-e8cc-48e2-9f3a-cb07d9038220', 'd12067e1-90c0-4cf5-9e72-77bc9d7e3354', 'qc_task_b@@@taskcode',0, 'qc_task_b', '2019-04-13 18:39:37' ) ;
insert into md_ORMap ( attributeid, classid, columnid, dr, tableid, ts ) values (  '93c21a52-941d-4538-ae85-0ba86e82a110', '1544b740-8f39-47e7-94f6-4f52437ac7be', 'qc_task_s@@@isallow_out',0, 'qc_task_s', '2019-04-13 18:39:37' ) ;
insert into md_ORMap ( attributeid, classid, columnid, dr, tableid, ts ) values (  'e167f54f-d416-44ae-ab3e-54572b4093c6', '63699954-c4ee-4e62-b160-00d2b42878f0', 'qc_task_h@@@pk_commission_h',0, 'qc_task_h', '2019-04-13 18:39:37' ) ;
insert into md_ORMap ( attributeid, classid, columnid, dr, tableid, ts ) values (  '82b80986-ba3c-49ba-b0e0-f1360d97d4a0', '63699954-c4ee-4e62-b160-00d2b42878f0', 'qc_task_h@@@lastmaketime',0, 'qc_task_h', '2019-04-13 18:39:37' ) ;
insert into md_ORMap ( attributeid, classid, columnid, dr, tableid, ts ) values (  '54f10dcf-0d77-479c-9aad-d087133ed664', '947de03d-2de3-48f7-a3b6-f038138d0487', 'qc_task_r@@@stdminvalue',0, 'qc_task_r', '2019-04-13 18:39:37' ) ;
insert into md_ORMap ( attributeid, classid, columnid, dr, tableid, ts ) values (  '49c0f4f7-dfab-45fc-9916-69b4f6e43634', '1544b740-8f39-47e7-94f6-4f52437ac7be', 'qc_task_s@@@max_limit',0, 'qc_task_s', '2019-04-13 18:39:37' ) ;
insert into md_ORMap ( attributeid, classid, columnid, dr, tableid, ts ) values (  'd04103ed-4f33-46f4-8090-e6be3a34860c', 'd12067e1-90c0-4cf5-9e72-77bc9d7e3354', 'qc_task_b@@@pk_testcondition',0, 'qc_task_b', '2019-04-13 18:39:37' ) ;
insert into md_ORMap ( attributeid, classid, columnid, dr, tableid, ts ) values (  '17cd7127-d2fe-412c-94a0-6dd07f6bc374', '947de03d-2de3-48f7-a3b6-f038138d0487', 'qc_task_r@@@analysisname',0, 'qc_task_r', '2019-04-13 18:39:37' ) ;
insert into md_ORMap ( attributeid, classid, columnid, dr, tableid, ts ) values (  '7be799da-bf6b-4b3d-9fa0-5cb0d2fbdb50', '947de03d-2de3-48f7-a3b6-f038138d0487', 'qc_task_r@@@valuetype',0, 'qc_task_r', '2019-04-13 18:39:37' ) ;
insert into md_ORMap ( attributeid, classid, columnid, dr, tableid, ts ) values (  'a273330d-83bf-48a7-9463-634352b81c09', 'd12067e1-90c0-4cf5-9e72-77bc9d7e3354', 'qc_task_b@@PK@@',0, 'qc_task_b', '2019-04-13 18:39:37' ) ;
insert into md_ORMap ( attributeid, classid, columnid, dr, tableid, ts ) values (  '333673d4-851f-4631-9227-2ed0b96d5035', '947de03d-2de3-48f7-a3b6-f038138d0487', 'qc_task_r@@@pk_component',0, 'qc_task_r', '2019-04-13 18:39:37' ) ;
insert into md_ORMap ( attributeid, classid, columnid, dr, tableid, ts ) values (  'b8c6fc01-5b00-4b26-9956-1ac6c631104b', 'd12067e1-90c0-4cf5-9e72-77bc9d7e3354', 'qc_task_b@@@rowno',0, 'qc_task_b', '2019-04-13 18:39:37' ) ;
insert into md_ORMap ( attributeid, classid, columnid, dr, tableid, ts ) values (  '1507eb03-74e5-4581-819d-b125656ffea0', '947de03d-2de3-48f7-a3b6-f038138d0487', 'qc_task_r@@@judgeflag',0, 'qc_task_r', '2019-04-13 18:39:37' ) ;
insert into md_ORMap ( attributeid, classid, columnid, dr, tableid, ts ) values (  '906f9abc-6127-4be0-b4db-25d47784c197', '947de03d-2de3-48f7-a3b6-f038138d0487', 'qc_task_r@@@pk_unit',0, 'qc_task_r', '2019-04-13 18:39:37' ) ;
insert into md_ORMap ( attributeid, classid, columnid, dr, tableid, ts ) values (  '09659706-f3c8-454e-90c4-737a071a2741', '63699954-c4ee-4e62-b160-00d2b42878f0', 'qc_task_h@@@srcbilltype',0, 'qc_task_h', '2019-04-13 18:39:37' ) ;
insert into md_ORMap ( attributeid, classid, columnid, dr, tableid, ts ) values (  '0612cd04-35b4-48fc-a4ea-ba3765771077', '63699954-c4ee-4e62-b160-00d2b42878f0', 'qc_task_h@@@emendenum',0, 'qc_task_h', '2019-04-13 18:39:37' ) ;
insert into md_ORMap ( attributeid, classid, columnid, dr, tableid, ts ) values (  '17dbc022-4977-4af4-9eb9-7fb685316998', '63699954-c4ee-4e62-b160-00d2b42878f0', 'qc_task_h@@@billid',0, 'qc_task_h', '2019-04-13 18:39:37' ) ;
insert into md_ORMap ( attributeid, classid, columnid, dr, tableid, ts ) values (  '91631470-e0ef-4bdc-8c74-6f4bf10092a9', '63699954-c4ee-4e62-b160-00d2b42878f0', 'qc_task_h@@@modifiedtime',0, 'qc_task_h', '2019-04-13 18:39:37' ) ;
insert into md_ORMap ( attributeid, classid, columnid, dr, tableid, ts ) values (  '9addb240-cf5f-4113-91ec-0bee709ccbe6', '1544b740-8f39-47e7-94f6-4f52437ac7be', 'qc_task_s@@PK@@',0, 'qc_task_s', '2019-04-13 18:39:37' ) ;
insert into md_ORMap ( attributeid, classid, columnid, dr, tableid, ts ) values (  '4ef450d9-d469-4abf-b7be-10097418decf', '63699954-c4ee-4e62-b160-00d2b42878f0', 'qc_task_h@@@transtypepk',0, 'qc_task_h', '2019-04-13 18:39:37' ) ;
insert into md_ORMap ( attributeid, classid, columnid, dr, tableid, ts ) values (  '02dd3b84-3ec0-416f-a0e0-c2f5eb652937', '63699954-c4ee-4e62-b160-00d2b42878f0', 'qc_task_h@@@pk_org_v',0, 'qc_task_h', '2019-04-13 18:39:37' ) ;
insert into md_ORMap ( attributeid, classid, columnid, dr, tableid, ts ) values (  '3321901c-0a5c-4165-86cc-ce00fa7f08e5', '63699954-c4ee-4e62-b160-00d2b42878f0', 'qc_task_h@@@maketime',0, 'qc_task_h', '2019-04-13 18:39:37' ) ;
insert into md_ORMap ( attributeid, classid, columnid, dr, tableid, ts ) values (  'ae6c68ba-d46d-4204-b2dc-48be021872d0', '1544b740-8f39-47e7-94f6-4f52437ac7be', 'qc_task_s@@@conditionstatus',0, 'qc_task_s', '2019-04-13 18:39:37' ) ;
insert into md_ORMap ( attributeid, classid, columnid, dr, tableid, ts ) values (  '4280abc6-bddd-4935-990c-7f81d6dda07d', '1544b740-8f39-47e7-94f6-4f52437ac7be', 'qc_task_s@@@instrument',0, 'qc_task_s', '2019-04-13 18:39:37' ) ;
insert into md_ORMap ( attributeid, classid, columnid, dr, tableid, ts ) values (  '5c646640-5fd4-4068-8160-1f1a4bcff05e', '1544b740-8f39-47e7-94f6-4f52437ac7be', 'qc_task_s@@@unit',0, 'qc_task_s', '2019-04-13 18:39:37' ) ;
insert into md_ORMap ( attributeid, classid, columnid, dr, tableid, ts ) values (  'b9097a3b-1499-423d-8210-8e60bf402c97', '63699954-c4ee-4e62-b160-00d2b42878f0', 'qc_task_h@@@approvestatus',0, 'qc_task_h', '2019-04-13 18:39:37' ) ;
insert into md_ORMap ( attributeid, classid, columnid, dr, tableid, ts ) values (  'a76c1e7e-198a-485b-88a5-40c5079900a2', '947de03d-2de3-48f7-a3b6-f038138d0487', 'qc_task_r@@@pk_samplegroup',0, 'qc_task_r', '2019-04-13 18:39:37' ) ;
insert into md_ORMap ( attributeid, classid, columnid, dr, tableid, ts ) values (  '24797725-a97a-4b70-bd63-d28abc5ada09', '63699954-c4ee-4e62-b160-00d2b42878f0', 'qc_task_h@@@pk_group',0, 'qc_task_h', '2019-04-13 18:39:37' ) ;
insert into md_ORMap ( attributeid, classid, columnid, dr, tableid, ts ) values (  '4c00a806-d457-4ba3-90d0-ea444530fc3d', '947de03d-2de3-48f7-a3b6-f038138d0487', 'qc_task_r@@@testflag',0, 'qc_task_r', '2019-04-13 18:39:37' ) ;
insert into md_ORMap ( attributeid, classid, columnid, dr, tableid, ts ) values (  '9b993213-310b-49ae-8615-dde43b92988d', '1544b740-8f39-47e7-94f6-4f52437ac7be', 'qc_task_s@@@formatted_entry',0, 'qc_task_s', '2019-04-13 18:39:37' ) ;
insert into md_ORMap ( attributeid, classid, columnid, dr, tableid, ts ) values (  'f390c789-78fc-42e7-afd2-2ed216fa6273', '1544b740-8f39-47e7-94f6-4f52437ac7be', 'qc_task_s@@@min_limit',0, 'qc_task_s', '2019-04-13 18:39:37' ) ;
insert into md_ORMap ( attributeid, classid, columnid, dr, tableid, ts ) values (  '94a44f30-c9c0-4ba0-9367-abe884159f8c', '1544b740-8f39-47e7-94f6-4f52437ac7be', 'qc_task_s@@@textvalue',0, 'qc_task_s', '2019-04-13 18:39:37' ) ;
insert into md_ORMap ( attributeid, classid, columnid, dr, tableid, ts ) values (  '9b32b381-a314-4447-bcc8-868d58d32676', '1544b740-8f39-47e7-94f6-4f52437ac7be', 'qc_task_s@@@pk_testconditionitem',0, 'qc_task_s', '2019-04-13 18:39:37' ) ;
insert into md_ORMap ( attributeid, classid, columnid, dr, tableid, ts ) values (  '9b447023-b0f7-4593-9645-9b07f6d0d66b', 'd12067e1-90c0-4cf5-9e72-77bc9d7e3354', 'qc_task_b@@@testresultshortname',0, 'qc_task_b', '2019-04-13 18:39:37' ) ;
insert into md_ORMap ( attributeid, classid, columnid, dr, tableid, ts ) values (  'd1bb0d08-a3be-4217-ae5f-3a1f0ac261f1', '63699954-c4ee-4e62-b160-00d2b42878f0', 'qc_task_h@@@pk_org',0, 'qc_task_h', '2019-04-13 18:39:37' ) ;
insert into md_ORMap ( attributeid, classid, columnid, dr, tableid, ts ) values (  '2ef4d289-ec9a-4584-a340-c508962e494f', 'd12067e1-90c0-4cf5-9e72-77bc9d7e3354', 'qc_task_b@@@sampleallocation',0, 'qc_task_b', '2019-04-13 18:39:37' ) ;
insert into md_ORMap ( attributeid, classid, columnid, dr, tableid, ts ) values (  '091f6fe9-0fa1-4ba2-b9d8-798fdebe662a', '63699954-c4ee-4e62-b160-00d2b42878f0', 'qc_task_h@@@approver',0, 'qc_task_h', '2019-04-13 18:39:37' ) ;
insert into md_ORMap ( attributeid, classid, columnid, dr, tableid, ts ) values (  '4f7e120d-51a3-491c-9878-5540faba9f30', '63699954-c4ee-4e62-b160-00d2b42878f0', 'qc_task_h@@@billno',0, 'qc_task_h', '2019-04-13 18:39:37' ) ;
insert into md_ORMap ( attributeid, classid, columnid, dr, tableid, ts ) values (  '6a462971-825f-4eaa-a604-db4145a52556', '1544b740-8f39-47e7-94f6-4f52437ac7be', 'qc_task_s@@@valuetype',0, 'qc_task_s', '2019-04-13 18:39:37' ) ;
insert into md_ORMap ( attributeid, classid, columnid, dr, tableid, ts ) values (  'ba5b1231-1add-4e8a-9e3d-fb326b5aea61', '1544b740-8f39-47e7-94f6-4f52437ac7be', 'qc_task_s@@@isoptional',0, 'qc_task_s', '2019-04-13 18:39:37' ) ;
insert into md_ORMap ( attributeid, classid, columnid, dr, tableid, ts ) values (  'b8138fe0-9ebd-4d4f-949a-c6a1659502f1', '947de03d-2de3-48f7-a3b6-f038138d0487', 'qc_task_r@@PK@@',0, 'qc_task_r', '2019-04-13 18:39:37' ) ;
insert into md_ORMap ( attributeid, classid, columnid, dr, tableid, ts ) values (  '2a609886-a32e-456b-bad0-9a35485e787a', 'd12067e1-90c0-4cf5-9e72-77bc9d7e3354', 'qc_task_b@@@samplequantity',0, 'qc_task_b', '2019-04-13 18:39:37' ) ;
insert into md_ORMap ( attributeid, classid, columnid, dr, tableid, ts ) values (  '49e738dc-33a5-4a8e-89b1-8ca0281a9435', '63699954-c4ee-4e62-b160-00d2b42878f0', 'qc_task_h@@@approvenote',0, 'qc_task_h', '2019-04-13 18:39:37' ) ;
insert into md_ORMap ( attributeid, classid, columnid, dr, tableid, ts ) values (  'b9382d82-416a-4b12-be23-5414155a35fd', '947de03d-2de3-48f7-a3b6-f038138d0487', 'qc_task_r@@@pk_testtemperature',0, 'qc_task_r', '2019-04-13 18:39:37' ) ;
insert into md_ORMap ( attributeid, classid, columnid, dr, tableid, ts ) values (  '24018f11-c6dd-479c-9528-e40e6443f039', 'd12067e1-90c0-4cf5-9e72-77bc9d7e3354', 'qc_task_r@@@pk_task_b',0, 'qc_task_r', '2019-04-13 18:39:37' ) ;
insert into md_ORMap ( attributeid, classid, columnid, dr, tableid, ts ) values (  '14b8c4b0-3024-40c7-93fb-7f0d8506a642', '63699954-c4ee-4e62-b160-00d2b42878f0', 'qc_task_h@@@approvedate',0, 'qc_task_h', '2019-04-13 18:39:37' ) ;
insert into md_ORMap ( attributeid, classid, columnid, dr, tableid, ts ) values (  'be405ee6-cfb4-480b-8448-247a1aa1deb4', '63699954-c4ee-4e62-b160-00d2b42878f0', 'qc_task_h@@@billmaker',0, 'qc_task_h', '2019-04-13 18:39:37' ) ;
insert into md_ORMap ( attributeid, classid, columnid, dr, tableid, ts ) values (  'a0090f9a-d028-42c2-b1cd-778ad230a391', '63699954-c4ee-4e62-b160-00d2b42878f0', 'qc_task_h@@@creationtime',0, 'qc_task_h', '2019-04-13 18:39:37' ) ;
insert into md_ORMap ( attributeid, classid, columnid, dr, tableid, ts ) values (  'daac6afa-da0b-4d4b-b31f-711e037d0d75', '63699954-c4ee-4e62-b160-00d2b42878f0', 'qc_task_h@@@billversionpk',0, 'qc_task_h', '2019-04-13 18:39:37' ) ;
insert into md_ORMap ( attributeid, classid, columnid, dr, tableid, ts ) values (  '18dffa8e-66ca-49ee-baf6-4110078200ba', '63699954-c4ee-4e62-b160-00d2b42878f0', 'qc_task_h@@PK@@',0, 'qc_task_h', '2019-04-13 18:39:37' ) ;
insert into md_ORMap ( attributeid, classid, columnid, dr, tableid, ts ) values (  '41d0e016-56c0-4320-966e-58efc004dbc9', '947de03d-2de3-48f7-a3b6-f038138d0487', 'qc_task_r@@@stdmaxvalue',0, 'qc_task_r', '2019-04-13 18:39:37' ) ;
insert into md_ORMap ( attributeid, classid, columnid, dr, tableid, ts ) values (  'f1ae5072-7b02-4111-9a2b-fc0e5214b3be', '63699954-c4ee-4e62-b160-00d2b42878f0', 'qc_task_h@@@creator',0, 'qc_task_h', '2019-04-13 18:39:37' ) ;
insert into md_ORMap ( attributeid, classid, columnid, dr, tableid, ts ) values (  '30b97079-9c90-48d3-951c-37bd0d6c3436', '63699954-c4ee-4e62-b160-00d2b42878f0', 'qc_task_h@@@srcbillid',0, 'qc_task_h', '2019-04-13 18:39:37' ) ;
insert into md_ORMap ( attributeid, classid, columnid, dr, tableid, ts ) values (  '1ae44395-d9fd-4d67-9600-26e77f4c9f0d', '63699954-c4ee-4e62-b160-00d2b42878f0', 'qc_task_h@@@modifier',0, 'qc_task_h', '2019-04-13 18:39:37' ) ;
insert into md_ORMap ( attributeid, classid, columnid, dr, tableid, ts ) values (  '8ce494f0-b371-42cb-b3d2-a9434b289cec', '63699954-c4ee-4e62-b160-00d2b42878f0', 'qc_task_h@@@dbilldate',0, 'qc_task_h', '2019-04-13 18:39:37' ) ;
insert into md_ORMap ( attributeid, classid, columnid, dr, tableid, ts ) values (  '775b4c2e-c101-493b-86f9-dcfa0fc4edba', '1544b740-8f39-47e7-94f6-4f52437ac7be', 'qc_task_s@@@englishdescription',0, 'qc_task_s', '2019-04-13 18:39:37' ) ;
insert into md_ORMap ( attributeid, classid, columnid, dr, tableid, ts ) values (  '1a47f49f-3b80-4616-b530-9a2955627a66', '63699954-c4ee-4e62-b160-00d2b42878f0', 'qc_task_h@@@billtype',0, 'qc_task_h', '2019-04-13 18:39:37' ) ;
insert into md_ORMap ( attributeid, classid, columnid, dr, tableid, ts ) values (  '13afd598-6edf-45eb-a7c0-497a9dde623f', '63699954-c4ee-4e62-b160-00d2b42878f0', 'qc_task_b@@@pk_task_h',0, 'qc_task_b', '2019-04-13 18:39:37' ) ;
insert into md_ORMap ( attributeid, classid, columnid, dr, tableid, ts ) values (  'f9e776f7-ad04-40f1-8164-04fa09a12f72', '63699954-c4ee-4e62-b160-00d2b42878f0', 'qc_task_h@@@transtype',0, 'qc_task_h', '2019-04-13 18:39:37' ) ;
insert into md_ORMap ( attributeid, classid, columnid, dr, tableid, ts ) values (  'ae72ce7b-bb2c-4d62-aea9-0e921ddf2ed4', 'd12067e1-90c0-4cf5-9e72-77bc9d7e3354', 'qc_task_b@@@pk_testresultname',0, 'qc_task_b', '2019-04-13 18:39:37' ) ;
insert into md_ORMap ( attributeid, classid, columnid, dr, tableid, ts ) values (  '8d88fd05-23d6-4afd-8b0a-d7f94595e0a0', '63699954-c4ee-4e62-b160-00d2b42878f0', 'qc_task_h@@@busitype',0, 'qc_task_h', '2019-04-13 18:39:37' ) ;
insert into md_ORMap ( attributeid, classid, columnid, dr, tableid, ts ) values (  '823d820a-f788-4850-b02c-9c0fb1ed4ea3', 'd12067e1-90c0-4cf5-9e72-77bc9d7e3354', 'qc_task_b@@@runorder',0, 'qc_task_b', '2019-04-13 18:39:37' ) ;
insert into md_ORMap ( attributeid, classid, columnid, dr, tableid, ts ) values (  'abbca8f4-a9ba-48bb-9d02-d51a9545934e', '1544b740-8f39-47e7-94f6-4f52437ac7be', 'qc_task_s@@@valueways',0, 'qc_task_s', '2019-04-13 18:39:37' ) ;
insert into md_ORMap ( attributeid, classid, columnid, dr, tableid, ts ) values (  '851b9214-eb10-497b-9e59-d8a1580f978c', 'd12067e1-90c0-4cf5-9e72-77bc9d7e3354', 'qc_task_s@@@pk_task_b',0, 'qc_task_s', '2019-04-13 18:39:37' ) ;
insert into md_db_relation ( id, createtime, creator, description, displayname, dr, endcardinality, endfieldid, endtableid, help, modifier, modifytime, name, startcardinality, startfieldid, starttableid, ts, versiontype, resid, asstype, startattrid, isforeignkey ) values (  '5cb9c59d-f6e8-452f-8014-fb8e87acf90e', null, null, null, 'qc_task_b->qc_task_h',0, null, 'qc_task_h@@PK@@', 'qc_task_h', null, null, null, 'qc_task_b->qc_task_h', null, 'qc_task_b@@@pk_task_h', 'qc_task_b', '2019-04-13 18:39:37',0, null,1, '13afd598-6edf-45eb-a7c0-497a9dde623f', 'Y' ) ;
insert into md_db_relation ( id, createtime, creator, description, displayname, dr, endcardinality, endfieldid, endtableid, help, modifier, modifytime, name, startcardinality, startfieldid, starttableid, ts, versiontype, resid, asstype, startattrid, isforeignkey ) values (  '2738ecf7-f949-420d-86e6-0ef11d2ee38f', null, null, null, 'qc_task_r->qc_task_b',0, null, 'qc_task_b@@PK@@', 'qc_task_b', null, null, null, 'qc_task_r->qc_task_b', null, 'qc_task_r@@@pk_task_b', 'qc_task_r', '2019-04-13 18:39:37',0, null,1, '24018f11-c6dd-479c-9528-e40e6443f039', 'Y' ) ;
insert into md_db_relation ( id, createtime, creator, description, displayname, dr, endcardinality, endfieldid, endtableid, help, modifier, modifytime, name, startcardinality, startfieldid, starttableid, ts, versiontype, resid, asstype, startattrid, isforeignkey ) values (  'f9bfb5da-6a9c-470a-a0a3-ad7ed96ef981', null, null, null, 'qc_task_s->qc_task_b',0, null, 'qc_task_b@@PK@@', 'qc_task_b', null, null, null, 'qc_task_s->qc_task_b', null, 'qc_task_s@@@pk_task_b', 'qc_task_s', '2019-04-13 18:39:37',0, null,1, '851b9214-eb10-497b-9e59-d8a1580f978c', 'Y' ) ;

drop table qc_task_h;
drop table qc_task_b;
drop table qc_task_s;
drop table qc_task_r;

create table qc_task_h (
pk_task_h char(20) NOT NULL,
pk_commission_h varchar(20) default '~' NULL,
pk_group varchar(20) default '~' NULL,
pk_org varchar(20) default '~' NULL,
pk_org_v varchar(20) default '~' NULL,
dbilldate char(19) NULL,
creator varchar(20) default '~' NULL,
creationtime char(19) NULL,
modifier varchar(20) default '~' NULL,
modifiedtime char(19) NULL,
maketime char(19) NULL,
lastmaketime char(19) NULL,
billid varchar(50) NULL,
billno varchar(50) NULL,
busitype varchar(50) NULL,
billmaker varchar(50) NULL,
approver varchar(50) NULL,
approvestatus int NULL,
approvenote varchar(50) NULL,
approvedate char(19) NULL,
transtype varchar(50) NULL,
billtype varchar(50) NULL,
transtypepk char(20) NULL,
srcbilltype varchar(50) NULL,
srcbillid varchar(50) NULL,
emendenum int NULL,
billversionpk varchar(50) NULL,
CONSTRAINT PK_QC_TASK_H PRIMARY KEY (pk_task_h),
ts char(19) NULL,
dr smallint default 0 
);


create table qc_task_b (
pk_task_b char(20) NOT NULL,
taskcode varchar(50) NULL,
taskname varchar(20) default '~' NULL,
runorder int NULL,
rowno varchar(50) NULL,
pk_testcondition varchar(20) default '~' NULL,
pk_testresultname varchar(20) default '~' NULL,
testresultshortname varchar(50) NULL,
testnumber varchar(50) NULL,
sampleallocation varchar(50) NULL,
samplequantity decimal(28,8) NULL,
pk_task_h char(20) NOT NULL,
CONSTRAINT PK_QC_TASK_B PRIMARY KEY (pk_task_b),
ts char(19) NULL,
dr smallint default 0 
);


create table qc_task_s (
pk_task_s char(20) NOT NULL,
pk_testconditionitem varchar(20) default '~' NULL,
conditionstatus char(1) NULL,
isoptional char(1) NULL,
isallow_out char(1) NULL,
instrument varchar(20) default '~' NULL,
valuetype varchar(20) default '~' NULL,
valueways int NULL,
textvalue varchar(50) NULL,
refvalue varchar(20) default '~' NULL,
unit varchar(50) NULL,
formatted_entry varchar(50) NULL,
min_limit decimal(28,8) NULL,
max_limit decimal(28,8) NULL,
englishdescription varchar(50) NULL,
pk_task_b char(20) NOT NULL,
CONSTRAINT PK_QC_TASK_S PRIMARY KEY (pk_task_s),
ts char(19) NULL,
dr smallint default 0 
);


create table qc_task_r (
pk_task_r char(20) NOT NULL,
pk_samplegroup varchar(20) default '~' NULL,
stdminvalue decimal(28,8) NULL,
stdmaxvalue decimal(28,8) NULL,
pk_unit varchar(50) NULL,
testflag char(1) NULL,
judgeflag char(1) NULL,
pk_testtemperature varchar(50) NULL,
analysisname varchar(50) NULL,
pk_component varchar(20) default '~' NULL,
valuetype varchar(20) default '~' NULL,
pk_task_b char(20) NOT NULL,
CONSTRAINT PK_QC_TASK_R PRIMARY KEY (pk_task_r),
ts char(19) NULL,
dr smallint default 0 
);


DELETE FROM PUB_BILLTEMPLET WHERE PK_BILLTEMPLET IN ('1001ZZ10000000002IA9', '0001ZZ10000000003ALK');
INSERT INTO PUB_BILLTEMPLET (BILL_TEMPLETCAPTION, BILL_TEMPLETNAME, DEVORG, DIVIDERPROPORTION, DR, FUNCCODE, LAYER, METADATACLASS, MODEL_TYPE, MODULECODE, NODECODE, OPTIONS, PK_BILLTEMPLET, PK_BILLTYPECODE, PK_CORP, PK_ORG, RESID, SHAREFLAG, TS, VALIDATEFORMULA) VALUES ('任务单', 'SYSTEM', null, null, 0, null, -1, 'qcco.task_h', null, 'QCCO', null, null, '1001ZZ10000000002IA9', 'C0J00288', '@@@@', null, null, null, '2019-03-11 02:10:14', null);
INSERT INTO PUB_BILLTEMPLET (BILL_TEMPLETCAPTION, BILL_TEMPLETNAME, DEVORG, DIVIDERPROPORTION, DR, FUNCCODE, LAYER, METADATACLASS, MODEL_TYPE, MODULECODE, NODECODE, OPTIONS, PK_BILLTEMPLET, PK_BILLTYPECODE, PK_CORP, PK_ORG, RESID, SHAREFLAG, TS, VALIDATEFORMULA) VALUES ('任务单', 'SYSTEM', '~', '0.44369063772048845', 0, null, 0, 'qcco.task_h', null, 'QCCO', 'C0J00203', null, '0001ZZ10000000003ALK', 'C0J00203', '@@@@', null, null, null, '2019-03-11 13:35:43', null);

DELETE FROM PUB_BILLTEMPLET_B WHERE PK_BILLTEMPLET IN ('1001ZZ10000000002IA9', '0001ZZ10000000003ALK');
INSERT INTO PUB_BILLTEMPLET_B (CARDFLAG, DATATYPE, DEFAULTSHOWNAME, DEFAULTVALUE, DR, EDITFLAG, EDITFORMULA, FOREGROUND, HYPERLINKFLAG, IDCOLNAME, INPUTLENGTH, ITEMKEY, ITEMTYPE, LEAFFLAG, LISTFLAG, LISTHYPERLINKFLAG, LISTSHOWFLAG, LISTSHOWORDER, LOADFORMULA, LOCKFLAG, METADATAPATH, METADATAPROPERTY, METADATARELATION, NEWLINEFLAG, NULLFLAG, OPTIONS, PK_BILLTEMPLET, PK_BILLTEMPLET_B, PK_CORP, POS, REFTYPE, RESID, RESID_TABNAME, REVISEFLAG, SHOWFLAG, SHOWORDER, TABLE_CODE, TABLE_NAME, TOTALFLAG, TS, USERDEFFLAG, USERDEFINE1, USERDEFINE2, USERDEFINE3, USEREDITFLAG, USERFLAG, USERREVISEFLAG, USERSHOWFLAG, VALIDATEFORMULA, WIDTH) VALUES (1, -1, null, null, 0, 0, null, -1, 'N', 'pk_commission_h', -1, 'pk_commission_h.batchnumber', 0, 'N', 1, 'N', 'Y', 26, null, 0, 'batchnumber', 'qcco.commission_h.batchnumber', null, 'N', 0, null, '0001ZZ10000000003ALK', '1001ZZ10000000002F6Y', '@@@@', 0, null, null, null, 'N', 1, 26, 'pk_commission_h', 'pk_commission_h', 0, '2019-03-11 13:35:43', 'N', null, null, null, 1, 1, 'N', 1, null, 1);
INSERT INTO PUB_BILLTEMPLET_B (CARDFLAG, DATATYPE, DEFAULTSHOWNAME, DEFAULTVALUE, DR, EDITFLAG, EDITFORMULA, FOREGROUND, HYPERLINKFLAG, IDCOLNAME, INPUTLENGTH, ITEMKEY, ITEMTYPE, LEAFFLAG, LISTFLAG, LISTHYPERLINKFLAG, LISTSHOWFLAG, LISTSHOWORDER, LOADFORMULA, LOCKFLAG, METADATAPATH, METADATAPROPERTY, METADATARELATION, NEWLINEFLAG, NULLFLAG, OPTIONS, PK_BILLTEMPLET, PK_BILLTEMPLET_B, PK_CORP, POS, REFTYPE, RESID, RESID_TABNAME, REVISEFLAG, SHOWFLAG, SHOWORDER, TABLE_CODE, TABLE_NAME, TOTALFLAG, TS, USERDEFFLAG, USERDEFINE1, USERDEFINE2, USERDEFINE3, USEREDITFLAG, USERFLAG, USERREVISEFLAG, USERSHOWFLAG, VALIDATEFORMULA, WIDTH) VALUES (1, -1, null, null, 0, 0, null, -1, 'N', 'pk_commission_h', -1, 'pk_commission_h.certificationtype', 0, 'N', 1, 'N', 'Y', 30, null, 0, 'certificationtype', 'qcco.commission_h.certificationtype', null, 'N', 0, null, '0001ZZ10000000003ALK', '1001ZZ10000000002F6Z', '@@@@', 0, null, null, null, 'N', 1, 30, 'pk_commission_h', 'pk_commission_h', 0, '2019-03-11 13:35:43', 'N', null, null, null, 1, 1, 'N', 1, null, 1);
INSERT INTO PUB_BILLTEMPLET_B (CARDFLAG, DATATYPE, DEFAULTSHOWNAME, DEFAULTVALUE, DR, EDITFLAG, EDITFORMULA, FOREGROUND, HYPERLINKFLAG, IDCOLNAME, INPUTLENGTH, ITEMKEY, ITEMTYPE, LEAFFLAG, LISTFLAG, LISTHYPERLINKFLAG, LISTSHOWFLAG, LISTSHOWORDER, LOADFORMULA, LOCKFLAG, METADATAPATH, METADATAPROPERTY, METADATARELATION, NEWLINEFLAG, NULLFLAG, OPTIONS, PK_BILLTEMPLET, PK_BILLTEMPLET_B, PK_CORP, POS, REFTYPE, RESID, RESID_TABNAME, REVISEFLAG, SHOWFLAG, SHOWORDER, TABLE_CODE, TABLE_NAME, TOTALFLAG, TS, USERDEFFLAG, USERDEFINE1, USERDEFINE2, USERDEFINE3, USEREDITFLAG, USERFLAG, USERREVISEFLAG, USERSHOWFLAG, VALIDATEFORMULA, WIDTH) VALUES (1, -1, null, null, 0, 1, null, -1, 'N', null, -1, 'pk_commission_h', 0, 'N', 1, 'N', 'Y', 1, null, 0, 'pk_commission_h', 'qcco.task_h.pk_commission_h', null, 'N', 0, null, '0001ZZ10000000003ALK', '1001ZZ10000000002F70', '@@@@', 0, '委托单', null, null, 'N', 1, 1, 'pk_commission_h', '委托单', 0, '2019-03-11 13:35:43', 'N', null, null, null, 1, 1, 'N', 1, null, 1);
INSERT INTO PUB_BILLTEMPLET_B (CARDFLAG, DATATYPE, DEFAULTSHOWNAME, DEFAULTVALUE, DR, EDITFLAG, EDITFORMULA, FOREGROUND, HYPERLINKFLAG, IDCOLNAME, INPUTLENGTH, ITEMKEY, ITEMTYPE, LEAFFLAG, LISTFLAG, LISTHYPERLINKFLAG, LISTSHOWFLAG, LISTSHOWORDER, LOADFORMULA, LOCKFLAG, METADATAPATH, METADATAPROPERTY, METADATARELATION, NEWLINEFLAG, NULLFLAG, OPTIONS, PK_BILLTEMPLET, PK_BILLTEMPLET_B, PK_CORP, POS, REFTYPE, RESID, RESID_TABNAME, REVISEFLAG, SHOWFLAG, SHOWORDER, TABLE_CODE, TABLE_NAME, TOTALFLAG, TS, USERDEFFLAG, USERDEFINE1, USERDEFINE2, USERDEFINE3, USEREDITFLAG, USERFLAG, USERREVISEFLAG, USERSHOWFLAG, VALIDATEFORMULA, WIDTH) VALUES (1, -1, null, null, 0, 0, null, -1, 'N', 'pk_commission_h', -1, 'pk_commission_h.reportlang', 0, 'N', 1, 'N', 'Y', 16, null, 0, 'reportlang', 'qcco.commission_h.reportlang', null, 'N', 0, null, '0001ZZ10000000003ALK', '1001ZZ10000000002F71', '@@@@', 0, null, null, null, 'N', 1, 16, 'pk_commission_h', 'pk_commission_h', 0, '2019-03-11 13:35:43', 'N', null, null, null, 1, 1, 'N', 1, null, 1);
INSERT INTO PUB_BILLTEMPLET_B (CARDFLAG, DATATYPE, DEFAULTSHOWNAME, DEFAULTVALUE, DR, EDITFLAG, EDITFORMULA, FOREGROUND, HYPERLINKFLAG, IDCOLNAME, INPUTLENGTH, ITEMKEY, ITEMTYPE, LEAFFLAG, LISTFLAG, LISTHYPERLINKFLAG, LISTSHOWFLAG, LISTSHOWORDER, LOADFORMULA, LOCKFLAG, METADATAPATH, METADATAPROPERTY, METADATARELATION, NEWLINEFLAG, NULLFLAG, OPTIONS, PK_BILLTEMPLET, PK_BILLTEMPLET_B, PK_CORP, POS, REFTYPE, RESID, RESID_TABNAME, REVISEFLAG, SHOWFLAG, SHOWORDER, TABLE_CODE, TABLE_NAME, TOTALFLAG, TS, USERDEFFLAG, USERDEFINE1, USERDEFINE2, USERDEFINE3, USEREDITFLAG, USERFLAG, USERREVISEFLAG, USERSHOWFLAG, VALIDATEFORMULA, WIDTH) VALUES (1, -1, null, null, 0, 0, null, -1, 'N', 'pk_commission_h', -1, 'pk_commission_h.customertype', 0, 'N', 1, 'N', 'Y', 22, null, 0, 'customertype', 'qcco.commission_h.customertype', null, 'N', 0, null, '0001ZZ10000000003ALK', '1001ZZ10000000002F72', '@@@@', 0, null, null, null, 'N', 1, 22, 'pk_commission_h', 'pk_commission_h', 0, '2019-03-11 13:35:43', 'N', null, null, null, 1, 1, 'N', 1, null, 1);
INSERT INTO PUB_BILLTEMPLET_B (CARDFLAG, DATATYPE, DEFAULTSHOWNAME, DEFAULTVALUE, DR, EDITFLAG, EDITFORMULA, FOREGROUND, HYPERLINKFLAG, IDCOLNAME, INPUTLENGTH, ITEMKEY, ITEMTYPE, LEAFFLAG, LISTFLAG, LISTHYPERLINKFLAG, LISTSHOWFLAG, LISTSHOWORDER, LOADFORMULA, LOCKFLAG, METADATAPATH, METADATAPROPERTY, METADATARELATION, NEWLINEFLAG, NULLFLAG, OPTIONS, PK_BILLTEMPLET, PK_BILLTEMPLET_B, PK_CORP, POS, REFTYPE, RESID, RESID_TABNAME, REVISEFLAG, SHOWFLAG, SHOWORDER, TABLE_CODE, TABLE_NAME, TOTALFLAG, TS, USERDEFFLAG, USERDEFINE1, USERDEFINE2, USERDEFINE3, USEREDITFLAG, USERFLAG, USERREVISEFLAG, USERSHOWFLAG, VALIDATEFORMULA, WIDTH) VALUES (1, -1, null, null, 0, 0, null, -1, 'N', 'pk_commission_h', -1, 'pk_commission_h.checkingproperty', 0, 'N', 1, 'N', 'Y', 24, null, 0, 'checkingproperty', 'qcco.commission_h.checkingproperty', null, 'N', 0, null, '0001ZZ10000000003ALK', '1001ZZ10000000002F73', '@@@@', 0, null, null, null, 'N', 1, 24, 'pk_commission_h', 'pk_commission_h', 0, '2019-03-11 13:35:43', 'N', null, null, null, 1, 1, 'N', 1, null, 1);
INSERT INTO PUB_BILLTEMPLET_B (CARDFLAG, DATATYPE, DEFAULTSHOWNAME, DEFAULTVALUE, DR, EDITFLAG, EDITFORMULA, FOREGROUND, HYPERLINKFLAG, IDCOLNAME, INPUTLENGTH, ITEMKEY, ITEMTYPE, LEAFFLAG, LISTFLAG, LISTHYPERLINKFLAG, LISTSHOWFLAG, LISTSHOWORDER, LOADFORMULA, LOCKFLAG, METADATAPATH, METADATAPROPERTY, METADATARELATION, NEWLINEFLAG, NULLFLAG, OPTIONS, PK_BILLTEMPLET, PK_BILLTEMPLET_B, PK_CORP, POS, REFTYPE, RESID, RESID_TABNAME, REVISEFLAG, SHOWFLAG, SHOWORDER, TABLE_CODE, TABLE_NAME, TOTALFLAG, TS, USERDEFFLAG, USERDEFINE1, USERDEFINE2, USERDEFINE3, USEREDITFLAG, USERFLAG, USERREVISEFLAG, USERSHOWFLAG, VALIDATEFORMULA, WIDTH) VALUES (1, -1, null, null, 0, 0, null, -1, 'N', 'pk_commission_h', -1, 'pk_commission_h.itemnumber', 0, 'N', 1, 'N', 'Y', 31, null, 0, 'itemnumber', 'qcco.commission_h.itemnumber', null, 'N', 0, null, '0001ZZ10000000003ALK', '1001ZZ10000000002F74', '@@@@', 0, null, null, null, 'N', 1, 31, 'pk_commission_h', 'pk_commission_h', 0, '2019-03-11 13:35:43', 'N', null, null, null, 1, 1, 'N', 1, null, 1);
INSERT INTO PUB_BILLTEMPLET_B (CARDFLAG, DATATYPE, DEFAULTSHOWNAME, DEFAULTVALUE, DR, EDITFLAG, EDITFORMULA, FOREGROUND, HYPERLINKFLAG, IDCOLNAME, INPUTLENGTH, ITEMKEY, ITEMTYPE, LEAFFLAG, LISTFLAG, LISTHYPERLINKFLAG, LISTSHOWFLAG, LISTSHOWORDER, LOADFORMULA, LOCKFLAG, METADATAPATH, METADATAPROPERTY, METADATARELATION, NEWLINEFLAG, NULLFLAG, OPTIONS, PK_BILLTEMPLET, PK_BILLTEMPLET_B, PK_CORP, POS, REFTYPE, RESID, RESID_TABNAME, REVISEFLAG, SHOWFLAG, SHOWORDER, TABLE_CODE, TABLE_NAME, TOTALFLAG, TS, USERDEFFLAG, USERDEFINE1, USERDEFINE2, USERDEFINE3, USEREDITFLAG, USERFLAG, USERREVISEFLAG, USERSHOWFLAG, VALIDATEFORMULA, WIDTH) VALUES (1, -1, null, null, 0, 0, null, -1, 'N', 'pk_commission_h', -1, 'pk_commission_h.cuserid', 0, 'N', 1, 'N', 'Y', 9, null, 0, 'cuserid', 'qcco.commission_h.cuserid', null, 'N', 0, null, '0001ZZ10000000003ALK', '1001ZZ10000000002F75', '@@@@', 0, null, null, null, 'N', 1, 9, 'pk_commission_h', 'pk_commission_h', 0, '2019-03-11 13:35:43', 'N', null, null, null, 1, 1, 'N', 1, null, 1);
INSERT INTO PUB_BILLTEMPLET_B (CARDFLAG, DATATYPE, DEFAULTSHOWNAME, DEFAULTVALUE, DR, EDITFLAG, EDITFORMULA, FOREGROUND, HYPERLINKFLAG, IDCOLNAME, INPUTLENGTH, ITEMKEY, ITEMTYPE, LEAFFLAG, LISTFLAG, LISTHYPERLINKFLAG, LISTSHOWFLAG, LISTSHOWORDER, LOADFORMULA, LOCKFLAG, METADATAPATH, METADATAPROPERTY, METADATARELATION, NEWLINEFLAG, NULLFLAG, OPTIONS, PK_BILLTEMPLET, PK_BILLTEMPLET_B, PK_CORP, POS, REFTYPE, RESID, RESID_TABNAME, REVISEFLAG, SHOWFLAG, SHOWORDER, TABLE_CODE, TABLE_NAME, TOTALFLAG, TS, USERDEFFLAG, USERDEFINE1, USERDEFINE2, USERDEFINE3, USEREDITFLAG, USERFLAG, USERREVISEFLAG, USERSHOWFLAG, VALIDATEFORMULA, WIDTH) VALUES (1, -1, null, null, 0, 0, null, -1, 'N', 'pk_commission_h', -1, 'pk_commission_h.pk_lastcategory', 0, 'N', 1, 'N', 'Y', 14, null, 0, 'pk_lastcategory', 'qcco.commission_h.pk_lastcategory', null, 'N', 0, null, '0001ZZ10000000003ALK', '1001ZZ10000000002F76', '@@@@', 0, null, null, null, 'N', 1, 14, 'pk_commission_h', 'pk_commission_h', 0, '2019-03-11 13:35:43', 'N', null, null, null, 1, 1, 'N', 1, null, 1);
INSERT INTO PUB_BILLTEMPLET_B (CARDFLAG, DATATYPE, DEFAULTSHOWNAME, DEFAULTVALUE, DR, EDITFLAG, EDITFORMULA, FOREGROUND, HYPERLINKFLAG, IDCOLNAME, INPUTLENGTH, ITEMKEY, ITEMTYPE, LEAFFLAG, LISTFLAG, LISTHYPERLINKFLAG, LISTSHOWFLAG, LISTSHOWORDER, LOADFORMULA, LOCKFLAG, METADATAPATH, METADATAPROPERTY, METADATARELATION, NEWLINEFLAG, NULLFLAG, OPTIONS, PK_BILLTEMPLET, PK_BILLTEMPLET_B, PK_CORP, POS, REFTYPE, RESID, RESID_TABNAME, REVISEFLAG, SHOWFLAG, SHOWORDER, TABLE_CODE, TABLE_NAME, TOTALFLAG, TS, USERDEFFLAG, USERDEFINE1, USERDEFINE2, USERDEFINE3, USEREDITFLAG, USERFLAG, USERREVISEFLAG, USERSHOWFLAG, VALIDATEFORMULA, WIDTH) VALUES (1, -1, null, null, 0, 0, null, -1, 'N', 'pk_commission_h', -1, 'pk_commission_h.billname', 0, 'N', 1, 'N', 'Y', 4, null, 0, 'billname', 'qcco.commission_h.billname', null, 'N', 0, null, '0001ZZ10000000003ALK', '1001ZZ10000000002F77', '@@@@', 0, null, null, null, 'N', 1, 4, 'pk_commission_h', 'pk_commission_h', 0, '2019-03-11 13:35:43', 'N', null, null, null, 1, 1, 'N', 1, null, 1);
INSERT INTO PUB_BILLTEMPLET_B (CARDFLAG, DATATYPE, DEFAULTSHOWNAME, DEFAULTVALUE, DR, EDITFLAG, EDITFORMULA, FOREGROUND, HYPERLINKFLAG, IDCOLNAME, INPUTLENGTH, ITEMKEY, ITEMTYPE, LEAFFLAG, LISTFLAG, LISTHYPERLINKFLAG, LISTSHOWFLAG, LISTSHOWORDER, LOADFORMULA, LOCKFLAG, METADATAPATH, METADATAPROPERTY, METADATARELATION, NEWLINEFLAG, NULLFLAG, OPTIONS, PK_BILLTEMPLET, PK_BILLTEMPLET_B, PK_CORP, POS, REFTYPE, RESID, RESID_TABNAME, REVISEFLAG, SHOWFLAG, SHOWORDER, TABLE_CODE, TABLE_NAME, TOTALFLAG, TS, USERDEFFLAG, USERDEFINE1, USERDEFINE2, USERDEFINE3, USEREDITFLAG, USERFLAG, USERREVISEFLAG, USERSHOWFLAG, VALIDATEFORMULA, WIDTH) VALUES (1, -1, null, null, 0, 0, null, -1, 'N', 'pk_commission_h', -1, 'pk_commission_h.contract', 0, 'N', 1, 'N', 'Y', 8, null, 0, 'contract', 'qcco.commission_h.contract', null, 'N', 0, null, '0001ZZ10000000003ALK', '1001ZZ10000000002F78', '@@@@', 0, null, null, null, 'N', 1, 8, 'pk_commission_h', 'pk_commission_h', 0, '2019-03-11 13:35:43', 'N', null, null, null, 1, 1, 'N', 1, null, 1);
INSERT INTO PUB_BILLTEMPLET_B (CARDFLAG, DATATYPE, DEFAULTSHOWNAME, DEFAULTVALUE, DR, EDITFLAG, EDITFORMULA, FOREGROUND, HYPERLINKFLAG, IDCOLNAME, INPUTLENGTH, ITEMKEY, ITEMTYPE, LEAFFLAG, LISTFLAG, LISTHYPERLINKFLAG, LISTSHOWFLAG, LISTSHOWORDER, LOADFORMULA, LOCKFLAG, METADATAPATH, METADATAPROPERTY, METADATARELATION, NEWLINEFLAG, NULLFLAG, OPTIONS, PK_BILLTEMPLET, PK_BILLTEMPLET_B, PK_CORP, POS, REFTYPE, RESID, RESID_TABNAME, REVISEFLAG, SHOWFLAG, SHOWORDER, TABLE_CODE, TABLE_NAME, TOTALFLAG, TS, USERDEFFLAG, USERDEFINE1, USERDEFINE2, USERDEFINE3, USEREDITFLAG, USERFLAG, USERREVISEFLAG, USERSHOWFLAG, VALIDATEFORMULA, WIDTH) VALUES (1, -1, null, null, 0, 0, null, -1, 'N', 'pk_commission_h', -1, 'pk_commission_h.sampledealtype', 0, 'N', 1, 'N', 'Y', 19, null, 0, 'sampledealtype', 'qcco.commission_h.sampledealtype', null, 'N', 0, null, '0001ZZ10000000003ALK', '1001ZZ10000000002F79', '@@@@', 0, null, null, null, 'N', 1, 19, 'pk_commission_h', 'pk_commission_h', 0, '2019-03-11 13:35:43', 'N', null, null, null, 1, 1, 'N', 1, null, 1);
INSERT INTO PUB_BILLTEMPLET_B (CARDFLAG, DATATYPE, DEFAULTSHOWNAME, DEFAULTVALUE, DR, EDITFLAG, EDITFORMULA, FOREGROUND, HYPERLINKFLAG, IDCOLNAME, INPUTLENGTH, ITEMKEY, ITEMTYPE, LEAFFLAG, LISTFLAG, LISTHYPERLINKFLAG, LISTSHOWFLAG, LISTSHOWORDER, LOADFORMULA, LOCKFLAG, METADATAPATH, METADATAPROPERTY, METADATARELATION, NEWLINEFLAG, NULLFLAG, OPTIONS, PK_BILLTEMPLET, PK_BILLTEMPLET_B, PK_CORP, POS, REFTYPE, RESID, RESID_TABNAME, REVISEFLAG, SHOWFLAG, SHOWORDER, TABLE_CODE, TABLE_NAME, TOTALFLAG, TS, USERDEFFLAG, USERDEFINE1, USERDEFINE2, USERDEFINE3, USEREDITFLAG, USERFLAG, USERREVISEFLAG, USERSHOWFLAG, VALIDATEFORMULA, WIDTH) VALUES (1, -1, null, null, 0, 0, null, -1, 'N', 'pk_commission_h', -1, 'pk_commission_h.productproperty', 0, 'N', 1, 'N', 'Y', 20, null, 0, 'productproperty', 'qcco.commission_h.productproperty', null, 'N', 0, null, '0001ZZ10000000003ALK', '1001ZZ10000000002F7A', '@@@@', 0, null, null, null, 'N', 1, 20, 'pk_commission_h', 'pk_commission_h', 0, '2019-03-11 13:35:43', 'N', null, null, null, 1, 1, 'N', 1, null, 1);
INSERT INTO PUB_BILLTEMPLET_B (CARDFLAG, DATATYPE, DEFAULTSHOWNAME, DEFAULTVALUE, DR, EDITFLAG, EDITFORMULA, FOREGROUND, HYPERLINKFLAG, IDCOLNAME, INPUTLENGTH, ITEMKEY, ITEMTYPE, LEAFFLAG, LISTFLAG, LISTHYPERLINKFLAG, LISTSHOWFLAG, LISTSHOWORDER, LOADFORMULA, LOCKFLAG, METADATAPATH, METADATAPROPERTY, METADATARELATION, NEWLINEFLAG, NULLFLAG, OPTIONS, PK_BILLTEMPLET, PK_BILLTEMPLET_B, PK_CORP, POS, REFTYPE, RESID, RESID_TABNAME, REVISEFLAG, SHOWFLAG, SHOWORDER, TABLE_CODE, TABLE_NAME, TOTALFLAG, TS, USERDEFFLAG, USERDEFINE1, USERDEFINE2, USERDEFINE3, USEREDITFLAG, USERFLAG, USERREVISEFLAG, USERSHOWFLAG, VALIDATEFORMULA, WIDTH) VALUES (1, -1, null, null, 0, 0, null, -1, 'N', 'pk_commission_h', -1, 'pk_commission_h.email', 0, 'N', 1, 'N', 'Y', 10, null, 0, 'email', 'qcco.commission_h.email', null, 'N', 0, null, '0001ZZ10000000003ALK', '1001ZZ10000000002F7B', '@@@@', 0, null, null, null, 'N', 1, 10, 'pk_commission_h', 'pk_commission_h', 0, '2019-03-11 13:35:43', 'N', null, null, null, 1, 1, 'N', 1, null, 1);
INSERT INTO PUB_BILLTEMPLET_B (CARDFLAG, DATATYPE, DEFAULTSHOWNAME, DEFAULTVALUE, DR, EDITFLAG, EDITFORMULA, FOREGROUND, HYPERLINKFLAG, IDCOLNAME, INPUTLENGTH, ITEMKEY, ITEMTYPE, LEAFFLAG, LISTFLAG, LISTHYPERLINKFLAG, LISTSHOWFLAG, LISTSHOWORDER, LOADFORMULA, LOCKFLAG, METADATAPATH, METADATAPROPERTY, METADATARELATION, NEWLINEFLAG, NULLFLAG, OPTIONS, PK_BILLTEMPLET, PK_BILLTEMPLET_B, PK_CORP, POS, REFTYPE, RESID, RESID_TABNAME, REVISEFLAG, SHOWFLAG, SHOWORDER, TABLE_CODE, TABLE_NAME, TOTALFLAG, TS, USERDEFFLAG, USERDEFINE1, USERDEFINE2, USERDEFINE3, USEREDITFLAG, USERFLAG, USERREVISEFLAG, USERSHOWFLAG, VALIDATEFORMULA, WIDTH) VALUES (1, -1, null, null, 0, 0, null, -1, 'N', 'pk_commission_h', -1, 'pk_commission_h.customername', 0, 'N', 1, 'N', 'Y', 21, null, 0, 'customername', 'qcco.commission_h.customername', null, 'N', 0, null, '0001ZZ10000000003ALK', '1001ZZ10000000002F7C', '@@@@', 0, null, null, null, 'N', 1, 21, 'pk_commission_h', 'pk_commission_h', 0, '2019-03-11 13:35:43', 'N', null, null, null, 1, 1, 'N', 1, null, 1);
INSERT INTO PUB_BILLTEMPLET_B (CARDFLAG, DATATYPE, DEFAULTSHOWNAME, DEFAULTVALUE, DR, EDITFLAG, EDITFORMULA, FOREGROUND, HYPERLINKFLAG, IDCOLNAME, INPUTLENGTH, ITEMKEY, ITEMTYPE, LEAFFLAG, LISTFLAG, LISTHYPERLINKFLAG, LISTSHOWFLAG, LISTSHOWORDER, LOADFORMULA, LOCKFLAG, METADATAPATH, METADATAPROPERTY, METADATARELATION, NEWLINEFLAG, NULLFLAG, OPTIONS, PK_BILLTEMPLET, PK_BILLTEMPLET_B, PK_CORP, POS, REFTYPE, RESID, RESID_TABNAME, REVISEFLAG, SHOWFLAG, SHOWORDER, TABLE_CODE, TABLE_NAME, TOTALFLAG, TS, USERDEFFLAG, USERDEFINE1, USERDEFINE2, USERDEFINE3, USEREDITFLAG, USERFLAG, USERREVISEFLAG, USERSHOWFLAG, VALIDATEFORMULA, WIDTH) VALUES (1, -1, null, null, 0, 0, null, -1, 'N', 'pk_commission_h', -1, 'pk_commission_h.identificationtype', 0, 'N', 1, 'N', 'Y', 29, null, 0, 'identificationtype', 'qcco.commission_h.identificationtype', null, 'N', 0, null, '0001ZZ10000000003ALK', '1001ZZ10000000002F7D', '@@@@', 0, null, null, null, 'N', 1, 29, 'pk_commission_h', 'pk_commission_h', 0, '2019-03-11 13:35:43', 'N', null, null, null, 1, 1, 'N', 1, null, 1);
INSERT INTO PUB_BILLTEMPLET_B (CARDFLAG, DATATYPE, DEFAULTSHOWNAME, DEFAULTVALUE, DR, EDITFLAG, EDITFORMULA, FOREGROUND, HYPERLINKFLAG, IDCOLNAME, INPUTLENGTH, ITEMKEY, ITEMTYPE, LEAFFLAG, LISTFLAG, LISTHYPERLINKFLAG, LISTSHOWFLAG, LISTSHOWORDER, LOADFORMULA, LOCKFLAG, METADATAPATH, METADATAPROPERTY, METADATARELATION, NEWLINEFLAG, NULLFLAG, OPTIONS, PK_BILLTEMPLET, PK_BILLTEMPLET_B, PK_CORP, POS, REFTYPE, RESID, RESID_TABNAME, REVISEFLAG, SHOWFLAG, SHOWORDER, TABLE_CODE, TABLE_NAME, TOTALFLAG, TS, USERDEFFLAG, USERDEFINE1, USERDEFINE2, USERDEFINE3, USEREDITFLAG, USERFLAG, USERREVISEFLAG, USERSHOWFLAG, VALIDATEFORMULA, WIDTH) VALUES (1, -1, null, null, 0, 0, null, -1, 'N', 'pk_commission_h', -1, 'pk_commission_h.pk_payer', 0, 'N', 1, 'N', 'Y', 7, null, 0, 'pk_payer', 'qcco.commission_h.pk_payer', null, 'N', 0, null, '0001ZZ10000000003ALK', '1001ZZ10000000002F7E', '@@@@', 0, null, null, null, 'N', 1, 7, 'pk_commission_h', 'pk_commission_h', 0, '2019-03-11 13:35:43', 'N', null, null, null, 1, 1, 'N', 1, null, 1);
INSERT INTO PUB_BILLTEMPLET_B (CARDFLAG, DATATYPE, DEFAULTSHOWNAME, DEFAULTVALUE, DR, EDITFLAG, EDITFORMULA, FOREGROUND, HYPERLINKFLAG, IDCOLNAME, INPUTLENGTH, ITEMKEY, ITEMTYPE, LEAFFLAG, LISTFLAG, LISTHYPERLINKFLAG, LISTSHOWFLAG, LISTSHOWORDER, LOADFORMULA, LOCKFLAG, METADATAPATH, METADATAPROPERTY, METADATARELATION, NEWLINEFLAG, NULLFLAG, OPTIONS, PK_BILLTEMPLET, PK_BILLTEMPLET_B, PK_CORP, POS, REFTYPE, RESID, RESID_TABNAME, REVISEFLAG, SHOWFLAG, SHOWORDER, TABLE_CODE, TABLE_NAME, TOTALFLAG, TS, USERDEFFLAG, USERDEFINE1, USERDEFINE2, USERDEFINE3, USEREDITFLAG, USERFLAG, USERREVISEFLAG, USERSHOWFLAG, VALIDATEFORMULA, WIDTH) VALUES (1, -1, null, null, 0, 0, null, -1, 'N', 'pk_commission_h', -1, 'pk_commission_h.progressneed', 0, 'N', 1, 'N', 'Y', 18, null, 0, 'progressneed', 'qcco.commission_h.progressneed', null, 'N', 0, null, '0001ZZ10000000003ALK', '1001ZZ10000000002F7F', '@@@@', 0, null, null, null, 'N', 1, 18, 'pk_commission_h', 'pk_commission_h', 0, '2019-03-11 13:35:43', 'N', null, null, null, 1, 1, 'N', 1, null, 1);
INSERT INTO PUB_BILLTEMPLET_B (CARDFLAG, DATATYPE, DEFAULTSHOWNAME, DEFAULTVALUE, DR, EDITFLAG, EDITFORMULA, FOREGROUND, HYPERLINKFLAG, IDCOLNAME, INPUTLENGTH, ITEMKEY, ITEMTYPE, LEAFFLAG, LISTFLAG, LISTHYPERLINKFLAG, LISTSHOWFLAG, LISTSHOWORDER, LOADFORMULA, LOCKFLAG, METADATAPATH, METADATAPROPERTY, METADATARELATION, NEWLINEFLAG, NULLFLAG, OPTIONS, PK_BILLTEMPLET, PK_BILLTEMPLET_B, PK_CORP, POS, REFTYPE, RESID, RESID_TABNAME, REVISEFLAG, SHOWFLAG, SHOWORDER, TABLE_CODE, TABLE_NAME, TOTALFLAG, TS, USERDEFFLAG, USERDEFINE1, USERDEFINE2, USERDEFINE3, USEREDITFLAG, USERFLAG, USERREVISEFLAG, USERSHOWFLAG, VALIDATEFORMULA, WIDTH) VALUES (1, -1, null, null, 0, 0, null, -1, 'N', 'pk_commission_h', -1, 'pk_commission_h.billno', 0, 'N', 1, 'N', 'Y', 3, null, 0, 'billno', 'qcco.commission_h.billno', null, 'N', 0, null, '0001ZZ10000000003ALK', '1001ZZ10000000002F7G', '@@@@', 0, null, null, null, 'N', 1, 3, 'pk_commission_h', 'pk_commission_h', 0, '2019-03-11 13:35:43', 'N', null, null, null, 1, 1, 'N', 1, null, 1);
INSERT INTO PUB_BILLTEMPLET_B (CARDFLAG, DATATYPE, DEFAULTSHOWNAME, DEFAULTVALUE, DR, EDITFLAG, EDITFORMULA, FOREGROUND, HYPERLINKFLAG, IDCOLNAME, INPUTLENGTH, ITEMKEY, ITEMTYPE, LEAFFLAG, LISTFLAG, LISTHYPERLINKFLAG, LISTSHOWFLAG, LISTSHOWORDER, LOADFORMULA, LOCKFLAG, METADATAPATH, METADATAPROPERTY, METADATARELATION, NEWLINEFLAG, NULLFLAG, OPTIONS, PK_BILLTEMPLET, PK_BILLTEMPLET_B, PK_CORP, POS, REFTYPE, RESID, RESID_TABNAME, REVISEFLAG, SHOWFLAG, SHOWORDER, TABLE_CODE, TABLE_NAME, TOTALFLAG, TS, USERDEFFLAG, USERDEFINE1, USERDEFINE2, USERDEFINE3, USEREDITFLAG, USERFLAG, USERREVISEFLAG, USERSHOWFLAG, VALIDATEFORMULA, WIDTH) VALUES (1, -1, null, null, 0, 0, null, -1, 'N', 'pk_commission_h', -1, 'pk_commission_h.teleno', 0, 'N', 1, 'N', 'Y', 11, null, 0, 'teleno', 'qcco.commission_h.teleno', null, 'N', 0, null, '0001ZZ10000000003ALK', '1001ZZ10000000002F7H', '@@@@', 0, null, null, null, 'N', 1, 11, 'pk_commission_h', 'pk_commission_h', 0, '2019-03-11 13:35:43', 'N', null, null, null, 1, 1, 'N', 1, null, 1);
INSERT INTO PUB_BILLTEMPLET_B (CARDFLAG, DATATYPE, DEFAULTSHOWNAME, DEFAULTVALUE, DR, EDITFLAG, EDITFORMULA, FOREGROUND, HYPERLINKFLAG, IDCOLNAME, INPUTLENGTH, ITEMKEY, ITEMTYPE, LEAFFLAG, LISTFLAG, LISTHYPERLINKFLAG, LISTSHOWFLAG, LISTSHOWORDER, LOADFORMULA, LOCKFLAG, METADATAPATH, METADATAPROPERTY, METADATARELATION, NEWLINEFLAG, NULLFLAG, OPTIONS, PK_BILLTEMPLET, PK_BILLTEMPLET_B, PK_CORP, POS, REFTYPE, RESID, RESID_TABNAME, REVISEFLAG, SHOWFLAG, SHOWORDER, TABLE_CODE, TABLE_NAME, TOTALFLAG, TS, USERDEFFLAG, USERDEFINE1, USERDEFINE2, USERDEFINE3, USEREDITFLAG, USERFLAG, USERREVISEFLAG, USERSHOWFLAG, VALIDATEFORMULA, WIDTH) VALUES (1, -1, null, null, 0, 0, null, -1, 'N', 'pk_commission_h', -1, 'pk_commission_h.pk_owner', 0, 'N', 1, 'N', 'Y', 5, null, 0, 'pk_owner', 'qcco.commission_h.pk_owner', null, 'N', 0, null, '0001ZZ10000000003ALK', '1001ZZ10000000002F7I', '@@@@', 0, null, null, null, 'N', 1, 5, 'pk_commission_h', 'pk_commission_h', 0, '2019-03-11 13:35:43', 'N', null, null, null, 1, 1, 'N', 1, null, 1);
INSERT INTO PUB_BILLTEMPLET_B (CARDFLAG, DATATYPE, DEFAULTSHOWNAME, DEFAULTVALUE, DR, EDITFLAG, EDITFORMULA, FOREGROUND, HYPERLINKFLAG, IDCOLNAME, INPUTLENGTH, ITEMKEY, ITEMTYPE, LEAFFLAG, LISTFLAG, LISTHYPERLINKFLAG, LISTSHOWFLAG, LISTSHOWORDER, LOADFORMULA, LOCKFLAG, METADATAPATH, METADATAPROPERTY, METADATARELATION, NEWLINEFLAG, NULLFLAG, OPTIONS, PK_BILLTEMPLET, PK_BILLTEMPLET_B, PK_CORP, POS, REFTYPE, RESID, RESID_TABNAME, REVISEFLAG, SHOWFLAG, SHOWORDER, TABLE_CODE, TABLE_NAME, TOTALFLAG, TS, USERDEFFLAG, USERDEFINE1, USERDEFINE2, USERDEFINE3, USEREDITFLAG, USERFLAG, USERREVISEFLAG, USERSHOWFLAG, VALIDATEFORMULA, WIDTH) VALUES (1, -1, null, null, 0, 0, null, -1, 'N', 'pk_commission_h', -1, 'pk_commission_h.pk_commissiontype', 0, 'N', 1, 'N', 'Y', 2, null, 0, 'pk_commissiontype', 'qcco.commission_h.pk_commissiontype', null, 'N', 0, null, '0001ZZ10000000003ALK', '1001ZZ10000000002F7J', '@@@@', 0, null, null, null, 'N', 1, 2, 'pk_commission_h', 'pk_commission_h', 0, '2019-03-11 13:35:43', 'N', null, null, null, 1, 1, 'N', 1, null, 1);
INSERT INTO PUB_BILLTEMPLET_B (CARDFLAG, DATATYPE, DEFAULTSHOWNAME, DEFAULTVALUE, DR, EDITFLAG, EDITFORMULA, FOREGROUND, HYPERLINKFLAG, IDCOLNAME, INPUTLENGTH, ITEMKEY, ITEMTYPE, LEAFFLAG, LISTFLAG, LISTHYPERLINKFLAG, LISTSHOWFLAG, LISTSHOWORDER, LOADFORMULA, LOCKFLAG, METADATAPATH, METADATAPROPERTY, METADATARELATION, NEWLINEFLAG, NULLFLAG, OPTIONS, PK_BILLTEMPLET, PK_BILLTEMPLET_B, PK_CORP, POS, REFTYPE, RESID, RESID_TABNAME, REVISEFLAG, SHOWFLAG, SHOWORDER, TABLE_CODE, TABLE_NAME, TOTALFLAG, TS, USERDEFFLAG, USERDEFINE1, USERDEFINE2, USERDEFINE3, USEREDITFLAG, USERFLAG, USERREVISEFLAG, USERSHOWFLAG, VALIDATEFORMULA, WIDTH) VALUES (1, -1, null, null, 0, 0, null, -1, 'N', 'pk_commission_h', -1, 'pk_commission_h.batchserial', 0, 'N', 1, 'N', 'Y', 28, null, 0, 'batchserial', 'qcco.commission_h.batchserial', null, 'N', 0, null, '0001ZZ10000000003ALK', '1001ZZ10000000002F7K', '@@@@', 0, null, null, null, 'N', 1, 28, 'pk_commission_h', 'pk_commission_h', 0, '2019-03-11 13:35:43', 'N', null, null, null, 1, 1, 'N', 1, null, 1);
INSERT INTO PUB_BILLTEMPLET_B (CARDFLAG, DATATYPE, DEFAULTSHOWNAME, DEFAULTVALUE, DR, EDITFLAG, EDITFORMULA, FOREGROUND, HYPERLINKFLAG, IDCOLNAME, INPUTLENGTH, ITEMKEY, ITEMTYPE, LEAFFLAG, LISTFLAG, LISTHYPERLINKFLAG, LISTSHOWFLAG, LISTSHOWORDER, LOADFORMULA, LOCKFLAG, METADATAPATH, METADATAPROPERTY, METADATARELATION, NEWLINEFLAG, NULLFLAG, OPTIONS, PK_BILLTEMPLET, PK_BILLTEMPLET_B, PK_CORP, POS, REFTYPE, RESID, RESID_TABNAME, REVISEFLAG, SHOWFLAG, SHOWORDER, TABLE_CODE, TABLE_NAME, TOTALFLAG, TS, USERDEFFLAG, USERDEFINE1, USERDEFINE2, USERDEFINE3, USEREDITFLAG, USERFLAG, USERREVISEFLAG, USERSHOWFLAG, VALIDATEFORMULA, WIDTH) VALUES (1, -1, null, null, 0, 0, null, -1, 'N', 'pk_commission_h', -1, 'pk_commission_h.pk_dept', 0, 'N', 1, 'N', 'Y', 6, null, 0, 'pk_dept', 'qcco.commission_h.pk_dept', null, 'N', 0, null, '0001ZZ10000000003ALK', '1001ZZ10000000002F7L', '@@@@', 0, null, null, null, 'N', 1, 6, 'pk_commission_h', 'pk_commission_h', 0, '2019-03-11 13:35:43', 'N', null, null, null, 1, 1, 'N', 1, null, 1);
INSERT INTO PUB_BILLTEMPLET_B (CARDFLAG, DATATYPE, DEFAULTSHOWNAME, DEFAULTVALUE, DR, EDITFLAG, EDITFORMULA, FOREGROUND, HYPERLINKFLAG, IDCOLNAME, INPUTLENGTH, ITEMKEY, ITEMTYPE, LEAFFLAG, LISTFLAG, LISTHYPERLINKFLAG, LISTSHOWFLAG, LISTSHOWORDER, LOADFORMULA, LOCKFLAG, METADATAPATH, METADATAPROPERTY, METADATARELATION, NEWLINEFLAG, NULLFLAG, OPTIONS, PK_BILLTEMPLET, PK_BILLTEMPLET_B, PK_CORP, POS, REFTYPE, RESID, RESID_TABNAME, REVISEFLAG, SHOWFLAG, SHOWORDER, TABLE_CODE, TABLE_NAME, TOTALFLAG, TS, USERDEFFLAG, USERDEFINE1, USERDEFINE2, USERDEFINE3, USEREDITFLAG, USERFLAG, USERREVISEFLAG, USERSHOWFLAG, VALIDATEFORMULA, WIDTH) VALUES (1, -1, null, null, 0, 0, null, -1, 'N', 'pk_commission_h', -1, 'pk_commission_h.productline', 0, 'N', 1, 'N', 'Y', 25, null, 0, 'productline', 'qcco.commission_h.productline', null, 'N', 0, null, '0001ZZ10000000003ALK', '1001ZZ10000000002F7M', '@@@@', 0, null, null, null, 'N', 1, 25, 'pk_commission_h', 'pk_commission_h', 0, '2019-03-11 13:35:43', 'N', null, null, null, 1, 1, 'N', 1, null, 1);
INSERT INTO PUB_BILLTEMPLET_B (CARDFLAG, DATATYPE, DEFAULTSHOWNAME, DEFAULTVALUE, DR, EDITFLAG, EDITFORMULA, FOREGROUND, HYPERLINKFLAG, IDCOLNAME, INPUTLENGTH, ITEMKEY, ITEMTYPE, LEAFFLAG, LISTFLAG, LISTHYPERLINKFLAG, LISTSHOWFLAG, LISTSHOWORDER, LOADFORMULA, LOCKFLAG, METADATAPATH, METADATAPROPERTY, METADATARELATION, NEWLINEFLAG, NULLFLAG, OPTIONS, PK_BILLTEMPLET, PK_BILLTEMPLET_B, PK_CORP, POS, REFTYPE, RESID, RESID_TABNAME, REVISEFLAG, SHOWFLAG, SHOWORDER, TABLE_CODE, TABLE_NAME, TOTALFLAG, TS, USERDEFFLAG, USERDEFINE1, USERDEFINE2, USERDEFINE3, USEREDITFLAG, USERFLAG, USERREVISEFLAG, USERSHOWFLAG, VALIDATEFORMULA, WIDTH) VALUES (1, -1, null, null, 0, 0, null, -1, 'N', 'pk_commission_h', -1, 'pk_commission_h.testaim', 0, 'N', 1, 'N', 'Y', 17, null, 0, 'testaim', 'qcco.commission_h.testaim', null, 'N', 0, null, '0001ZZ10000000003ALK', '1001ZZ10000000002F7N', '@@@@', 0, null, null, null, 'N', 1, 17, 'pk_commission_h', 'pk_commission_h', 0, '2019-03-11 13:35:43', 'N', null, null, null, 1, 1, 'N', 1, null, 1);
INSERT INTO PUB_BILLTEMPLET_B (CARDFLAG, DATATYPE, DEFAULTSHOWNAME, DEFAULTVALUE, DR, EDITFLAG, EDITFORMULA, FOREGROUND, HYPERLINKFLAG, IDCOLNAME, INPUTLENGTH, ITEMKEY, ITEMTYPE, LEAFFLAG, LISTFLAG, LISTHYPERLINKFLAG, LISTSHOWFLAG, LISTSHOWORDER, LOADFORMULA, LOCKFLAG, METADATAPATH, METADATAPROPERTY, METADATARELATION, NEWLINEFLAG, NULLFLAG, OPTIONS, PK_BILLTEMPLET, PK_BILLTEMPLET_B, PK_CORP, POS, REFTYPE, RESID, RESID_TABNAME, REVISEFLAG, SHOWFLAG, SHOWORDER, TABLE_CODE, TABLE_NAME, TOTALFLAG, TS, USERDEFFLAG, USERDEFINE1, USERDEFINE2, USERDEFINE3, USEREDITFLAG, USERFLAG, USERREVISEFLAG, USERSHOWFLAG, VALIDATEFORMULA, WIDTH) VALUES (1, -1, null, null, 0, 0, null, -1, 'N', 'pk_commission_h', -1, 'pk_commission_h.pk_subcategory', 0, 'N', 1, 'N', 'Y', 13, null, 0, 'pk_subcategory', 'qcco.commission_h.pk_subcategory', null, 'N', 0, null, '0001ZZ10000000003ALK', '1001ZZ10000000002F7O', '@@@@', 0, null, null, null, 'N', 1, 13, 'pk_commission_h', 'pk_commission_h', 0, '2019-03-11 13:35:43', 'N', null, null, null, 1, 1, 'N', 1, null, 1);
INSERT INTO PUB_BILLTEMPLET_B (CARDFLAG, DATATYPE, DEFAULTSHOWNAME, DEFAULTVALUE, DR, EDITFLAG, EDITFORMULA, FOREGROUND, HYPERLINKFLAG, IDCOLNAME, INPUTLENGTH, ITEMKEY, ITEMTYPE, LEAFFLAG, LISTFLAG, LISTHYPERLINKFLAG, LISTSHOWFLAG, LISTSHOWORDER, LOADFORMULA, LOCKFLAG, METADATAPATH, METADATAPROPERTY, METADATARELATION, NEWLINEFLAG, NULLFLAG, OPTIONS, PK_BILLTEMPLET, PK_BILLTEMPLET_B, PK_CORP, POS, REFTYPE, RESID, RESID_TABNAME, REVISEFLAG, SHOWFLAG, SHOWORDER, TABLE_CODE, TABLE_NAME, TOTALFLAG, TS, USERDEFFLAG, USERDEFINE1, USERDEFINE2, USERDEFINE3, USEREDITFLAG, USERFLAG, USERREVISEFLAG, USERSHOWFLAG, VALIDATEFORMULA, WIDTH) VALUES (1, -1, null, null, 0, 0, null, -1, 'N', 'pk_commission_h', -1, 'pk_commission_h.testrequirement', 0, 'N', 1, 'N', 'Y', 23, null, 0, 'testrequirement', 'qcco.commission_h.testrequirement', null, 'N', 0, null, '0001ZZ10000000003ALK', '1001ZZ10000000002F7P', '@@@@', 0, null, null, null, 'N', 1, 23, 'pk_commission_h', 'pk_commission_h', 0, '2019-03-11 13:35:43', 'N', null, null, null, 1, 1, 'N', 1, null, 1);
INSERT INTO PUB_BILLTEMPLET_B (CARDFLAG, DATATYPE, DEFAULTSHOWNAME, DEFAULTVALUE, DR, EDITFLAG, EDITFORMULA, FOREGROUND, HYPERLINKFLAG, IDCOLNAME, INPUTLENGTH, ITEMKEY, ITEMTYPE, LEAFFLAG, LISTFLAG, LISTHYPERLINKFLAG, LISTSHOWFLAG, LISTSHOWORDER, LOADFORMULA, LOCKFLAG, METADATAPATH, METADATAPROPERTY, METADATARELATION, NEWLINEFLAG, NULLFLAG, OPTIONS, PK_BILLTEMPLET, PK_BILLTEMPLET_B, PK_CORP, POS, REFTYPE, RESID, RESID_TABNAME, REVISEFLAG, SHOWFLAG, SHOWORDER, TABLE_CODE, TABLE_NAME, TOTALFLAG, TS, USERDEFFLAG, USERDEFINE1, USERDEFINE2, USERDEFINE3, USEREDITFLAG, USERFLAG, USERREVISEFLAG, USERSHOWFLAG, VALIDATEFORMULA, WIDTH) VALUES (1, -1, null, null, 0, 0, null, -1, 'N', 'pk_commission_h', -1, 'pk_commission_h.productdate', 0, 'N', 1, 'N', 'Y', 27, null, 0, 'productdate', 'qcco.commission_h.productdate', null, 'N', 0, null, '0001ZZ10000000003ALK', '1001ZZ10000000002F7Q', '@@@@', 0, null, null, null, 'N', 1, 27, 'pk_commission_h', 'pk_commission_h', 0, '2019-03-11 13:35:43', 'N', null, null, null, 1, 1, 'N', 1, null, 1);
INSERT INTO PUB_BILLTEMPLET_B (CARDFLAG, DATATYPE, DEFAULTSHOWNAME, DEFAULTVALUE, DR, EDITFLAG, EDITFORMULA, FOREGROUND, HYPERLINKFLAG, IDCOLNAME, INPUTLENGTH, ITEMKEY, ITEMTYPE, LEAFFLAG, LISTFLAG, LISTHYPERLINKFLAG, LISTSHOWFLAG, LISTSHOWORDER, LOADFORMULA, LOCKFLAG, METADATAPATH, METADATAPROPERTY, METADATARELATION, NEWLINEFLAG, NULLFLAG, OPTIONS, PK_BILLTEMPLET, PK_BILLTEMPLET_B, PK_CORP, POS, REFTYPE, RESID, RESID_TABNAME, REVISEFLAG, SHOWFLAG, SHOWORDER, TABLE_CODE, TABLE_NAME, TOTALFLAG, TS, USERDEFFLAG, USERDEFINE1, USERDEFINE2, USERDEFINE3, USEREDITFLAG, USERFLAG, USERREVISEFLAG, USERSHOWFLAG, VALIDATEFORMULA, WIDTH) VALUES (1, -1, null, null, 0, 0, null, -1, 'N', 'pk_commission_h', -1, 'pk_commission_h.reportformat', 0, 'N', 1, 'N', 'Y', 15, null, 0, 'reportformat', 'qcco.commission_h.reportformat', null, 'N', 0, null, '0001ZZ10000000003ALK', '1001ZZ10000000002F7R', '@@@@', 0, null, null, null, 'N', 1, 15, 'pk_commission_h', 'pk_commission_h', 0, '2019-03-11 13:35:43', 'N', null, null, null, 1, 1, 'N', 1, null, 1);
INSERT INTO PUB_BILLTEMPLET_B (CARDFLAG, DATATYPE, DEFAULTSHOWNAME, DEFAULTVALUE, DR, EDITFLAG, EDITFORMULA, FOREGROUND, HYPERLINKFLAG, IDCOLNAME, INPUTLENGTH, ITEMKEY, ITEMTYPE, LEAFFLAG, LISTFLAG, LISTHYPERLINKFLAG, LISTSHOWFLAG, LISTSHOWORDER, LOADFORMULA, LOCKFLAG, METADATAPATH, METADATAPROPERTY, METADATARELATION, NEWLINEFLAG, NULLFLAG, OPTIONS, PK_BILLTEMPLET, PK_BILLTEMPLET_B, PK_CORP, POS, REFTYPE, RESID, RESID_TABNAME, REVISEFLAG, SHOWFLAG, SHOWORDER, TABLE_CODE, TABLE_NAME, TOTALFLAG, TS, USERDEFFLAG, USERDEFINE1, USERDEFINE2, USERDEFINE3, USEREDITFLAG, USERFLAG, USERREVISEFLAG, USERSHOWFLAG, VALIDATEFORMULA, WIDTH) VALUES (1, -1, null, null, 0, 0, null, -1, 'N', 'pk_commission_h', -1, 'pk_commission_h.pk_maincategory', 0, 'N', 1, 'N', 'Y', 12, null, 0, 'pk_maincategory', 'qcco.commission_h.pk_maincategory', null, 'N', 0, null, '0001ZZ10000000003ALK', '1001ZZ10000000002F7S', '@@@@', 0, null, null, null, 'N', 1, 12, 'pk_commission_h', 'pk_commission_h', 0, '2019-03-11 13:35:43', 'N', null, null, null, 1, 1, 'N', 1, null, 1);
INSERT INTO PUB_BILLTEMPLET_B (CARDFLAG, DATATYPE, DEFAULTSHOWNAME, DEFAULTVALUE, DR, EDITFLAG, EDITFORMULA, FOREGROUND, HYPERLINKFLAG, IDCOLNAME, INPUTLENGTH, ITEMKEY, ITEMTYPE, LEAFFLAG, LISTFLAG, LISTHYPERLINKFLAG, LISTSHOWFLAG, LISTSHOWORDER, LOADFORMULA, LOCKFLAG, METADATAPATH, METADATAPROPERTY, METADATARELATION, NEWLINEFLAG, NULLFLAG, OPTIONS, PK_BILLTEMPLET, PK_BILLTEMPLET_B, PK_CORP, POS, REFTYPE, RESID, RESID_TABNAME, REVISEFLAG, SHOWFLAG, SHOWORDER, TABLE_CODE, TABLE_NAME, TOTALFLAG, TS, USERDEFFLAG, USERDEFINE1, USERDEFINE2, USERDEFINE3, USEREDITFLAG, USERFLAG, USERREVISEFLAG, USERSHOWFLAG, VALIDATEFORMULA, WIDTH) VALUES (1, -1, null, null, 0, 0, null, -1, 'N', null, -1, 'billmaker', 0, 'N', 1, 'N', 'Y', 1, null, 0, 'billmaker', 'qcco.task_h.billmaker', null, 'N', 0, null, '0001ZZ10000000003ALK', '0001ZZ10000000003ALL', '@@@@', 2, null, null, null, 'N', 1, 0, 'tailerInfo', '表尾信息', 0, '2019-03-11 13:35:43', 'N', null, null, null, 1, 1, 'N', 1, null, 1);
INSERT INTO PUB_BILLTEMPLET_B (CARDFLAG, DATATYPE, DEFAULTSHOWNAME, DEFAULTVALUE, DR, EDITFLAG, EDITFORMULA, FOREGROUND, HYPERLINKFLAG, IDCOLNAME, INPUTLENGTH, ITEMKEY, ITEMTYPE, LEAFFLAG, LISTFLAG, LISTHYPERLINKFLAG, LISTSHOWFLAG, LISTSHOWORDER, LOADFORMULA, LOCKFLAG, METADATAPATH, METADATAPROPERTY, METADATARELATION, NEWLINEFLAG, NULLFLAG, OPTIONS, PK_BILLTEMPLET, PK_BILLTEMPLET_B, PK_CORP, POS, REFTYPE, RESID, RESID_TABNAME, REVISEFLAG, SHOWFLAG, SHOWORDER, TABLE_CODE, TABLE_NAME, TOTALFLAG, TS, USERDEFFLAG, USERDEFINE1, USERDEFINE2, USERDEFINE3, USEREDITFLAG, USERFLAG, USERREVISEFLAG, USERSHOWFLAG, VALIDATEFORMULA, WIDTH) VALUES (1, -1, null, null, 0, 0, null, -1, 'N', null, -1, 'approver', 0, 'N', 1, 'N', 'Y', 2, null, 0, 'approver', 'qcco.task_h.approver', null, 'N', 0, null, '0001ZZ10000000003ALK', '0001ZZ10000000003ALM', '@@@@', 2, null, null, null, 'N', 1, 1, 'tailerInfo', '表尾信息', 0, '2019-03-11 13:35:43', 'N', null, null, null, 1, 1, 'N', 1, null, 1);
INSERT INTO PUB_BILLTEMPLET_B (CARDFLAG, DATATYPE, DEFAULTSHOWNAME, DEFAULTVALUE, DR, EDITFLAG, EDITFORMULA, FOREGROUND, HYPERLINKFLAG, IDCOLNAME, INPUTLENGTH, ITEMKEY, ITEMTYPE, LEAFFLAG, LISTFLAG, LISTHYPERLINKFLAG, LISTSHOWFLAG, LISTSHOWORDER, LOADFORMULA, LOCKFLAG, METADATAPATH, METADATAPROPERTY, METADATARELATION, NEWLINEFLAG, NULLFLAG, OPTIONS, PK_BILLTEMPLET, PK_BILLTEMPLET_B, PK_CORP, POS, REFTYPE, RESID, RESID_TABNAME, REVISEFLAG, SHOWFLAG, SHOWORDER, TABLE_CODE, TABLE_NAME, TOTALFLAG, TS, USERDEFFLAG, USERDEFINE1, USERDEFINE2, USERDEFINE3, USEREDITFLAG, USERFLAG, USERREVISEFLAG, USERSHOWFLAG, VALIDATEFORMULA, WIDTH) VALUES (1, -1, null, null, 0, 0, null, -1, 'N', null, -1, 'approvedate', 0, 'N', 1, 'N', 'Y', 3, null, 0, 'approvedate', 'qcco.task_h.approvedate', null, 'N', 0, null, '0001ZZ10000000003ALK', '0001ZZ10000000003ALN', '@@@@', 2, null, null, null, 'N', 1, 2, 'tailerInfo', '表尾信息', 0, '2019-03-11 13:35:43', 'N', null, null, null, 1, 1, 'N', 1, null, 1);
INSERT INTO PUB_BILLTEMPLET_B (CARDFLAG, DATATYPE, DEFAULTSHOWNAME, DEFAULTVALUE, DR, EDITFLAG, EDITFORMULA, FOREGROUND, HYPERLINKFLAG, IDCOLNAME, INPUTLENGTH, ITEMKEY, ITEMTYPE, LEAFFLAG, LISTFLAG, LISTHYPERLINKFLAG, LISTSHOWFLAG, LISTSHOWORDER, LOADFORMULA, LOCKFLAG, METADATAPATH, METADATAPROPERTY, METADATARELATION, NEWLINEFLAG, NULLFLAG, OPTIONS, PK_BILLTEMPLET, PK_BILLTEMPLET_B, PK_CORP, POS, REFTYPE, RESID, RESID_TABNAME, REVISEFLAG, SHOWFLAG, SHOWORDER, TABLE_CODE, TABLE_NAME, TOTALFLAG, TS, USERDEFFLAG, USERDEFINE1, USERDEFINE2, USERDEFINE3, USEREDITFLAG, USERFLAG, USERREVISEFLAG, USERSHOWFLAG, VALIDATEFORMULA, WIDTH) VALUES (1, -1, null, null, 0, 0, null, -1, 'N', null, -1, 'creator', 0, 'N', 1, 'N', 'Y', 1, null, 0, 'creator', 'qcco.task_h.creator', null, 'N', 0, null, '0001ZZ10000000003ALK', '0001ZZ10000000003ALO', '@@@@', 2, null, null, null, 'N', 1, 1, 'auditInfo', '审计信息', 0, '2019-03-11 13:35:43', 'N', null, null, null, 1, 1, 'N', 1, null, 1);
INSERT INTO PUB_BILLTEMPLET_B (CARDFLAG, DATATYPE, DEFAULTSHOWNAME, DEFAULTVALUE, DR, EDITFLAG, EDITFORMULA, FOREGROUND, HYPERLINKFLAG, IDCOLNAME, INPUTLENGTH, ITEMKEY, ITEMTYPE, LEAFFLAG, LISTFLAG, LISTHYPERLINKFLAG, LISTSHOWFLAG, LISTSHOWORDER, LOADFORMULA, LOCKFLAG, METADATAPATH, METADATAPROPERTY, METADATARELATION, NEWLINEFLAG, NULLFLAG, OPTIONS, PK_BILLTEMPLET, PK_BILLTEMPLET_B, PK_CORP, POS, REFTYPE, RESID, RESID_TABNAME, REVISEFLAG, SHOWFLAG, SHOWORDER, TABLE_CODE, TABLE_NAME, TOTALFLAG, TS, USERDEFFLAG, USERDEFINE1, USERDEFINE2, USERDEFINE3, USEREDITFLAG, USERFLAG, USERREVISEFLAG, USERSHOWFLAG, VALIDATEFORMULA, WIDTH) VALUES (1, -1, null, null, 0, 0, null, -1, 'N', null, -1, 'creationtime', 0, 'N', 1, 'N', 'Y', 2, null, 0, 'creationtime', 'qcco.task_h.creationtime', null, 'N', 0, null, '0001ZZ10000000003ALK', '0001ZZ10000000003ALP', '@@@@', 2, null, null, null, 'N', 1, 2, 'auditInfo', '审计信息', 0, '2019-03-11 13:35:43', 'N', null, null, null, 1, 1, 'N', 1, null, 1);
INSERT INTO PUB_BILLTEMPLET_B (CARDFLAG, DATATYPE, DEFAULTSHOWNAME, DEFAULTVALUE, DR, EDITFLAG, EDITFORMULA, FOREGROUND, HYPERLINKFLAG, IDCOLNAME, INPUTLENGTH, ITEMKEY, ITEMTYPE, LEAFFLAG, LISTFLAG, LISTHYPERLINKFLAG, LISTSHOWFLAG, LISTSHOWORDER, LOADFORMULA, LOCKFLAG, METADATAPATH, METADATAPROPERTY, METADATARELATION, NEWLINEFLAG, NULLFLAG, OPTIONS, PK_BILLTEMPLET, PK_BILLTEMPLET_B, PK_CORP, POS, REFTYPE, RESID, RESID_TABNAME, REVISEFLAG, SHOWFLAG, SHOWORDER, TABLE_CODE, TABLE_NAME, TOTALFLAG, TS, USERDEFFLAG, USERDEFINE1, USERDEFINE2, USERDEFINE3, USEREDITFLAG, USERFLAG, USERREVISEFLAG, USERSHOWFLAG, VALIDATEFORMULA, WIDTH) VALUES (1, -1, null, null, 0, 0, null, -1, 'N', null, -1, 'modifier', 0, 'N', 1, 'N', 'Y', 3, null, 0, 'modifier', 'qcco.task_h.modifier', null, 'N', 0, null, '0001ZZ10000000003ALK', '0001ZZ10000000003ALQ', '@@@@', 2, null, null, null, 'N', 1, 3, 'auditInfo', '审计信息', 0, '2019-03-11 13:35:43', 'N', null, null, null, 1, 1, 'N', 1, null, 1);
INSERT INTO PUB_BILLTEMPLET_B (CARDFLAG, DATATYPE, DEFAULTSHOWNAME, DEFAULTVALUE, DR, EDITFLAG, EDITFORMULA, FOREGROUND, HYPERLINKFLAG, IDCOLNAME, INPUTLENGTH, ITEMKEY, ITEMTYPE, LEAFFLAG, LISTFLAG, LISTHYPERLINKFLAG, LISTSHOWFLAG, LISTSHOWORDER, LOADFORMULA, LOCKFLAG, METADATAPATH, METADATAPROPERTY, METADATARELATION, NEWLINEFLAG, NULLFLAG, OPTIONS, PK_BILLTEMPLET, PK_BILLTEMPLET_B, PK_CORP, POS, REFTYPE, RESID, RESID_TABNAME, REVISEFLAG, SHOWFLAG, SHOWORDER, TABLE_CODE, TABLE_NAME, TOTALFLAG, TS, USERDEFFLAG, USERDEFINE1, USERDEFINE2, USERDEFINE3, USEREDITFLAG, USERFLAG, USERREVISEFLAG, USERSHOWFLAG, VALIDATEFORMULA, WIDTH) VALUES (1, -1, null, null, 0, 0, null, -1, 'N', null, -1, 'modifiedtime', 0, 'N', 1, 'N', 'Y', 4, null, 0, 'modifiedtime', 'qcco.task_h.modifiedtime', null, 'N', 0, null, '0001ZZ10000000003ALK', '0001ZZ10000000003ALR', '@@@@', 2, null, null, null, 'N', 1, 4, 'auditInfo', '审计信息', 0, '2019-03-11 13:35:43', 'N', null, null, null, 1, 1, 'N', 1, null, 1);
INSERT INTO PUB_BILLTEMPLET_B (CARDFLAG, DATATYPE, DEFAULTSHOWNAME, DEFAULTVALUE, DR, EDITFLAG, EDITFORMULA, FOREGROUND, HYPERLINKFLAG, IDCOLNAME, INPUTLENGTH, ITEMKEY, ITEMTYPE, LEAFFLAG, LISTFLAG, LISTHYPERLINKFLAG, LISTSHOWFLAG, LISTSHOWORDER, LOADFORMULA, LOCKFLAG, METADATAPATH, METADATAPROPERTY, METADATARELATION, NEWLINEFLAG, NULLFLAG, OPTIONS, PK_BILLTEMPLET, PK_BILLTEMPLET_B, PK_CORP, POS, REFTYPE, RESID, RESID_TABNAME, REVISEFLAG, SHOWFLAG, SHOWORDER, TABLE_CODE, TABLE_NAME, TOTALFLAG, TS, USERDEFFLAG, USERDEFINE1, USERDEFINE2, USERDEFINE3, USEREDITFLAG, USERFLAG, USERREVISEFLAG, USERSHOWFLAG, VALIDATEFORMULA, WIDTH) VALUES (1, -1, null, null, 0, 0, null, -1, 'N', null, -1, 'pk_group', 0, 'N', 1, 'N', 'N', 3, null, 0, 'pk_group', 'qcco.task_h.pk_group', null, 'N', 0, null, '0001ZZ10000000003ALK', '0001ZZ10000000003ALU', '@@@@', 0, null, null, null, 'N', 0, 1, 'task_h', '任务单', 0, '2019-03-11 13:35:43', 'N', null, null, null, 1, 1, 'N', 1, null, 1);
INSERT INTO PUB_BILLTEMPLET_B (CARDFLAG, DATATYPE, DEFAULTSHOWNAME, DEFAULTVALUE, DR, EDITFLAG, EDITFORMULA, FOREGROUND, HYPERLINKFLAG, IDCOLNAME, INPUTLENGTH, ITEMKEY, ITEMTYPE, LEAFFLAG, LISTFLAG, LISTHYPERLINKFLAG, LISTSHOWFLAG, LISTSHOWORDER, LOADFORMULA, LOCKFLAG, METADATAPATH, METADATAPROPERTY, METADATARELATION, NEWLINEFLAG, NULLFLAG, OPTIONS, PK_BILLTEMPLET, PK_BILLTEMPLET_B, PK_CORP, POS, REFTYPE, RESID, RESID_TABNAME, REVISEFLAG, SHOWFLAG, SHOWORDER, TABLE_CODE, TABLE_NAME, TOTALFLAG, TS, USERDEFFLAG, USERDEFINE1, USERDEFINE2, USERDEFINE3, USEREDITFLAG, USERFLAG, USERREVISEFLAG, USERSHOWFLAG, VALIDATEFORMULA, WIDTH) VALUES (1, -1, null, null, 0, 0, null, -1, 'N', null, -1, 'pk_org', 0, 'N', 1, 'N', 'N', 4, null, 0, 'pk_org', 'qcco.task_h.pk_org', null, 'N', 0, null, '0001ZZ10000000003ALK', '0001ZZ10000000003ALV', '@@@@', 0, null, null, null, 'N', 0, 2, 'task_h', '任务单', 0, '2019-03-11 13:35:43', 'N', null, null, null, 1, 1, 'N', 1, null, 1);
INSERT INTO PUB_BILLTEMPLET_B (CARDFLAG, DATATYPE, DEFAULTSHOWNAME, DEFAULTVALUE, DR, EDITFLAG, EDITFORMULA, FOREGROUND, HYPERLINKFLAG, IDCOLNAME, INPUTLENGTH, ITEMKEY, ITEMTYPE, LEAFFLAG, LISTFLAG, LISTHYPERLINKFLAG, LISTSHOWFLAG, LISTSHOWORDER, LOADFORMULA, LOCKFLAG, METADATAPATH, METADATAPROPERTY, METADATARELATION, NEWLINEFLAG, NULLFLAG, OPTIONS, PK_BILLTEMPLET, PK_BILLTEMPLET_B, PK_CORP, POS, REFTYPE, RESID, RESID_TABNAME, REVISEFLAG, SHOWFLAG, SHOWORDER, TABLE_CODE, TABLE_NAME, TOTALFLAG, TS, USERDEFFLAG, USERDEFINE1, USERDEFINE2, USERDEFINE3, USEREDITFLAG, USERFLAG, USERREVISEFLAG, USERSHOWFLAG, VALIDATEFORMULA, WIDTH) VALUES (1, -1, null, null, 0, 0, null, -1, 'N', null, -1, 'pk_org_v', 0, 'N', 1, 'N', 'N', 5, null, 0, 'pk_org_v', 'qcco.task_h.pk_org_v', null, 'N', 0, null, '0001ZZ10000000003ALK', '0001ZZ10000000003ALW', '@@@@', 0, null, null, null, 'N', 0, 3, 'task_h', '任务单', 0, '2019-03-11 13:35:43', 'N', null, null, null, 1, 1, 'N', 1, null, 1);
INSERT INTO PUB_BILLTEMPLET_B (CARDFLAG, DATATYPE, DEFAULTSHOWNAME, DEFAULTVALUE, DR, EDITFLAG, EDITFORMULA, FOREGROUND, HYPERLINKFLAG, IDCOLNAME, INPUTLENGTH, ITEMKEY, ITEMTYPE, LEAFFLAG, LISTFLAG, LISTHYPERLINKFLAG, LISTSHOWFLAG, LISTSHOWORDER, LOADFORMULA, LOCKFLAG, METADATAPATH, METADATAPROPERTY, METADATARELATION, NEWLINEFLAG, NULLFLAG, OPTIONS, PK_BILLTEMPLET, PK_BILLTEMPLET_B, PK_CORP, POS, REFTYPE, RESID, RESID_TABNAME, REVISEFLAG, SHOWFLAG, SHOWORDER, TABLE_CODE, TABLE_NAME, TOTALFLAG, TS, USERDEFFLAG, USERDEFINE1, USERDEFINE2, USERDEFINE3, USEREDITFLAG, USERFLAG, USERREVISEFLAG, USERSHOWFLAG, VALIDATEFORMULA, WIDTH) VALUES (1, -1, null, null, 0, 0, null, -1, 'N', null, -1, 'dbilldate', 0, 'N', 1, 'N', 'N', 6, null, 0, 'dbilldate', 'qcco.task_h.dbilldate', null, 'N', 0, null, '0001ZZ10000000003ALK', '0001ZZ10000000003ALX', '@@@@', 0, null, null, null, 'N', 0, 4, 'task_h', '任务单', 0, '2019-03-11 13:35:43', 'N', null, null, null, 1, 1, 'N', 1, null, 1);
INSERT INTO PUB_BILLTEMPLET_B (CARDFLAG, DATATYPE, DEFAULTSHOWNAME, DEFAULTVALUE, DR, EDITFLAG, EDITFORMULA, FOREGROUND, HYPERLINKFLAG, IDCOLNAME, INPUTLENGTH, ITEMKEY, ITEMTYPE, LEAFFLAG, LISTFLAG, LISTHYPERLINKFLAG, LISTSHOWFLAG, LISTSHOWORDER, LOADFORMULA, LOCKFLAG, METADATAPATH, METADATAPROPERTY, METADATARELATION, NEWLINEFLAG, NULLFLAG, OPTIONS, PK_BILLTEMPLET, PK_BILLTEMPLET_B, PK_CORP, POS, REFTYPE, RESID, RESID_TABNAME, REVISEFLAG, SHOWFLAG, SHOWORDER, TABLE_CODE, TABLE_NAME, TOTALFLAG, TS, USERDEFFLAG, USERDEFINE1, USERDEFINE2, USERDEFINE3, USEREDITFLAG, USERFLAG, USERREVISEFLAG, USERSHOWFLAG, VALIDATEFORMULA, WIDTH) VALUES (1, -1, null, null, 0, 0, null, -1, 'N', null, -1, 'maketime', 0, 'N', 1, 'N', 'N', 9, null, 0, 'maketime', 'qcco.task_h.maketime', null, 'N', 0, null, '0001ZZ10000000003ALK', '0001ZZ10000000003AM0', '@@@@', 0, null, null, null, 'N', 0, 5, 'task_h', '任务单', 0, '2019-03-11 13:35:43', 'N', null, null, null, 1, 1, 'N', 1, null, 1);
INSERT INTO PUB_BILLTEMPLET_B (CARDFLAG, DATATYPE, DEFAULTSHOWNAME, DEFAULTVALUE, DR, EDITFLAG, EDITFORMULA, FOREGROUND, HYPERLINKFLAG, IDCOLNAME, INPUTLENGTH, ITEMKEY, ITEMTYPE, LEAFFLAG, LISTFLAG, LISTHYPERLINKFLAG, LISTSHOWFLAG, LISTSHOWORDER, LOADFORMULA, LOCKFLAG, METADATAPATH, METADATAPROPERTY, METADATARELATION, NEWLINEFLAG, NULLFLAG, OPTIONS, PK_BILLTEMPLET, PK_BILLTEMPLET_B, PK_CORP, POS, REFTYPE, RESID, RESID_TABNAME, REVISEFLAG, SHOWFLAG, SHOWORDER, TABLE_CODE, TABLE_NAME, TOTALFLAG, TS, USERDEFFLAG, USERDEFINE1, USERDEFINE2, USERDEFINE3, USEREDITFLAG, USERFLAG, USERREVISEFLAG, USERSHOWFLAG, VALIDATEFORMULA, WIDTH) VALUES (1, -1, null, null, 0, 0, null, -1, 'N', null, -1, 'lastmaketime', 0, 'N', 1, 'N', 'N', 10, null, 0, 'lastmaketime', 'qcco.task_h.lastmaketime', null, 'N', 0, null, '0001ZZ10000000003ALK', '0001ZZ10000000003AM1', '@@@@', 0, null, null, null, 'N', 0, 6, 'task_h', '任务单', 0, '2019-03-11 13:35:43', 'N', null, null, null, 1, 1, 'N', 1, null, 1);
INSERT INTO PUB_BILLTEMPLET_B (CARDFLAG, DATATYPE, DEFAULTSHOWNAME, DEFAULTVALUE, DR, EDITFLAG, EDITFORMULA, FOREGROUND, HYPERLINKFLAG, IDCOLNAME, INPUTLENGTH, ITEMKEY, ITEMTYPE, LEAFFLAG, LISTFLAG, LISTHYPERLINKFLAG, LISTSHOWFLAG, LISTSHOWORDER, LOADFORMULA, LOCKFLAG, METADATAPATH, METADATAPROPERTY, METADATARELATION, NEWLINEFLAG, NULLFLAG, OPTIONS, PK_BILLTEMPLET, PK_BILLTEMPLET_B, PK_CORP, POS, REFTYPE, RESID, RESID_TABNAME, REVISEFLAG, SHOWFLAG, SHOWORDER, TABLE_CODE, TABLE_NAME, TOTALFLAG, TS, USERDEFFLAG, USERDEFINE1, USERDEFINE2, USERDEFINE3, USEREDITFLAG, USERFLAG, USERREVISEFLAG, USERSHOWFLAG, VALIDATEFORMULA, WIDTH) VALUES (1, -1, null, null, 0, 0, null, -1, 'N', null, -1, 'billid', 0, 'N', 1, 'N', 'N', 11, null, 0, 'billid', 'qcco.task_h.billid', null, 'N', 0, null, '0001ZZ10000000003ALK', '0001ZZ10000000003AM2', '@@@@', 0, null, null, null, 'N', 0, 7, 'task_h', '任务单', 0, '2019-03-11 13:35:43', 'N', null, null, null, 1, 1, 'N', 1, null, 1);
INSERT INTO PUB_BILLTEMPLET_B (CARDFLAG, DATATYPE, DEFAULTSHOWNAME, DEFAULTVALUE, DR, EDITFLAG, EDITFORMULA, FOREGROUND, HYPERLINKFLAG, IDCOLNAME, INPUTLENGTH, ITEMKEY, ITEMTYPE, LEAFFLAG, LISTFLAG, LISTHYPERLINKFLAG, LISTSHOWFLAG, LISTSHOWORDER, LOADFORMULA, LOCKFLAG, METADATAPATH, METADATAPROPERTY, METADATARELATION, NEWLINEFLAG, NULLFLAG, OPTIONS, PK_BILLTEMPLET, PK_BILLTEMPLET_B, PK_CORP, POS, REFTYPE, RESID, RESID_TABNAME, REVISEFLAG, SHOWFLAG, SHOWORDER, TABLE_CODE, TABLE_NAME, TOTALFLAG, TS, USERDEFFLAG, USERDEFINE1, USERDEFINE2, USERDEFINE3, USEREDITFLAG, USERFLAG, USERREVISEFLAG, USERSHOWFLAG, VALIDATEFORMULA, WIDTH) VALUES (1, -1, null, null, 0, 1, null, -1, 'N', null, -1, 'ts', 0, 'N', 1, 'N', 'N', 9, null, 0, 'ts', 'qcco.task_b.ts', null, 'N', 0, null, '0001ZZ10000000003ALK', '0001ZZ10000000003AMN', '@@@@', 1, null, null, null, 'N', 0, 8, 'pk_task_b', '任务行', 0, '2019-03-11 13:35:43', 'N', null, null, null, 1, 1, 'N', 1, null, 100);
INSERT INTO PUB_BILLTEMPLET_B (CARDFLAG, DATATYPE, DEFAULTSHOWNAME, DEFAULTVALUE, DR, EDITFLAG, EDITFORMULA, FOREGROUND, HYPERLINKFLAG, IDCOLNAME, INPUTLENGTH, ITEMKEY, ITEMTYPE, LEAFFLAG, LISTFLAG, LISTHYPERLINKFLAG, LISTSHOWFLAG, LISTSHOWORDER, LOADFORMULA, LOCKFLAG, METADATAPATH, METADATAPROPERTY, METADATARELATION, NEWLINEFLAG, NULLFLAG, OPTIONS, PK_BILLTEMPLET, PK_BILLTEMPLET_B, PK_CORP, POS, REFTYPE, RESID, RESID_TABNAME, REVISEFLAG, SHOWFLAG, SHOWORDER, TABLE_CODE, TABLE_NAME, TOTALFLAG, TS, USERDEFFLAG, USERDEFINE1, USERDEFINE2, USERDEFINE3, USEREDITFLAG, USERFLAG, USERREVISEFLAG, USERSHOWFLAG, VALIDATEFORMULA, WIDTH) VALUES (1, -1, null, null, 0, 1, null, -1, 'N', null, -1, 'billno', 0, 'N', 1, 'N', 'Y', 12, null, 0, 'billno', 'qcco.task_h.billno', null, 'N', 0, null, '0001ZZ10000000003ALK', '0001ZZ10000000003AM3', '@@@@', 0, null, null, null, 'N', 1, 9, 'task_h', '任务单', 0, '2019-03-11 13:35:43', 'N', null, null, null, 1, 1, 'N', 1, null, 1);
INSERT INTO PUB_BILLTEMPLET_B (CARDFLAG, DATATYPE, DEFAULTSHOWNAME, DEFAULTVALUE, DR, EDITFLAG, EDITFORMULA, FOREGROUND, HYPERLINKFLAG, IDCOLNAME, INPUTLENGTH, ITEMKEY, ITEMTYPE, LEAFFLAG, LISTFLAG, LISTHYPERLINKFLAG, LISTSHOWFLAG, LISTSHOWORDER, LOADFORMULA, LOCKFLAG, METADATAPATH, METADATAPROPERTY, METADATARELATION, NEWLINEFLAG, NULLFLAG, OPTIONS, PK_BILLTEMPLET, PK_BILLTEMPLET_B, PK_CORP, POS, REFTYPE, RESID, RESID_TABNAME, REVISEFLAG, SHOWFLAG, SHOWORDER, TABLE_CODE, TABLE_NAME, TOTALFLAG, TS, USERDEFFLAG, USERDEFINE1, USERDEFINE2, USERDEFINE3, USEREDITFLAG, USERFLAG, USERREVISEFLAG, USERSHOWFLAG, VALIDATEFORMULA, WIDTH) VALUES (1, -1, null, null, 0, 1, null, -1, 'N', null, -1, 'pk_task_r', 0, 'N', 1, 'N', 'Y', 8, null, 0, 'pk_task_r', 'qcco.task_b.pk_task_r', null, 'N', 0, null, '0001ZZ10000000003ALK', '0001ZZ10000000003AMM', '@@@@', 1, null, null, null, 'N', 1, 7, 'pk_task_b', '任务行', 0, '2019-03-11 13:35:43', 'N', null, null, null, 1, 1, 'N', 1, null, 100);
INSERT INTO PUB_BILLTEMPLET_B (CARDFLAG, DATATYPE, DEFAULTSHOWNAME, DEFAULTVALUE, DR, EDITFLAG, EDITFORMULA, FOREGROUND, HYPERLINKFLAG, IDCOLNAME, INPUTLENGTH, ITEMKEY, ITEMTYPE, LEAFFLAG, LISTFLAG, LISTHYPERLINKFLAG, LISTSHOWFLAG, LISTSHOWORDER, LOADFORMULA, LOCKFLAG, METADATAPATH, METADATAPROPERTY, METADATARELATION, NEWLINEFLAG, NULLFLAG, OPTIONS, PK_BILLTEMPLET, PK_BILLTEMPLET_B, PK_CORP, POS, REFTYPE, RESID, RESID_TABNAME, REVISEFLAG, SHOWFLAG, SHOWORDER, TABLE_CODE, TABLE_NAME, TOTALFLAG, TS, USERDEFFLAG, USERDEFINE1, USERDEFINE2, USERDEFINE3, USEREDITFLAG, USERFLAG, USERREVISEFLAG, USERSHOWFLAG, VALIDATEFORMULA, WIDTH) VALUES (1, -1, null, null, 0, 0, null, -1, 'N', null, -1, 'busitype', 0, 'N', 1, 'N', 'N', 13, null, 0, 'busitype', 'qcco.task_h.busitype', null, 'N', 0, null, '0001ZZ10000000003ALK', '0001ZZ10000000003AM4', '@@@@', 0, null, null, null, 'N', 0, 8, 'task_h', '任务单', 0, '2019-03-11 13:35:43', 'N', null, null, null, 1, 1, 'N', 1, null, 1);
INSERT INTO PUB_BILLTEMPLET_B (CARDFLAG, DATATYPE, DEFAULTSHOWNAME, DEFAULTVALUE, DR, EDITFLAG, EDITFORMULA, FOREGROUND, HYPERLINKFLAG, IDCOLNAME, INPUTLENGTH, ITEMKEY, ITEMTYPE, LEAFFLAG, LISTFLAG, LISTHYPERLINKFLAG, LISTSHOWFLAG, LISTSHOWORDER, LOADFORMULA, LOCKFLAG, METADATAPATH, METADATAPROPERTY, METADATARELATION, NEWLINEFLAG, NULLFLAG, OPTIONS, PK_BILLTEMPLET, PK_BILLTEMPLET_B, PK_CORP, POS, REFTYPE, RESID, RESID_TABNAME, REVISEFLAG, SHOWFLAG, SHOWORDER, TABLE_CODE, TABLE_NAME, TOTALFLAG, TS, USERDEFFLAG, USERDEFINE1, USERDEFINE2, USERDEFINE3, USEREDITFLAG, USERFLAG, USERREVISEFLAG, USERSHOWFLAG, VALIDATEFORMULA, WIDTH) VALUES (1, -1, null, null, 0, 0, null, -1, 'N', null, -1, 'approvestatus', 0, 'N', 1, 'N', 'Y', 14, null, 0, 'approvestatus', 'qcco.task_h.approvestatus', null, 'N', 0, null, '0001ZZ10000000003ALK', '0001ZZ10000000003AM5', '@@@@', 0, null, null, null, 'N', 1, 10, 'task_h', '任务单', 0, '2019-03-11 13:35:43', 'N', null, null, null, 1, 1, 'N', 1, null, 1);
INSERT INTO PUB_BILLTEMPLET_B (CARDFLAG, DATATYPE, DEFAULTSHOWNAME, DEFAULTVALUE, DR, EDITFLAG, EDITFORMULA, FOREGROUND, HYPERLINKFLAG, IDCOLNAME, INPUTLENGTH, ITEMKEY, ITEMTYPE, LEAFFLAG, LISTFLAG, LISTHYPERLINKFLAG, LISTSHOWFLAG, LISTSHOWORDER, LOADFORMULA, LOCKFLAG, METADATAPATH, METADATAPROPERTY, METADATARELATION, NEWLINEFLAG, NULLFLAG, OPTIONS, PK_BILLTEMPLET, PK_BILLTEMPLET_B, PK_CORP, POS, REFTYPE, RESID, RESID_TABNAME, REVISEFLAG, SHOWFLAG, SHOWORDER, TABLE_CODE, TABLE_NAME, TOTALFLAG, TS, USERDEFFLAG, USERDEFINE1, USERDEFINE2, USERDEFINE3, USEREDITFLAG, USERFLAG, USERREVISEFLAG, USERSHOWFLAG, VALIDATEFORMULA, WIDTH) VALUES (1, -1, null, null, 0, 1, null, -1, 'N', null, -1, 'approvenote', 0, 'N', 1, 'N', 'Y', 15, null, 0, 'approvenote', 'qcco.task_h.approvenote', null, 'N', 0, null, '0001ZZ10000000003ALK', '0001ZZ10000000003AM6', '@@@@', 0, null, null, null, 'N', 1, 11, 'task_h', '任务单', 0, '2019-03-11 13:35:43', 'N', null, null, null, 1, 1, 'N', 1, null, 1);
INSERT INTO PUB_BILLTEMPLET_B (CARDFLAG, DATATYPE, DEFAULTSHOWNAME, DEFAULTVALUE, DR, EDITFLAG, EDITFORMULA, FOREGROUND, HYPERLINKFLAG, IDCOLNAME, INPUTLENGTH, ITEMKEY, ITEMTYPE, LEAFFLAG, LISTFLAG, LISTHYPERLINKFLAG, LISTSHOWFLAG, LISTSHOWORDER, LOADFORMULA, LOCKFLAG, METADATAPATH, METADATAPROPERTY, METADATARELATION, NEWLINEFLAG, NULLFLAG, OPTIONS, PK_BILLTEMPLET, PK_BILLTEMPLET_B, PK_CORP, POS, REFTYPE, RESID, RESID_TABNAME, REVISEFLAG, SHOWFLAG, SHOWORDER, TABLE_CODE, TABLE_NAME, TOTALFLAG, TS, USERDEFFLAG, USERDEFINE1, USERDEFINE2, USERDEFINE3, USEREDITFLAG, USERFLAG, USERREVISEFLAG, USERSHOWFLAG, VALIDATEFORMULA, WIDTH) VALUES (1, -1, null, null, 0, 0, null, -1, 'N', null, -1, 'transtype', 0, 'N', 1, 'N', 'N', 16, null, 0, 'transtype', 'qcco.task_h.transtype', null, 'N', 0, null, '0001ZZ10000000003ALK', '0001ZZ10000000003AM7', '@@@@', 0, null, null, null, 'N', 0, 12, 'task_h', '任务单', 0, '2019-03-11 13:35:43', 'N', null, null, null, 1, 1, 'N', 1, null, 1);
INSERT INTO PUB_BILLTEMPLET_B (CARDFLAG, DATATYPE, DEFAULTSHOWNAME, DEFAULTVALUE, DR, EDITFLAG, EDITFORMULA, FOREGROUND, HYPERLINKFLAG, IDCOLNAME, INPUTLENGTH, ITEMKEY, ITEMTYPE, LEAFFLAG, LISTFLAG, LISTHYPERLINKFLAG, LISTSHOWFLAG, LISTSHOWORDER, LOADFORMULA, LOCKFLAG, METADATAPATH, METADATAPROPERTY, METADATARELATION, NEWLINEFLAG, NULLFLAG, OPTIONS, PK_BILLTEMPLET, PK_BILLTEMPLET_B, PK_CORP, POS, REFTYPE, RESID, RESID_TABNAME, REVISEFLAG, SHOWFLAG, SHOWORDER, TABLE_CODE, TABLE_NAME, TOTALFLAG, TS, USERDEFFLAG, USERDEFINE1, USERDEFINE2, USERDEFINE3, USEREDITFLAG, USERFLAG, USERREVISEFLAG, USERSHOWFLAG, VALIDATEFORMULA, WIDTH) VALUES (1, -1, null, null, 0, 0, null, -1, 'N', null, -1, 'billtype', 0, 'N', 1, 'N', 'N', 17, null, 0, 'billtype', 'qcco.task_h.billtype', null, 'N', 0, null, '0001ZZ10000000003ALK', '0001ZZ10000000003AM8', '@@@@', 0, null, null, null, 'N', 0, 13, 'task_h', '任务单', 0, '2019-03-11 13:35:43', 'N', null, null, null, 1, 1, 'N', 1, null, 1);
INSERT INTO PUB_BILLTEMPLET_B (CARDFLAG, DATATYPE, DEFAULTSHOWNAME, DEFAULTVALUE, DR, EDITFLAG, EDITFORMULA, FOREGROUND, HYPERLINKFLAG, IDCOLNAME, INPUTLENGTH, ITEMKEY, ITEMTYPE, LEAFFLAG, LISTFLAG, LISTHYPERLINKFLAG, LISTSHOWFLAG, LISTSHOWORDER, LOADFORMULA, LOCKFLAG, METADATAPATH, METADATAPROPERTY, METADATARELATION, NEWLINEFLAG, NULLFLAG, OPTIONS, PK_BILLTEMPLET, PK_BILLTEMPLET_B, PK_CORP, POS, REFTYPE, RESID, RESID_TABNAME, REVISEFLAG, SHOWFLAG, SHOWORDER, TABLE_CODE, TABLE_NAME, TOTALFLAG, TS, USERDEFFLAG, USERDEFINE1, USERDEFINE2, USERDEFINE3, USEREDITFLAG, USERFLAG, USERREVISEFLAG, USERSHOWFLAG, VALIDATEFORMULA, WIDTH) VALUES (1, -1, null, null, 0, 0, null, -1, 'N', null, -1, 'transtypepk', 0, 'N', 1, 'N', 'N', 18, null, 0, 'transtypepk', 'qcco.task_h.transtypepk', null, 'N', 0, null, '0001ZZ10000000003ALK', '0001ZZ10000000003AM9', '@@@@', 0, null, null, null, 'N', 0, 14, 'task_h', '任务单', 0, '2019-03-11 13:35:43', 'N', null, null, null, 1, 1, 'N', 1, null, 1);
INSERT INTO PUB_BILLTEMPLET_B (CARDFLAG, DATATYPE, DEFAULTSHOWNAME, DEFAULTVALUE, DR, EDITFLAG, EDITFORMULA, FOREGROUND, HYPERLINKFLAG, IDCOLNAME, INPUTLENGTH, ITEMKEY, ITEMTYPE, LEAFFLAG, LISTFLAG, LISTHYPERLINKFLAG, LISTSHOWFLAG, LISTSHOWORDER, LOADFORMULA, LOCKFLAG, METADATAPATH, METADATAPROPERTY, METADATARELATION, NEWLINEFLAG, NULLFLAG, OPTIONS, PK_BILLTEMPLET, PK_BILLTEMPLET_B, PK_CORP, POS, REFTYPE, RESID, RESID_TABNAME, REVISEFLAG, SHOWFLAG, SHOWORDER, TABLE_CODE, TABLE_NAME, TOTALFLAG, TS, USERDEFFLAG, USERDEFINE1, USERDEFINE2, USERDEFINE3, USEREDITFLAG, USERFLAG, USERREVISEFLAG, USERSHOWFLAG, VALIDATEFORMULA, WIDTH) VALUES (1, -1, null, null, 0, 0, null, -1, 'N', null, -1, 'srcbilltype', 0, 'N', 1, 'N', 'N', 19, null, 0, 'srcbilltype', 'qcco.task_h.srcbilltype', null, 'N', 0, null, '0001ZZ10000000003ALK', '0001ZZ10000000003AMA', '@@@@', 0, null, null, null, 'N', 0, 15, 'task_h', '任务单', 0, '2019-03-11 13:35:43', 'N', null, null, null, 1, 1, 'N', 1, null, 1);
INSERT INTO PUB_BILLTEMPLET_B (CARDFLAG, DATATYPE, DEFAULTSHOWNAME, DEFAULTVALUE, DR, EDITFLAG, EDITFORMULA, FOREGROUND, HYPERLINKFLAG, IDCOLNAME, INPUTLENGTH, ITEMKEY, ITEMTYPE, LEAFFLAG, LISTFLAG, LISTHYPERLINKFLAG, LISTSHOWFLAG, LISTSHOWORDER, LOADFORMULA, LOCKFLAG, METADATAPATH, METADATAPROPERTY, METADATARELATION, NEWLINEFLAG, NULLFLAG, OPTIONS, PK_BILLTEMPLET, PK_BILLTEMPLET_B, PK_CORP, POS, REFTYPE, RESID, RESID_TABNAME, REVISEFLAG, SHOWFLAG, SHOWORDER, TABLE_CODE, TABLE_NAME, TOTALFLAG, TS, USERDEFFLAG, USERDEFINE1, USERDEFINE2, USERDEFINE3, USEREDITFLAG, USERFLAG, USERREVISEFLAG, USERSHOWFLAG, VALIDATEFORMULA, WIDTH) VALUES (1, -1, null, null, 0, 0, null, -1, 'N', null, -1, 'srcbillid', 0, 'N', 1, 'N', 'N', 20, null, 0, 'srcbillid', 'qcco.task_h.srcbillid', null, 'N', 0, null, '0001ZZ10000000003ALK', '0001ZZ10000000003AMB', '@@@@', 0, null, null, null, 'N', 0, 16, 'task_h', '任务单', 0, '2019-03-11 13:35:43', 'N', null, null, null, 1, 1, 'N', 1, null, 1);
INSERT INTO PUB_BILLTEMPLET_B (CARDFLAG, DATATYPE, DEFAULTSHOWNAME, DEFAULTVALUE, DR, EDITFLAG, EDITFORMULA, FOREGROUND, HYPERLINKFLAG, IDCOLNAME, INPUTLENGTH, ITEMKEY, ITEMTYPE, LEAFFLAG, LISTFLAG, LISTHYPERLINKFLAG, LISTSHOWFLAG, LISTSHOWORDER, LOADFORMULA, LOCKFLAG, METADATAPATH, METADATAPROPERTY, METADATARELATION, NEWLINEFLAG, NULLFLAG, OPTIONS, PK_BILLTEMPLET, PK_BILLTEMPLET_B, PK_CORP, POS, REFTYPE, RESID, RESID_TABNAME, REVISEFLAG, SHOWFLAG, SHOWORDER, TABLE_CODE, TABLE_NAME, TOTALFLAG, TS, USERDEFFLAG, USERDEFINE1, USERDEFINE2, USERDEFINE3, USEREDITFLAG, USERFLAG, USERREVISEFLAG, USERSHOWFLAG, VALIDATEFORMULA, WIDTH) VALUES (1, -1, null, null, 0, 0, null, -1, 'N', null, -1, 'emendenum', 0, 'N', 1, 'N', 'N', 21, null, 0, 'emendenum', 'qcco.task_h.emendenum', null, 'N', 0, null, '0001ZZ10000000003ALK', '0001ZZ10000000003AMC', '@@@@', 0, null, null, null, 'N', 0, 17, 'task_h', '任务单', 0, '2019-03-11 13:35:43', 'N', null, null, null, 1, 1, 'N', 1, null, 1);
INSERT INTO PUB_BILLTEMPLET_B (CARDFLAG, DATATYPE, DEFAULTSHOWNAME, DEFAULTVALUE, DR, EDITFLAG, EDITFORMULA, FOREGROUND, HYPERLINKFLAG, IDCOLNAME, INPUTLENGTH, ITEMKEY, ITEMTYPE, LEAFFLAG, LISTFLAG, LISTHYPERLINKFLAG, LISTSHOWFLAG, LISTSHOWORDER, LOADFORMULA, LOCKFLAG, METADATAPATH, METADATAPROPERTY, METADATARELATION, NEWLINEFLAG, NULLFLAG, OPTIONS, PK_BILLTEMPLET, PK_BILLTEMPLET_B, PK_CORP, POS, REFTYPE, RESID, RESID_TABNAME, REVISEFLAG, SHOWFLAG, SHOWORDER, TABLE_CODE, TABLE_NAME, TOTALFLAG, TS, USERDEFFLAG, USERDEFINE1, USERDEFINE2, USERDEFINE3, USEREDITFLAG, USERFLAG, USERREVISEFLAG, USERSHOWFLAG, VALIDATEFORMULA, WIDTH) VALUES (1, -1, null, null, 0, 0, null, -1, 'N', null, -1, 'billversionpk', 0, 'N', 1, 'N', 'N', 22, null, 0, 'billversionpk', 'qcco.task_h.billversionpk', null, 'N', 0, null, '0001ZZ10000000003ALK', '0001ZZ10000000003AMD', '@@@@', 0, null, null, null, 'N', 0, 18, 'task_h', '任务单', 0, '2019-03-11 13:35:43', 'N', null, null, null, 1, 1, 'N', 1, null, 1);
INSERT INTO PUB_BILLTEMPLET_B (CARDFLAG, DATATYPE, DEFAULTSHOWNAME, DEFAULTVALUE, DR, EDITFLAG, EDITFORMULA, FOREGROUND, HYPERLINKFLAG, IDCOLNAME, INPUTLENGTH, ITEMKEY, ITEMTYPE, LEAFFLAG, LISTFLAG, LISTHYPERLINKFLAG, LISTSHOWFLAG, LISTSHOWORDER, LOADFORMULA, LOCKFLAG, METADATAPATH, METADATAPROPERTY, METADATARELATION, NEWLINEFLAG, NULLFLAG, OPTIONS, PK_BILLTEMPLET, PK_BILLTEMPLET_B, PK_CORP, POS, REFTYPE, RESID, RESID_TABNAME, REVISEFLAG, SHOWFLAG, SHOWORDER, TABLE_CODE, TABLE_NAME, TOTALFLAG, TS, USERDEFFLAG, USERDEFINE1, USERDEFINE2, USERDEFINE3, USEREDITFLAG, USERFLAG, USERREVISEFLAG, USERSHOWFLAG, VALIDATEFORMULA, WIDTH) VALUES (1, -1, null, null, 0, 1, null, -1, 'N', null, -1, 'ts', 0, 'N', 1, 'N', 'N', 23, null, 0, 'ts', 'qcco.task_h.ts', null, 'N', 0, null, '0001ZZ10000000003ALK', '0001ZZ10000000003AME', '@@@@', 0, null, null, null, 'N', 0, 19, 'task_h', '任务单', 0, '2019-03-11 13:35:43', 'N', null, null, null, 1, 1, 'N', 1, null, 1);
INSERT INTO PUB_BILLTEMPLET_B (CARDFLAG, DATATYPE, DEFAULTSHOWNAME, DEFAULTVALUE, DR, EDITFLAG, EDITFORMULA, FOREGROUND, HYPERLINKFLAG, IDCOLNAME, INPUTLENGTH, ITEMKEY, ITEMTYPE, LEAFFLAG, LISTFLAG, LISTHYPERLINKFLAG, LISTSHOWFLAG, LISTSHOWORDER, LOADFORMULA, LOCKFLAG, METADATAPATH, METADATAPROPERTY, METADATARELATION, NEWLINEFLAG, NULLFLAG, OPTIONS, PK_BILLTEMPLET, PK_BILLTEMPLET_B, PK_CORP, POS, REFTYPE, RESID, RESID_TABNAME, REVISEFLAG, SHOWFLAG, SHOWORDER, TABLE_CODE, TABLE_NAME, TOTALFLAG, TS, USERDEFFLAG, USERDEFINE1, USERDEFINE2, USERDEFINE3, USEREDITFLAG, USERFLAG, USERREVISEFLAG, USERSHOWFLAG, VALIDATEFORMULA, WIDTH) VALUES (1, -1, null, null, 0, 1, null, -1, 'N', null, -1, 'pk_task_b', 0, 'N', 1, 'N', 'N', 1, null, 0, 'pk_task_b', 'qcco.task_b.pk_task_b', null, 'N', 0, null, '0001ZZ10000000003ALK', '0001ZZ10000000003AMF', '@@@@', 1, null, null, null, 'N', 0, 1, 'pk_task_b', '任务行', 0, '2019-03-11 13:35:43', 'N', null, null, null, 1, 1, 'N', 1, null, 100);
INSERT INTO PUB_BILLTEMPLET_B (CARDFLAG, DATATYPE, DEFAULTSHOWNAME, DEFAULTVALUE, DR, EDITFLAG, EDITFORMULA, FOREGROUND, HYPERLINKFLAG, IDCOLNAME, INPUTLENGTH, ITEMKEY, ITEMTYPE, LEAFFLAG, LISTFLAG, LISTHYPERLINKFLAG, LISTSHOWFLAG, LISTSHOWORDER, LOADFORMULA, LOCKFLAG, METADATAPATH, METADATAPROPERTY, METADATARELATION, NEWLINEFLAG, NULLFLAG, OPTIONS, PK_BILLTEMPLET, PK_BILLTEMPLET_B, PK_CORP, POS, REFTYPE, RESID, RESID_TABNAME, REVISEFLAG, SHOWFLAG, SHOWORDER, TABLE_CODE, TABLE_NAME, TOTALFLAG, TS, USERDEFFLAG, USERDEFINE1, USERDEFINE2, USERDEFINE3, USEREDITFLAG, USERFLAG, USERREVISEFLAG, USERSHOWFLAG, VALIDATEFORMULA, WIDTH) VALUES (1, -1, null, null, 0, 1, null, -1, 'N', null, -1, 'taskcode', 0, 'N', 1, 'N', 'Y', 2, null, 0, 'taskcode', 'qcco.task_b.taskcode', null, 'N', 0, null, '0001ZZ10000000003ALK', '0001ZZ10000000003AMG', '@@@@', 1, null, null, null, 'N', 1, 2, 'pk_task_b', '任务行', 0, '2019-03-11 13:35:43', 'N', null, null, null, 1, 1, 'N', 1, null, 100);
INSERT INTO PUB_BILLTEMPLET_B (CARDFLAG, DATATYPE, DEFAULTSHOWNAME, DEFAULTVALUE, DR, EDITFLAG, EDITFORMULA, FOREGROUND, HYPERLINKFLAG, IDCOLNAME, INPUTLENGTH, ITEMKEY, ITEMTYPE, LEAFFLAG, LISTFLAG, LISTHYPERLINKFLAG, LISTSHOWFLAG, LISTSHOWORDER, LOADFORMULA, LOCKFLAG, METADATAPATH, METADATAPROPERTY, METADATARELATION, NEWLINEFLAG, NULLFLAG, OPTIONS, PK_BILLTEMPLET, PK_BILLTEMPLET_B, PK_CORP, POS, REFTYPE, RESID, RESID_TABNAME, REVISEFLAG, SHOWFLAG, SHOWORDER, TABLE_CODE, TABLE_NAME, TOTALFLAG, TS, USERDEFFLAG, USERDEFINE1, USERDEFINE2, USERDEFINE3, USEREDITFLAG, USERFLAG, USERREVISEFLAG, USERSHOWFLAG, VALIDATEFORMULA, WIDTH) VALUES (1, -1, null, null, 0, 1, null, -1, 'N', null, -1, 'taskname', 0, 'N', 1, 'N', 'Y', 3, null, 0, 'taskname', 'qcco.task_b.taskname', null, 'N', 0, null, '0001ZZ10000000003ALK', '0001ZZ10000000003AMH', '@@@@', 1, null, null, null, 'N', 1, 3, 'pk_task_b', '任务行', 0, '2019-03-11 13:35:43', 'N', null, null, null, 1, 1, 'N', 1, null, 100);
INSERT INTO PUB_BILLTEMPLET_B (CARDFLAG, DATATYPE, DEFAULTSHOWNAME, DEFAULTVALUE, DR, EDITFLAG, EDITFORMULA, FOREGROUND, HYPERLINKFLAG, IDCOLNAME, INPUTLENGTH, ITEMKEY, ITEMTYPE, LEAFFLAG, LISTFLAG, LISTHYPERLINKFLAG, LISTSHOWFLAG, LISTSHOWORDER, LOADFORMULA, LOCKFLAG, METADATAPATH, METADATAPROPERTY, METADATARELATION, NEWLINEFLAG, NULLFLAG, OPTIONS, PK_BILLTEMPLET, PK_BILLTEMPLET_B, PK_CORP, POS, REFTYPE, RESID, RESID_TABNAME, REVISEFLAG, SHOWFLAG, SHOWORDER, TABLE_CODE, TABLE_NAME, TOTALFLAG, TS, USERDEFFLAG, USERDEFINE1, USERDEFINE2, USERDEFINE3, USEREDITFLAG, USERFLAG, USERREVISEFLAG, USERSHOWFLAG, VALIDATEFORMULA, WIDTH) VALUES (1, -1, null, null, 0, 1, null, -1, 'N', null, -1, 'samplequantity', 0, 'N', 1, 'N', 'Y', 4, null, 0, 'samplequantity', 'qcco.task_b.samplequantity', null, 'N', 0, null, '0001ZZ10000000003ALK', '0001ZZ10000000003AMI', '@@@@', 1, null, null, null, 'N', 1, 4, 'pk_task_b', '任务行', 0, '2019-03-11 13:35:43', 'N', null, null, null, 1, 1, 'N', 1, null, 100);
INSERT INTO PUB_BILLTEMPLET_B (CARDFLAG, DATATYPE, DEFAULTSHOWNAME, DEFAULTVALUE, DR, EDITFLAG, EDITFORMULA, FOREGROUND, HYPERLINKFLAG, IDCOLNAME, INPUTLENGTH, ITEMKEY, ITEMTYPE, LEAFFLAG, LISTFLAG, LISTHYPERLINKFLAG, LISTSHOWFLAG, LISTSHOWORDER, LOADFORMULA, LOCKFLAG, METADATAPATH, METADATAPROPERTY, METADATARELATION, NEWLINEFLAG, NULLFLAG, OPTIONS, PK_BILLTEMPLET, PK_BILLTEMPLET_B, PK_CORP, POS, REFTYPE, RESID, RESID_TABNAME, REVISEFLAG, SHOWFLAG, SHOWORDER, TABLE_CODE, TABLE_NAME, TOTALFLAG, TS, USERDEFFLAG, USERDEFINE1, USERDEFINE2, USERDEFINE3, USEREDITFLAG, USERFLAG, USERREVISEFLAG, USERSHOWFLAG, VALIDATEFORMULA, WIDTH) VALUES (1, -1, null, null, 0, 1, null, -1, 'N', null, -1, 'runorder', 0, 'N', 1, 'N', 'Y', 5, null, 0, 'runorder', 'qcco.task_b.runorder', null, 'N', 0, null, '0001ZZ10000000003ALK', '0001ZZ10000000003AMJ', '@@@@', 1, null, null, null, 'N', 1, 5, 'pk_task_b', '任务行', 0, '2019-03-11 13:35:43', 'N', null, null, null, 1, 1, 'N', 1, null, 100);
INSERT INTO PUB_BILLTEMPLET_B (CARDFLAG, DATATYPE, DEFAULTSHOWNAME, DEFAULTVALUE, DR, EDITFLAG, EDITFORMULA, FOREGROUND, HYPERLINKFLAG, IDCOLNAME, INPUTLENGTH, ITEMKEY, ITEMTYPE, LEAFFLAG, LISTFLAG, LISTHYPERLINKFLAG, LISTSHOWFLAG, LISTSHOWORDER, LOADFORMULA, LOCKFLAG, METADATAPATH, METADATAPROPERTY, METADATARELATION, NEWLINEFLAG, NULLFLAG, OPTIONS, PK_BILLTEMPLET, PK_BILLTEMPLET_B, PK_CORP, POS, REFTYPE, RESID, RESID_TABNAME, REVISEFLAG, SHOWFLAG, SHOWORDER, TABLE_CODE, TABLE_NAME, TOTALFLAG, TS, USERDEFFLAG, USERDEFINE1, USERDEFINE2, USERDEFINE3, USEREDITFLAG, USERFLAG, USERREVISEFLAG, USERSHOWFLAG, VALIDATEFORMULA, WIDTH) VALUES (1, -1, null, null, 0, 1, null, -1, 'N', null, -1, 'rowno', 0, 'N', 1, 'N', 'Y', 6, null, 0, 'rowno', 'qcco.task_b.rowno', null, 'N', 0, null, '0001ZZ10000000003ALK', '0001ZZ10000000003AMK', '@@@@', 1, null, null, null, 'N', 1, 6, 'pk_task_b', '任务行', 0, '2019-03-11 13:35:43', 'N', null, null, null, 1, 1, 'N', 1, null, 100);
INSERT INTO PUB_BILLTEMPLET_B (CARDFLAG, DATATYPE, DEFAULTSHOWNAME, DEFAULTVALUE, DR, EDITFLAG, EDITFORMULA, FOREGROUND, HYPERLINKFLAG, IDCOLNAME, INPUTLENGTH, ITEMKEY, ITEMTYPE, LEAFFLAG, LISTFLAG, LISTHYPERLINKFLAG, LISTSHOWFLAG, LISTSHOWORDER, LOADFORMULA, LOCKFLAG, METADATAPATH, METADATAPROPERTY, METADATARELATION, NEWLINEFLAG, NULLFLAG, OPTIONS, PK_BILLTEMPLET, PK_BILLTEMPLET_B, PK_CORP, POS, REFTYPE, RESID, RESID_TABNAME, REVISEFLAG, SHOWFLAG, SHOWORDER, TABLE_CODE, TABLE_NAME, TOTALFLAG, TS, USERDEFFLAG, USERDEFINE1, USERDEFINE2, USERDEFINE3, USEREDITFLAG, USERFLAG, USERREVISEFLAG, USERSHOWFLAG, VALIDATEFORMULA, WIDTH) VALUES (1, -1, null, null, 0, 1, null, -1, 'N', null, -1, 'pk_task_h', 0, 'N', 1, 'N', 'N', 1, null, 0, 'pk_task_h', 'qcco.task_h.pk_task_h', null, 'N', 0, null, '0001ZZ10000000003ALK', '0001ZZ10000000003ALS', '@@@@', 0, null, null, null, 'N', 0, 0, 'task_h', '任务单', 0, '2019-03-11 13:35:43', 'N', null, null, null, 1, 1, 'N', 1, null, 1);
INSERT INTO PUB_BILLTEMPLET_B (CARDFLAG, DATATYPE, DEFAULTSHOWNAME, DEFAULTVALUE, DR, EDITFLAG, EDITFORMULA, FOREGROUND, HYPERLINKFLAG, IDCOLNAME, INPUTLENGTH, ITEMKEY, ITEMTYPE, LEAFFLAG, LISTFLAG, LISTHYPERLINKFLAG, LISTSHOWFLAG, LISTSHOWORDER, LOADFORMULA, LOCKFLAG, METADATAPATH, METADATAPROPERTY, METADATARELATION, NEWLINEFLAG, NULLFLAG, OPTIONS, PK_BILLTEMPLET, PK_BILLTEMPLET_B, PK_CORP, POS, REFTYPE, RESID, RESID_TABNAME, REVISEFLAG, SHOWFLAG, SHOWORDER, TABLE_CODE, TABLE_NAME, TOTALFLAG, TS, USERDEFFLAG, USERDEFINE1, USERDEFINE2, USERDEFINE3, USEREDITFLAG, USERFLAG, USERREVISEFLAG, USERSHOWFLAG, VALIDATEFORMULA, WIDTH) VALUES (1, -1, null, null, 0, 1, null, -1, 'N', null, -1, 'stdmaxvalue', 0, 'N', 1, 'N', 'Y', 3, null, 0, 'stdmaxvalue', 'qcco.task_r.stdmaxvalue', null, 'N', 0, null, '1001ZZ10000000002IA9', '1001ZZ10000000002IAA', '@@@@', 1, null, null, null, 'N', 1, 3, 'pk_task_r', 'pk_task_r', 0, '2019-03-11 02:10:14', 'N', null, null, null, 1, 1, 'N', 1, null, 100);
INSERT INTO PUB_BILLTEMPLET_B (CARDFLAG, DATATYPE, DEFAULTSHOWNAME, DEFAULTVALUE, DR, EDITFLAG, EDITFORMULA, FOREGROUND, HYPERLINKFLAG, IDCOLNAME, INPUTLENGTH, ITEMKEY, ITEMTYPE, LEAFFLAG, LISTFLAG, LISTHYPERLINKFLAG, LISTSHOWFLAG, LISTSHOWORDER, LOADFORMULA, LOCKFLAG, METADATAPATH, METADATAPROPERTY, METADATARELATION, NEWLINEFLAG, NULLFLAG, OPTIONS, PK_BILLTEMPLET, PK_BILLTEMPLET_B, PK_CORP, POS, REFTYPE, RESID, RESID_TABNAME, REVISEFLAG, SHOWFLAG, SHOWORDER, TABLE_CODE, TABLE_NAME, TOTALFLAG, TS, USERDEFFLAG, USERDEFINE1, USERDEFINE2, USERDEFINE3, USEREDITFLAG, USERFLAG, USERREVISEFLAG, USERSHOWFLAG, VALIDATEFORMULA, WIDTH) VALUES (1, -1, null, null, 0, 1, null, -1, 'N', null, -1, 'judgeflag', 0, 'N', 1, 'N', 'Y', 6, null, 0, 'judgeflag', 'qcco.task_r.judgeflag', null, 'N', 0, null, '1001ZZ10000000002IA9', '1001ZZ10000000002IAB', '@@@@', 1, null, null, null, 'N', 1, 6, 'pk_task_r', 'pk_task_r', 0, '2019-03-11 02:10:14', 'N', null, null, null, 1, 1, 'N', 1, null, 100);
INSERT INTO PUB_BILLTEMPLET_B (CARDFLAG, DATATYPE, DEFAULTSHOWNAME, DEFAULTVALUE, DR, EDITFLAG, EDITFORMULA, FOREGROUND, HYPERLINKFLAG, IDCOLNAME, INPUTLENGTH, ITEMKEY, ITEMTYPE, LEAFFLAG, LISTFLAG, LISTHYPERLINKFLAG, LISTSHOWFLAG, LISTSHOWORDER, LOADFORMULA, LOCKFLAG, METADATAPATH, METADATAPROPERTY, METADATARELATION, NEWLINEFLAG, NULLFLAG, OPTIONS, PK_BILLTEMPLET, PK_BILLTEMPLET_B, PK_CORP, POS, REFTYPE, RESID, RESID_TABNAME, REVISEFLAG, SHOWFLAG, SHOWORDER, TABLE_CODE, TABLE_NAME, TOTALFLAG, TS, USERDEFFLAG, USERDEFINE1, USERDEFINE2, USERDEFINE3, USEREDITFLAG, USERFLAG, USERREVISEFLAG, USERSHOWFLAG, VALIDATEFORMULA, WIDTH) VALUES (1, -1, null, null, 0, 1, null, -1, 'N', null, -1, 'ts', 0, 'N', 1, 'N', 'N', 2, null, 0, 'ts', 'qcco.task_s.ts', null, 'N', 0, null, '1001ZZ10000000002IA9', '1001ZZ10000000002IAC', '@@@@', 1, null, null, null, 'N', 0, 2, 'pk_task_s', '样品行主键', 0, '2019-03-11 02:10:14', 'N', null, null, null, 1, 1, 'N', 1, null, 100);
INSERT INTO PUB_BILLTEMPLET_B (CARDFLAG, DATATYPE, DEFAULTSHOWNAME, DEFAULTVALUE, DR, EDITFLAG, EDITFORMULA, FOREGROUND, HYPERLINKFLAG, IDCOLNAME, INPUTLENGTH, ITEMKEY, ITEMTYPE, LEAFFLAG, LISTFLAG, LISTHYPERLINKFLAG, LISTSHOWFLAG, LISTSHOWORDER, LOADFORMULA, LOCKFLAG, METADATAPATH, METADATAPROPERTY, METADATARELATION, NEWLINEFLAG, NULLFLAG, OPTIONS, PK_BILLTEMPLET, PK_BILLTEMPLET_B, PK_CORP, POS, REFTYPE, RESID, RESID_TABNAME, REVISEFLAG, SHOWFLAG, SHOWORDER, TABLE_CODE, TABLE_NAME, TOTALFLAG, TS, USERDEFFLAG, USERDEFINE1, USERDEFINE2, USERDEFINE3, USEREDITFLAG, USERFLAG, USERREVISEFLAG, USERSHOWFLAG, VALIDATEFORMULA, WIDTH) VALUES (1, -1, null, null, 0, 1, null, -1, 'N', null, -1, 'stdminvalue', 0, 'N', 1, 'N', 'Y', 2, null, 0, 'stdminvalue', 'qcco.task_r.stdminvalue', null, 'N', 0, null, '1001ZZ10000000002IA9', '1001ZZ10000000002IAD', '@@@@', 1, null, null, null, 'N', 1, 2, 'pk_task_r', 'pk_task_r', 0, '2019-03-11 02:10:14', 'N', null, null, null, 1, 1, 'N', 1, null, 100);
INSERT INTO PUB_BILLTEMPLET_B (CARDFLAG, DATATYPE, DEFAULTSHOWNAME, DEFAULTVALUE, DR, EDITFLAG, EDITFORMULA, FOREGROUND, HYPERLINKFLAG, IDCOLNAME, INPUTLENGTH, ITEMKEY, ITEMTYPE, LEAFFLAG, LISTFLAG, LISTHYPERLINKFLAG, LISTSHOWFLAG, LISTSHOWORDER, LOADFORMULA, LOCKFLAG, METADATAPATH, METADATAPROPERTY, METADATARELATION, NEWLINEFLAG, NULLFLAG, OPTIONS, PK_BILLTEMPLET, PK_BILLTEMPLET_B, PK_CORP, POS, REFTYPE, RESID, RESID_TABNAME, REVISEFLAG, SHOWFLAG, SHOWORDER, TABLE_CODE, TABLE_NAME, TOTALFLAG, TS, USERDEFFLAG, USERDEFINE1, USERDEFINE2, USERDEFINE3, USEREDITFLAG, USERFLAG, USERREVISEFLAG, USERSHOWFLAG, VALIDATEFORMULA, WIDTH) VALUES (1, -1, null, null, 0, 1, null, -1, 'N', null, -1, 'pk_unit', 0, 'N', 1, 'N', 'Y', 4, null, 0, 'pk_unit', 'qcco.task_r.pk_unit', null, 'N', 0, null, '1001ZZ10000000002IA9', '1001ZZ10000000002IAE', '@@@@', 1, null, null, null, 'N', 1, 4, 'pk_task_r', 'pk_task_r', 0, '2019-03-11 02:10:14', 'N', null, null, null, 1, 1, 'N', 1, null, 100);
INSERT INTO PUB_BILLTEMPLET_B (CARDFLAG, DATATYPE, DEFAULTSHOWNAME, DEFAULTVALUE, DR, EDITFLAG, EDITFORMULA, FOREGROUND, HYPERLINKFLAG, IDCOLNAME, INPUTLENGTH, ITEMKEY, ITEMTYPE, LEAFFLAG, LISTFLAG, LISTHYPERLINKFLAG, LISTSHOWFLAG, LISTSHOWORDER, LOADFORMULA, LOCKFLAG, METADATAPATH, METADATAPROPERTY, METADATARELATION, NEWLINEFLAG, NULLFLAG, OPTIONS, PK_BILLTEMPLET, PK_BILLTEMPLET_B, PK_CORP, POS, REFTYPE, RESID, RESID_TABNAME, REVISEFLAG, SHOWFLAG, SHOWORDER, TABLE_CODE, TABLE_NAME, TOTALFLAG, TS, USERDEFFLAG, USERDEFINE1, USERDEFINE2, USERDEFINE3, USEREDITFLAG, USERFLAG, USERREVISEFLAG, USERSHOWFLAG, VALIDATEFORMULA, WIDTH) VALUES (1, -1, null, null, 0, 1, null, -1, 'N', null, -1, 'ts', 0, 'N', 1, 'N', 'N', 8, null, 0, 'ts', 'qcco.task_r.ts', null, 'N', 0, null, '1001ZZ10000000002IA9', '1001ZZ10000000002IAF', '@@@@', 1, null, null, null, 'N', 0, 8, 'pk_task_r', 'pk_task_r', 0, '2019-03-11 02:10:14', 'N', null, null, null, 1, 1, 'N', 1, null, 100);
INSERT INTO PUB_BILLTEMPLET_B (CARDFLAG, DATATYPE, DEFAULTSHOWNAME, DEFAULTVALUE, DR, EDITFLAG, EDITFORMULA, FOREGROUND, HYPERLINKFLAG, IDCOLNAME, INPUTLENGTH, ITEMKEY, ITEMTYPE, LEAFFLAG, LISTFLAG, LISTHYPERLINKFLAG, LISTSHOWFLAG, LISTSHOWORDER, LOADFORMULA, LOCKFLAG, METADATAPATH, METADATAPROPERTY, METADATARELATION, NEWLINEFLAG, NULLFLAG, OPTIONS, PK_BILLTEMPLET, PK_BILLTEMPLET_B, PK_CORP, POS, REFTYPE, RESID, RESID_TABNAME, REVISEFLAG, SHOWFLAG, SHOWORDER, TABLE_CODE, TABLE_NAME, TOTALFLAG, TS, USERDEFFLAG, USERDEFINE1, USERDEFINE2, USERDEFINE3, USEREDITFLAG, USERFLAG, USERREVISEFLAG, USERSHOWFLAG, VALIDATEFORMULA, WIDTH) VALUES (1, -1, null, null, 0, 1, null, -1, 'N', null, -1, 'pk_testtemperature', 0, 'N', 1, 'N', 'Y', 7, null, 0, 'pk_testtemperature', 'qcco.task_r.pk_testtemperature', null, 'N', 0, null, '1001ZZ10000000002IA9', '1001ZZ10000000002IAG', '@@@@', 1, null, null, null, 'N', 1, 7, 'pk_task_r', 'pk_task_r', 0, '2019-03-11 02:10:14', 'N', null, null, null, 1, 1, 'N', 1, null, 100);
INSERT INTO PUB_BILLTEMPLET_B (CARDFLAG, DATATYPE, DEFAULTSHOWNAME, DEFAULTVALUE, DR, EDITFLAG, EDITFORMULA, FOREGROUND, HYPERLINKFLAG, IDCOLNAME, INPUTLENGTH, ITEMKEY, ITEMTYPE, LEAFFLAG, LISTFLAG, LISTHYPERLINKFLAG, LISTSHOWFLAG, LISTSHOWORDER, LOADFORMULA, LOCKFLAG, METADATAPATH, METADATAPROPERTY, METADATARELATION, NEWLINEFLAG, NULLFLAG, OPTIONS, PK_BILLTEMPLET, PK_BILLTEMPLET_B, PK_CORP, POS, REFTYPE, RESID, RESID_TABNAME, REVISEFLAG, SHOWFLAG, SHOWORDER, TABLE_CODE, TABLE_NAME, TOTALFLAG, TS, USERDEFFLAG, USERDEFINE1, USERDEFINE2, USERDEFINE3, USEREDITFLAG, USERFLAG, USERREVISEFLAG, USERSHOWFLAG, VALIDATEFORMULA, WIDTH) VALUES (1, -1, null, null, 0, 1, null, -1, 'N', null, -1, 'pk_samplegroup', 0, 'N', 1, 'N', 'Y', 1, null, 0, 'pk_samplegroup', 'qcco.task_r.pk_samplegroup', null, 'N', 0, null, '1001ZZ10000000002IA9', '1001ZZ10000000002IAH', '@@@@', 1, null, null, null, 'N', 1, 1, 'pk_task_r', 'pk_task_r', 0, '2019-03-11 02:10:14', 'N', null, null, null, 1, 1, 'N', 1, null, 100);
INSERT INTO PUB_BILLTEMPLET_B (CARDFLAG, DATATYPE, DEFAULTSHOWNAME, DEFAULTVALUE, DR, EDITFLAG, EDITFORMULA, FOREGROUND, HYPERLINKFLAG, IDCOLNAME, INPUTLENGTH, ITEMKEY, ITEMTYPE, LEAFFLAG, LISTFLAG, LISTHYPERLINKFLAG, LISTSHOWFLAG, LISTSHOWORDER, LOADFORMULA, LOCKFLAG, METADATAPATH, METADATAPROPERTY, METADATARELATION, NEWLINEFLAG, NULLFLAG, OPTIONS, PK_BILLTEMPLET, PK_BILLTEMPLET_B, PK_CORP, POS, REFTYPE, RESID, RESID_TABNAME, REVISEFLAG, SHOWFLAG, SHOWORDER, TABLE_CODE, TABLE_NAME, TOTALFLAG, TS, USERDEFFLAG, USERDEFINE1, USERDEFINE2, USERDEFINE3, USEREDITFLAG, USERFLAG, USERREVISEFLAG, USERSHOWFLAG, VALIDATEFORMULA, WIDTH) VALUES (1, -1, null, null, 0, 1, null, -1, 'N', null, -1, 'pk_sample', 0, 'N', 1, 'N', 'N', 0, null, 0, 'pk_sample', 'qcco.task_s.pk_sample', null, 'N', 0, null, '1001ZZ10000000002IA9', '1001ZZ10000000002IAI', '@@@@', 1, null, null, null, 'N', 0, 0, 'pk_task_s', '样品行主键', 0, '2019-03-11 02:10:14', 'N', null, null, null, 1, 1, 'N', 1, null, 100);
INSERT INTO PUB_BILLTEMPLET_B (CARDFLAG, DATATYPE, DEFAULTSHOWNAME, DEFAULTVALUE, DR, EDITFLAG, EDITFORMULA, FOREGROUND, HYPERLINKFLAG, IDCOLNAME, INPUTLENGTH, ITEMKEY, ITEMTYPE, LEAFFLAG, LISTFLAG, LISTHYPERLINKFLAG, LISTSHOWFLAG, LISTSHOWORDER, LOADFORMULA, LOCKFLAG, METADATAPATH, METADATAPROPERTY, METADATARELATION, NEWLINEFLAG, NULLFLAG, OPTIONS, PK_BILLTEMPLET, PK_BILLTEMPLET_B, PK_CORP, POS, REFTYPE, RESID, RESID_TABNAME, REVISEFLAG, SHOWFLAG, SHOWORDER, TABLE_CODE, TABLE_NAME, TOTALFLAG, TS, USERDEFFLAG, USERDEFINE1, USERDEFINE2, USERDEFINE3, USEREDITFLAG, USERFLAG, USERREVISEFLAG, USERSHOWFLAG, VALIDATEFORMULA, WIDTH) VALUES (1, -1, null, null, 0, 1, null, -1, 'N', null, -1, 'pk_task_r', 0, 'N', 1, 'N', 'N', 0, null, 0, 'pk_task_r', 'qcco.task_r.pk_task_r', null, 'N', 0, null, '1001ZZ10000000002IA9', '1001ZZ10000000002IAJ', '@@@@', 1, null, null, null, 'N', 0, 0, 'pk_task_r', 'pk_task_r', 0, '2019-03-11 02:10:14', 'N', null, null, null, 1, 1, 'N', 1, null, 100);
INSERT INTO PUB_BILLTEMPLET_B (CARDFLAG, DATATYPE, DEFAULTSHOWNAME, DEFAULTVALUE, DR, EDITFLAG, EDITFORMULA, FOREGROUND, HYPERLINKFLAG, IDCOLNAME, INPUTLENGTH, ITEMKEY, ITEMTYPE, LEAFFLAG, LISTFLAG, LISTHYPERLINKFLAG, LISTSHOWFLAG, LISTSHOWORDER, LOADFORMULA, LOCKFLAG, METADATAPATH, METADATAPROPERTY, METADATARELATION, NEWLINEFLAG, NULLFLAG, OPTIONS, PK_BILLTEMPLET, PK_BILLTEMPLET_B, PK_CORP, POS, REFTYPE, RESID, RESID_TABNAME, REVISEFLAG, SHOWFLAG, SHOWORDER, TABLE_CODE, TABLE_NAME, TOTALFLAG, TS, USERDEFFLAG, USERDEFINE1, USERDEFINE2, USERDEFINE3, USEREDITFLAG, USERFLAG, USERREVISEFLAG, USERSHOWFLAG, VALIDATEFORMULA, WIDTH) VALUES (1, -1, null, null, 0, 1, null, -1, 'N', null, -1, 'testflag', 0, 'N', 1, 'N', 'Y', 5, null, 0, 'testflag', 'qcco.task_r.testflag', null, 'N', 0, null, '1001ZZ10000000002IA9', '1001ZZ10000000002IAK', '@@@@', 1, null, null, null, 'N', 1, 5, 'pk_task_r', 'pk_task_r', 0, '2019-03-11 02:10:14', 'N', null, null, null, 1, 1, 'N', 1, null, 100);
INSERT INTO PUB_BILLTEMPLET_B (CARDFLAG, DATATYPE, DEFAULTSHOWNAME, DEFAULTVALUE, DR, EDITFLAG, EDITFORMULA, FOREGROUND, HYPERLINKFLAG, IDCOLNAME, INPUTLENGTH, ITEMKEY, ITEMTYPE, LEAFFLAG, LISTFLAG, LISTHYPERLINKFLAG, LISTSHOWFLAG, LISTSHOWORDER, LOADFORMULA, LOCKFLAG, METADATAPATH, METADATAPROPERTY, METADATARELATION, NEWLINEFLAG, NULLFLAG, OPTIONS, PK_BILLTEMPLET, PK_BILLTEMPLET_B, PK_CORP, POS, REFTYPE, RESID, RESID_TABNAME, REVISEFLAG, SHOWFLAG, SHOWORDER, TABLE_CODE, TABLE_NAME, TOTALFLAG, TS, USERDEFFLAG, USERDEFINE1, USERDEFINE2, USERDEFINE3, USEREDITFLAG, USERFLAG, USERREVISEFLAG, USERSHOWFLAG, VALIDATEFORMULA, WIDTH) VALUES (1, -1, null, null, 0, 1, null, -1, 'N', null, -1, 'sampleno', 0, 'N', 1, 'N', 'Y', 1, null, 0, 'sampleno', 'qcco.task_s.sampleno', null, 'N', 0, null, '1001ZZ10000000002IA9', '1001ZZ10000000002IAL', '@@@@', 1, null, null, null, 'N', 1, 1, 'pk_task_s', '样品行主键', 0, '2019-03-11 02:10:14', 'N', null, null, null, 1, 1, 'N', 1, null, 100);

DELETE FROM PUB_BILLTEMPLET_T WHERE PK_BILLTEMPLET IN ('1001ZZ10000000002IA9', '0001ZZ10000000003ALK');
INSERT INTO PUB_BILLTEMPLET_T (BASETAB, DR, METADATACLASS, METADATAPATH, MIXINDEX, PK_BILLTEMPLET, PK_BILLTEMPLET_T, PK_LAYOUT, POS, POSITION, RESID, TABCODE, TABINDEX, TABNAME, TS, VDEF1, VDEF2, VDEF3) VALUES (null, 0, 'qcco.task_b', 'pk_task_b', null, '0001ZZ10000000003ALK', '1001ZZ10000000002LD7', '~', 1, 1, null, 'pk_task_b', 0, '任务行', '2019-03-11 13:35:46', null, null, null);
INSERT INTO PUB_BILLTEMPLET_T (BASETAB, DR, METADATACLASS, METADATAPATH, MIXINDEX, PK_BILLTEMPLET, PK_BILLTEMPLET_T, PK_LAYOUT, POS, POSITION, RESID, TABCODE, TABINDEX, TABNAME, TS, VDEF1, VDEF2, VDEF3) VALUES (null, 0, 'qcco.task_h', 'task_h', 1, '0001ZZ10000000003ALK', '1001ZZ10000000002LD8', '~', 2, null, null, 'tailerInfo', 0, '表尾信息', '2019-03-11 13:35:46', null, null, null);
INSERT INTO PUB_BILLTEMPLET_T (BASETAB, DR, METADATACLASS, METADATAPATH, MIXINDEX, PK_BILLTEMPLET, PK_BILLTEMPLET_T, PK_LAYOUT, POS, POSITION, RESID, TABCODE, TABINDEX, TABNAME, TS, VDEF1, VDEF2, VDEF3) VALUES (null, 0, 'qcco.task_h', 'task_h', null, '0001ZZ10000000003ALK', '1001ZZ10000000002LD9', '~', 0, 0, null, 'task_h', 0, '任务单', '2019-03-11 13:35:46', null, null, null);
INSERT INTO PUB_BILLTEMPLET_T (BASETAB, DR, METADATACLASS, METADATAPATH, MIXINDEX, PK_BILLTEMPLET, PK_BILLTEMPLET_T, PK_LAYOUT, POS, POSITION, RESID, TABCODE, TABINDEX, TABNAME, TS, VDEF1, VDEF2, VDEF3) VALUES ('tailerInfo', 0, 'qcco.task_h', 'task_h', 2, '0001ZZ10000000003ALK', '1001ZZ10000000002LDA', '~', 2, null, null, 'auditInfo', 1, '审计信息', '2019-03-11 13:35:46', null, null, null);
INSERT INTO PUB_BILLTEMPLET_T (BASETAB, DR, METADATACLASS, METADATAPATH, MIXINDEX, PK_BILLTEMPLET, PK_BILLTEMPLET_T, PK_LAYOUT, POS, POSITION, RESID, TABCODE, TABINDEX, TABNAME, TS, VDEF1, VDEF2, VDEF3) VALUES ('task_h', 0, 'qcco.task_h', null, null, '0001ZZ10000000003ALK', '1001ZZ10000000002LDB', '~', 0, 0, null, 'pk_commission_h', 1, '委托单', '2019-03-11 13:35:46', null, null, null);
INSERT INTO PUB_BILLTEMPLET_T (BASETAB, DR, METADATACLASS, METADATAPATH, MIXINDEX, PK_BILLTEMPLET, PK_BILLTEMPLET_T, PK_LAYOUT, POS, POSITION, RESID, TABCODE, TABINDEX, TABNAME, TS, VDEF1, VDEF2, VDEF3) VALUES (null, 0, 'qcco.task_s', 'pk_task_s', null, '1001ZZ10000000002IA9', '1001ZZ10000000002IAN', '~', 1, 1, null, 'pk_task_s', 0, '样品行主键', '2019-03-11 02:10:15', null, null, null);
INSERT INTO PUB_BILLTEMPLET_T (BASETAB, DR, METADATACLASS, METADATAPATH, MIXINDEX, PK_BILLTEMPLET, PK_BILLTEMPLET_T, PK_LAYOUT, POS, POSITION, RESID, TABCODE, TABINDEX, TABNAME, TS, VDEF1, VDEF2, VDEF3) VALUES (null, 0, 'qcco.task_r', 'pk_task_b', null, '1001ZZ10000000002IA9', '1001ZZ10000000002IAO', '~', 1, 1, null, 'pk_task_r', 1, '试验后参数主键', '2019-03-11 02:10:15', null, null, null);

DELETE FROM PUB_QUERY_TEMPLET WHERE ID = '0001ZZ10000000003AMT';
INSERT INTO PUB_QUERY_TEMPLET (DESCRIPTION, DEVORG, DR, FIXCONDITION, ID, LAYER, METACLASS, MODEL_CODE, MODEL_NAME, NODE_CODE, PARENTID, PK_CORP, PK_ORG, RESID, TS) VALUES (null, '~', null, null, '0001ZZ10000000003AMT', 0, '63699954-c4ee-4e62-b160-00d2b42878f0', 'C0J00203', '任务单', 'C0J00203', '~', '@@@@', '~', null, '2019-03-11 02:16:16');

DELETE FROM PUB_QUERY_CONDITION WHERE PK_TEMPLET = '0001ZZ10000000003AMT';
INSERT INTO PUB_QUERY_CONDITION (CONSULT_CODE, DATA_TYPE, DISP_SEQUENCE, DISP_TYPE, DISP_VALUE, DR, EXT1, EXT2, EXT3, EXT4, EXT5, FIELD_CODE, FIELD_NAME, GUIDELINE, ID, IF_ATTRREFUSED, IF_AUTOCHECK, IF_DATAPOWER, IF_DEFAULT, IF_DESC, IF_GROUP, IF_IMMOBILITY, IF_MULTICORPREF, IF_MUST, IF_NOTMDCONDITION, IF_ORDER, IF_SUBINCLUDED, IF_SUM, IF_SYSFUNCREFUSED, IF_USED, INSTRUMENTSQL, ISCONDITION, LIMITS, MAX_LENGTH, OPERA_CODE, OPERA_NAME, ORDER_SEQUENCE, PK_CORP, PK_TEMPLET, PRERESTRICT, RESID, RETURN_TYPE, TABLE_CODE, TABLE_NAME, TS, USERDEFFLAG, VALUE) VALUES ('-99', 0, 0, 1, null, null, null, null, null, null, null, 'billno', null, null, '1001ZZ10000000002IAX', 'N', 'Y', 'N', 'Y', 'N', 'N', 'N', 'N', 'N', 'N', 'N', 'N', 'N', 'N', 'Y', null, 'Y', 9999, null, '=@like@left like@right like@', '等于@包含@左包含@右包含@', 0, '@@@@', '0001ZZ10000000003AMT', null, null, 2, null, null, '2019-03-11 02:16:16', 'N', null);
INSERT INTO PUB_QUERY_CONDITION (CONSULT_CODE, DATA_TYPE, DISP_SEQUENCE, DISP_TYPE, DISP_VALUE, DR, EXT1, EXT2, EXT3, EXT4, EXT5, FIELD_CODE, FIELD_NAME, GUIDELINE, ID, IF_ATTRREFUSED, IF_AUTOCHECK, IF_DATAPOWER, IF_DEFAULT, IF_DESC, IF_GROUP, IF_IMMOBILITY, IF_MULTICORPREF, IF_MUST, IF_NOTMDCONDITION, IF_ORDER, IF_SUBINCLUDED, IF_SUM, IF_SYSFUNCREFUSED, IF_USED, INSTRUMENTSQL, ISCONDITION, LIMITS, MAX_LENGTH, OPERA_CODE, OPERA_NAME, ORDER_SEQUENCE, PK_CORP, PK_TEMPLET, PRERESTRICT, RESID, RETURN_TYPE, TABLE_CODE, TABLE_NAME, TS, USERDEFFLAG, VALUE) VALUES ('-99', 0, 1, 1, null, 0, null, null, null, null, null, 'billmaker', null, null, '1001ZZ10000000002IAY', 'N', 'Y', 'N', 'N', 'N', 'N', 'N', 'N', 'N', 'N', 'N', 'N', 'N', 'N', 'Y', null, 'Y', 9999, null, '=@like@left like@right like@', '等于@包含@左包含@右包含@', 0, '@@@@', '0001ZZ10000000003AMT', null, null, 2, null, null, '2019-03-11 02:15:08', 'N', null);
INSERT INTO PUB_QUERY_CONDITION (CONSULT_CODE, DATA_TYPE, DISP_SEQUENCE, DISP_TYPE, DISP_VALUE, DR, EXT1, EXT2, EXT3, EXT4, EXT5, FIELD_CODE, FIELD_NAME, GUIDELINE, ID, IF_ATTRREFUSED, IF_AUTOCHECK, IF_DATAPOWER, IF_DEFAULT, IF_DESC, IF_GROUP, IF_IMMOBILITY, IF_MULTICORPREF, IF_MUST, IF_NOTMDCONDITION, IF_ORDER, IF_SUBINCLUDED, IF_SUM, IF_SYSFUNCREFUSED, IF_USED, INSTRUMENTSQL, ISCONDITION, LIMITS, MAX_LENGTH, OPERA_CODE, OPERA_NAME, ORDER_SEQUENCE, PK_CORP, PK_TEMPLET, PRERESTRICT, RESID, RETURN_TYPE, TABLE_CODE, TABLE_NAME, TS, USERDEFFLAG, VALUE) VALUES ('-99', 0, 2, 1, null, 0, null, null, null, null, null, 'approver', null, null, '1001ZZ10000000002IAZ', 'N', 'Y', 'N', 'N', 'N', 'N', 'N', 'N', 'N', 'N', 'N', 'N', 'N', 'N', 'Y', null, 'Y', 9999, null, '=@like@left like@right like@', '等于@包含@左包含@右包含@', 0, '@@@@', '0001ZZ10000000003AMT', null, null, 2, null, null, '2019-03-11 02:15:08', 'N', null);
INSERT INTO PUB_QUERY_CONDITION (CONSULT_CODE, DATA_TYPE, DISP_SEQUENCE, DISP_TYPE, DISP_VALUE, DR, EXT1, EXT2, EXT3, EXT4, EXT5, FIELD_CODE, FIELD_NAME, GUIDELINE, ID, IF_ATTRREFUSED, IF_AUTOCHECK, IF_DATAPOWER, IF_DEFAULT, IF_DESC, IF_GROUP, IF_IMMOBILITY, IF_MULTICORPREF, IF_MUST, IF_NOTMDCONDITION, IF_ORDER, IF_SUBINCLUDED, IF_SUM, IF_SYSFUNCREFUSED, IF_USED, INSTRUMENTSQL, ISCONDITION, LIMITS, MAX_LENGTH, OPERA_CODE, OPERA_NAME, ORDER_SEQUENCE, PK_CORP, PK_TEMPLET, PRERESTRICT, RESID, RETURN_TYPE, TABLE_CODE, TABLE_NAME, TS, USERDEFFLAG, VALUE) VALUES ('IM,2ed33012-890c-4e5f-82a0-40ef0eeb4b45', 6, 3, 1, null, 0, null, null, null, null, null, 'approvestatus', null, null, '1001ZZ10000000002IB0', 'N', 'Y', 'N', 'N', 'N', 'N', 'N', 'N', 'N', 'N', 'N', 'N', 'N', 'N', 'Y', null, 'Y', 9999, null, '=@<>@', '等于@不等于@', 0, '@@@@', '0001ZZ10000000003AMT', null, null, 2, null, null, '2019-03-11 02:15:08', 'N', null);

DELETE FROM PUB_PRINT_TEMPLATE WHERE CTEMPLATEID = '1001ZZ100000000039BH';
INSERT INTO PUB_PRINT_TEMPLATE (BDIRECTOR, BDISPAGENUM, BDISTOTALPAGENUM, BILLSPACE, BNORMALCOLOR, CTEMPLATEID, DEVORG, DR, EXTENDATTR, FFONTSTYLE, FPAGINATION, IBOTMARGIN, IBREAKPOSITION, IFONTSIZE, IGRIDCOLOR, ILEFTMARGIN, IPAGEHEIGHT, IPAGELOCATE, IPAGEWIDTH, IRIGHTMARGIN, ISCALE, ITOPMARGIN, ITYPE, LAYER, MDCLASS, MODEL_TYPE, MODELHEIGHT, MODELWIDTH, PK_CORP, PK_ORG, PREPARE1, PREPARE2, PTEMPLATEID, TS, VDEFAULTPRINTER, VFONTNAME, VLEFTNOTE, VMIDNOTE, VNODECODE, VRIGHTNOTE, VTEMPLATECODE, VTEMPLATENAME) VALUES ('Y', 'N', 'N', null, 'N', '1001ZZ100000000039BH', null, 0, '<nc.vo.pub.print.PrintTemplateExtVO>
  <isBindUp>false</isBindUp>
  <zdline__position>0.0</zdline__position>
  <pagehead__position>0.0</pagehead__position>
  <pagetail__position>0.0</pagetail__position>
  <pagenumber__position>0.0</pagenumber__position>
  <m__withFullPageNumber>false</m__withFullPageNumber>
  <baseLineWeight>0.65</baseLineWeight>
  <initPageNo>1</initPageNo>
</nc.vo.pub.print.PrintTemplateExtVO>', 0, 0, 10, 0, 9, -4144960, 10, 596, '21', 842, 10, 100, 10, 1, 1, '63699954-c4ee-4e62-b160-00d2b42878f0', null, null, null, '@@@@', null, null, null, '~', '2019-04-13 19:18:38', null, 'dialog.plain', null, null, 'C0J00203', null, '任务单', '任务单');

DELETE FROM PUB_PRINT_CELL WHERE CTEMPLATEID = '1001ZZ100000000039BH';
INSERT INTO PUB_PRINT_CELL (BUNDERLINE, CCELLCODE, CCELLID, CCOMBINEPROPERTY, CCONTENTPROPERTY, CISFROZEN, CISHEADTAIL, CLINEPROPERTY, CTEMPLATEID, DR, FFONTSTYLE, FIXEDSTYLE, FSHADOWTYPE, IBGCOLOR, IBOTLINECOLOR, IFGCOLOR, IFONRSIZE, IHEIGHT, ILEFTLINECOLOR, IRIGHTCOLOR, ISDYCOLGROUP, ISDYNROWHEIGHT, ISLASTPAGETRAIL, ISTARTX, ISTARTY, ITOPLINECOLOR, IWIDTH, OPTIONS, PREPARE1, PREPARE2, TABLE_CODE, TS, VFONTNAME, VTEXT, VVAR) VALUES ('0', '000000000000', '1001ZZ100000000039FJ', '1000000', '0110', '10', null, '00000000', '1001ZZ100000000039BH', 0, 1, null, 0, -1, 0, -16777216, 16, 30, 0, 0, null, null, null, 0, 0, 0, 80, '<nc.vo.pub.print.PrintCellExtVO>
  <height__decimal>0.0</height__decimal>
  <textDirection>0</textDirection>
  <lineSpaceBetween>0</lineSpaceBetween>
  <formatType>0</formatType>
</nc.vo.pub.print.PrintCellExtVO>', null, null, null, '2019-04-13 19:18:41', 'Dialog', '任务单', null);
INSERT INTO PUB_PRINT_CELL (BUNDERLINE, CCELLCODE, CCELLID, CCOMBINEPROPERTY, CCONTENTPROPERTY, CISFROZEN, CISHEADTAIL, CLINEPROPERTY, CTEMPLATEID, DR, FFONTSTYLE, FIXEDSTYLE, FSHADOWTYPE, IBGCOLOR, IBOTLINECOLOR, IFGCOLOR, IFONRSIZE, IHEIGHT, ILEFTLINECOLOR, IRIGHTCOLOR, ISDYCOLGROUP, ISDYNROWHEIGHT, ISLASTPAGETRAIL, ISTARTX, ISTARTY, ITOPLINECOLOR, IWIDTH, OPTIONS, PREPARE1, PREPARE2, TABLE_CODE, TS, VFONTNAME, VTEXT, VVAR) VALUES ('0', '000000000005', '1001ZZ100000000039FP', '0', '0110', '10', null, '00000000', '1001ZZ100000000039BH', 0, 1, null, 0, -1, 0, -16777216, 16, 30, 0, 0, null, null, null, 0, 0, 0, 480, '<nc.vo.pub.print.PrintCellExtVO>
  <height__decimal>0.0</height__decimal>
  <textDirection>0</textDirection>
  <lineSpaceBetween>0</lineSpaceBetween>
  <formatType>0</formatType>
</nc.vo.pub.print.PrintCellExtVO>', null, null, null, '2019-04-13 19:18:41', 'Dialog', '任务单', null);
INSERT INTO PUB_PRINT_CELL (BUNDERLINE, CCELLCODE, CCELLID, CCOMBINEPROPERTY, CCONTENTPROPERTY, CISFROZEN, CISHEADTAIL, CLINEPROPERTY, CTEMPLATEID, DR, FFONTSTYLE, FIXEDSTYLE, FSHADOWTYPE, IBGCOLOR, IBOTLINECOLOR, IFGCOLOR, IFONRSIZE, IHEIGHT, ILEFTLINECOLOR, IRIGHTCOLOR, ISDYCOLGROUP, ISDYNROWHEIGHT, ISLASTPAGETRAIL, ISTARTX, ISTARTY, ITOPLINECOLOR, IWIDTH, OPTIONS, PREPARE1, PREPARE2, TABLE_CODE, TS, VFONTNAME, VTEXT, VVAR) VALUES ('0', '000001000001', '1001ZZ100000000039FK', '1000000', '0110', '10', null, '00000000', '1001ZZ100000000039BH', 0, 1, null, 0, -1, 0, -16777216, 16, 30, 0, 0, null, null, null, 80, 0, 0, 80, '<nc.vo.pub.print.PrintCellExtVO>
  <height__decimal>0.0</height__decimal>
  <textDirection>0</textDirection>
  <lineSpaceBetween>0</lineSpaceBetween>
  <formatType>0</formatType>
</nc.vo.pub.print.PrintCellExtVO>', null, null, null, '2019-04-13 19:18:41', 'Dialog', '任务单', null);
INSERT INTO PUB_PRINT_CELL (BUNDERLINE, CCELLCODE, CCELLID, CCOMBINEPROPERTY, CCONTENTPROPERTY, CISFROZEN, CISHEADTAIL, CLINEPROPERTY, CTEMPLATEID, DR, FFONTSTYLE, FIXEDSTYLE, FSHADOWTYPE, IBGCOLOR, IBOTLINECOLOR, IFGCOLOR, IFONRSIZE, IHEIGHT, ILEFTLINECOLOR, IRIGHTCOLOR, ISDYCOLGROUP, ISDYNROWHEIGHT, ISLASTPAGETRAIL, ISTARTX, ISTARTY, ITOPLINECOLOR, IWIDTH, OPTIONS, PREPARE1, PREPARE2, TABLE_CODE, TS, VFONTNAME, VTEXT, VVAR) VALUES ('0', '000002000002', '1001ZZ100000000039FL', '1000000', '0110', '10', null, '00000000', '1001ZZ100000000039BH', 0, 1, null, 0, -1, 0, -16777216, 16, 30, 0, 0, null, null, null, 160, 0, 0, 80, '<nc.vo.pub.print.PrintCellExtVO>
  <height__decimal>0.0</height__decimal>
  <textDirection>0</textDirection>
  <lineSpaceBetween>0</lineSpaceBetween>
  <formatType>0</formatType>
</nc.vo.pub.print.PrintCellExtVO>', null, null, null, '2019-04-13 19:18:41', 'Dialog', '任务单', null);
INSERT INTO PUB_PRINT_CELL (BUNDERLINE, CCELLCODE, CCELLID, CCOMBINEPROPERTY, CCONTENTPROPERTY, CISFROZEN, CISHEADTAIL, CLINEPROPERTY, CTEMPLATEID, DR, FFONTSTYLE, FIXEDSTYLE, FSHADOWTYPE, IBGCOLOR, IBOTLINECOLOR, IFGCOLOR, IFONRSIZE, IHEIGHT, ILEFTLINECOLOR, IRIGHTCOLOR, ISDYCOLGROUP, ISDYNROWHEIGHT, ISLASTPAGETRAIL, ISTARTX, ISTARTY, ITOPLINECOLOR, IWIDTH, OPTIONS, PREPARE1, PREPARE2, TABLE_CODE, TS, VFONTNAME, VTEXT, VVAR) VALUES ('0', '000003000003', '1001ZZ100000000039FM', '1000000', '0110', '10', null, '00000000', '1001ZZ100000000039BH', 0, 1, null, 0, -1, 0, -16777216, 16, 30, 0, 0, null, null, null, 240, 0, 0, 80, '<nc.vo.pub.print.PrintCellExtVO>
  <height__decimal>0.0</height__decimal>
  <textDirection>0</textDirection>
  <lineSpaceBetween>0</lineSpaceBetween>
  <formatType>0</formatType>
</nc.vo.pub.print.PrintCellExtVO>', null, null, null, '2019-04-13 19:18:41', 'Dialog', '任务单', null);
INSERT INTO PUB_PRINT_CELL (BUNDERLINE, CCELLCODE, CCELLID, CCOMBINEPROPERTY, CCONTENTPROPERTY, CISFROZEN, CISHEADTAIL, CLINEPROPERTY, CTEMPLATEID, DR, FFONTSTYLE, FIXEDSTYLE, FSHADOWTYPE, IBGCOLOR, IBOTLINECOLOR, IFGCOLOR, IFONRSIZE, IHEIGHT, ILEFTLINECOLOR, IRIGHTCOLOR, ISDYCOLGROUP, ISDYNROWHEIGHT, ISLASTPAGETRAIL, ISTARTX, ISTARTY, ITOPLINECOLOR, IWIDTH, OPTIONS, PREPARE1, PREPARE2, TABLE_CODE, TS, VFONTNAME, VTEXT, VVAR) VALUES ('0', '000004000004', '1001ZZ100000000039FN', '1000000', '0110', '10', null, '00000000', '1001ZZ100000000039BH', 0, 1, null, 0, -1, 0, -16777216, 16, 30, 0, 0, null, null, null, 320, 0, 0, 80, '<nc.vo.pub.print.PrintCellExtVO>
  <height__decimal>0.0</height__decimal>
  <textDirection>0</textDirection>
  <lineSpaceBetween>0</lineSpaceBetween>
  <formatType>0</formatType>
</nc.vo.pub.print.PrintCellExtVO>', null, null, null, '2019-04-13 19:18:41', 'Dialog', '任务单', null);
INSERT INTO PUB_PRINT_CELL (BUNDERLINE, CCELLCODE, CCELLID, CCOMBINEPROPERTY, CCONTENTPROPERTY, CISFROZEN, CISHEADTAIL, CLINEPROPERTY, CTEMPLATEID, DR, FFONTSTYLE, FIXEDSTYLE, FSHADOWTYPE, IBGCOLOR, IBOTLINECOLOR, IFGCOLOR, IFONRSIZE, IHEIGHT, ILEFTLINECOLOR, IRIGHTCOLOR, ISDYCOLGROUP, ISDYNROWHEIGHT, ISLASTPAGETRAIL, ISTARTX, ISTARTY, ITOPLINECOLOR, IWIDTH, OPTIONS, PREPARE1, PREPARE2, TABLE_CODE, TS, VFONTNAME, VTEXT, VVAR) VALUES ('0', '000005000005', '1001ZZ100000000039FO', '1000000', '0110', '10', null, '00000000', '1001ZZ100000000039BH', 0, 1, null, 0, -1, 0, -16777216, 16, 30, 0, 0, null, null, null, 400, 0, 0, 80, '<nc.vo.pub.print.PrintCellExtVO>
  <height__decimal>0.0</height__decimal>
  <textDirection>0</textDirection>
  <lineSpaceBetween>0</lineSpaceBetween>
  <formatType>0</formatType>
</nc.vo.pub.print.PrintCellExtVO>', null, null, null, '2019-04-13 19:18:41', 'Dialog', '任务单', null);
INSERT INTO PUB_PRINT_CELL (BUNDERLINE, CCELLCODE, CCELLID, CCOMBINEPROPERTY, CCONTENTPROPERTY, CISFROZEN, CISHEADTAIL, CLINEPROPERTY, CTEMPLATEID, DR, FFONTSTYLE, FIXEDSTYLE, FSHADOWTYPE, IBGCOLOR, IBOTLINECOLOR, IFGCOLOR, IFONRSIZE, IHEIGHT, ILEFTLINECOLOR, IRIGHTCOLOR, ISDYCOLGROUP, ISDYNROWHEIGHT, ISLASTPAGETRAIL, ISTARTX, ISTARTY, ITOPLINECOLOR, IWIDTH, OPTIONS, PREPARE1, PREPARE2, TABLE_CODE, TS, VFONTNAME, VTEXT, VVAR) VALUES ('0', '001000001000', '1001ZZ100000000039FQ', '0', '0110', '10', null, '11111111', '1001ZZ100000000039BH', 0, 0, null, 0, -1, 0, -16777216, 12, 20, 0, 0, null, null, null, 0, 30, 0, 80, '<nc.vo.pub.print.PrintCellExtVO>
  <height__decimal>0.0</height__decimal>
  <textDirection>0</textDirection>
  <lineSpaceBetween>0</lineSpaceBetween>
  <formatType>0</formatType>
</nc.vo.pub.print.PrintCellExtVO>', null, null, null, '2019-04-13 19:18:41', 'Dialog', '单据号', null);
INSERT INTO PUB_PRINT_CELL (BUNDERLINE, CCELLCODE, CCELLID, CCOMBINEPROPERTY, CCONTENTPROPERTY, CISFROZEN, CISHEADTAIL, CLINEPROPERTY, CTEMPLATEID, DR, FFONTSTYLE, FIXEDSTYLE, FSHADOWTYPE, IBGCOLOR, IBOTLINECOLOR, IFGCOLOR, IFONRSIZE, IHEIGHT, ILEFTLINECOLOR, IRIGHTCOLOR, ISDYCOLGROUP, ISDYNROWHEIGHT, ISLASTPAGETRAIL, ISTARTX, ISTARTY, ITOPLINECOLOR, IWIDTH, OPTIONS, PREPARE1, PREPARE2, TABLE_CODE, TS, VFONTNAME, VTEXT, VVAR) VALUES ('0', '001001001001', '1001ZZ100000000039FR', '0', '1110', '10', null, '11111111', '1001ZZ100000000039BH', 0, 0, null, 0, -1, 0, -16777216, 12, 20, 0, 0, null, null, null, 80, 30, 0, 80, '<nc.vo.pub.print.PrintCellExtVO>
  <height__decimal>0.0</height__decimal>
  <textDirection>0</textDirection>
  <lineSpaceBetween>0</lineSpaceBetween>
  <formatType>0</formatType>
</nc.vo.pub.print.PrintCellExtVO>', null, null, null, '2019-04-13 19:18:41', 'Dialog', '单据号', 'billno');
INSERT INTO PUB_PRINT_CELL (BUNDERLINE, CCELLCODE, CCELLID, CCOMBINEPROPERTY, CCONTENTPROPERTY, CISFROZEN, CISHEADTAIL, CLINEPROPERTY, CTEMPLATEID, DR, FFONTSTYLE, FIXEDSTYLE, FSHADOWTYPE, IBGCOLOR, IBOTLINECOLOR, IFGCOLOR, IFONRSIZE, IHEIGHT, ILEFTLINECOLOR, IRIGHTCOLOR, ISDYCOLGROUP, ISDYNROWHEIGHT, ISLASTPAGETRAIL, ISTARTX, ISTARTY, ITOPLINECOLOR, IWIDTH, OPTIONS, PREPARE1, PREPARE2, TABLE_CODE, TS, VFONTNAME, VTEXT, VVAR) VALUES ('0', '001002001002', '1001ZZ100000000039FS', '0', '0110', '10', null, '11111111', '1001ZZ100000000039BH', 0, 0, null, 0, -1, 0, -16777216, 12, 20, 0, 0, null, null, null, 160, 30, 0, 80, '<nc.vo.pub.print.PrintCellExtVO>
  <height__decimal>0.0</height__decimal>
  <textDirection>0</textDirection>
  <lineSpaceBetween>0</lineSpaceBetween>
  <formatType>0</formatType>
</nc.vo.pub.print.PrintCellExtVO>', null, null, null, '2019-04-13 19:18:41', 'Dialog', '审批状态', null);
INSERT INTO PUB_PRINT_CELL (BUNDERLINE, CCELLCODE, CCELLID, CCOMBINEPROPERTY, CCONTENTPROPERTY, CISFROZEN, CISHEADTAIL, CLINEPROPERTY, CTEMPLATEID, DR, FFONTSTYLE, FIXEDSTYLE, FSHADOWTYPE, IBGCOLOR, IBOTLINECOLOR, IFGCOLOR, IFONRSIZE, IHEIGHT, ILEFTLINECOLOR, IRIGHTCOLOR, ISDYCOLGROUP, ISDYNROWHEIGHT, ISLASTPAGETRAIL, ISTARTX, ISTARTY, ITOPLINECOLOR, IWIDTH, OPTIONS, PREPARE1, PREPARE2, TABLE_CODE, TS, VFONTNAME, VTEXT, VVAR) VALUES ('0', '001003001003', '1001ZZ100000000039FT', '0', '1110', '10', null, '11111111', '1001ZZ100000000039BH', 0, 0, null, 0, -1, 0, -16777216, 12, 20, 0, 0, null, null, null, 240, 30, 0, 80, '<nc.vo.pub.print.PrintCellExtVO>
  <height__decimal>0.0</height__decimal>
  <textDirection>0</textDirection>
  <lineSpaceBetween>0</lineSpaceBetween>
  <formatType>0</formatType>
</nc.vo.pub.print.PrintCellExtVO>', null, null, null, '2019-04-13 19:18:41', 'Dialog', '审批状态', 'approvestatus');
INSERT INTO PUB_PRINT_CELL (BUNDERLINE, CCELLCODE, CCELLID, CCOMBINEPROPERTY, CCONTENTPROPERTY, CISFROZEN, CISHEADTAIL, CLINEPROPERTY, CTEMPLATEID, DR, FFONTSTYLE, FIXEDSTYLE, FSHADOWTYPE, IBGCOLOR, IBOTLINECOLOR, IFGCOLOR, IFONRSIZE, IHEIGHT, ILEFTLINECOLOR, IRIGHTCOLOR, ISDYCOLGROUP, ISDYNROWHEIGHT, ISLASTPAGETRAIL, ISTARTX, ISTARTY, ITOPLINECOLOR, IWIDTH, OPTIONS, PREPARE1, PREPARE2, TABLE_CODE, TS, VFONTNAME, VTEXT, VVAR) VALUES ('0', '001004001004', '1001ZZ100000000039FU', '0', '0110', '10', null, '11111111', '1001ZZ100000000039BH', 0, 0, null, 0, -1, 0, -16777216, 12, 20, 0, 0, null, null, null, 320, 30, 0, 80, '<nc.vo.pub.print.PrintCellExtVO>
  <height__decimal>0.0</height__decimal>
  <textDirection>0</textDirection>
  <lineSpaceBetween>0</lineSpaceBetween>
  <formatType>0</formatType>
</nc.vo.pub.print.PrintCellExtVO>', null, null, null, '2019-04-13 19:18:41', 'Dialog', '审批批语', null);
INSERT INTO PUB_PRINT_CELL (BUNDERLINE, CCELLCODE, CCELLID, CCOMBINEPROPERTY, CCONTENTPROPERTY, CISFROZEN, CISHEADTAIL, CLINEPROPERTY, CTEMPLATEID, DR, FFONTSTYLE, FIXEDSTYLE, FSHADOWTYPE, IBGCOLOR, IBOTLINECOLOR, IFGCOLOR, IFONRSIZE, IHEIGHT, ILEFTLINECOLOR, IRIGHTCOLOR, ISDYCOLGROUP, ISDYNROWHEIGHT, ISLASTPAGETRAIL, ISTARTX, ISTARTY, ITOPLINECOLOR, IWIDTH, OPTIONS, PREPARE1, PREPARE2, TABLE_CODE, TS, VFONTNAME, VTEXT, VVAR) VALUES ('0', '001005001005', '1001ZZ100000000039FV', '0', '1110', '10', null, '11111111', '1001ZZ100000000039BH', 0, 0, null, 0, -1, 0, -16777216, 12, 20, 0, 0, null, null, null, 400, 30, 0, 80, '<nc.vo.pub.print.PrintCellExtVO>
  <height__decimal>0.0</height__decimal>
  <textDirection>0</textDirection>
  <lineSpaceBetween>0</lineSpaceBetween>
  <formatType>0</formatType>
</nc.vo.pub.print.PrintCellExtVO>', null, null, null, '2019-04-13 19:18:41', 'Dialog', '审批批语', 'approvenote');
INSERT INTO PUB_PRINT_CELL (BUNDERLINE, CCELLCODE, CCELLID, CCOMBINEPROPERTY, CCONTENTPROPERTY, CISFROZEN, CISHEADTAIL, CLINEPROPERTY, CTEMPLATEID, DR, FFONTSTYLE, FIXEDSTYLE, FSHADOWTYPE, IBGCOLOR, IBOTLINECOLOR, IFGCOLOR, IFONRSIZE, IHEIGHT, ILEFTLINECOLOR, IRIGHTCOLOR, ISDYCOLGROUP, ISDYNROWHEIGHT, ISLASTPAGETRAIL, ISTARTX, ISTARTY, ITOPLINECOLOR, IWIDTH, OPTIONS, PREPARE1, PREPARE2, TABLE_CODE, TS, VFONTNAME, VTEXT, VVAR) VALUES ('0', '002000002000', '1001ZZ100000000039FW', '1002000', '0020', 'Y ', null, '00000000', '1001ZZ100000000039BH', 0, 1, null, 0, -1, 0, -16777216, 12, 5, 0, 0, null, null, null, 0, 50, 0, 80, '<nc.vo.pub.print.PrintCellExtVO>
  <height__decimal>0.0</height__decimal>
  <textDirection>0</textDirection>
  <lineSpaceBetween>0</lineSpaceBetween>
  <formatType>0</formatType>
</nc.vo.pub.print.PrintCellExtVO>', null, null, null, '2019-04-13 19:18:41', 'Dialog', null, null);
INSERT INTO PUB_PRINT_CELL (BUNDERLINE, CCELLCODE, CCELLID, CCOMBINEPROPERTY, CCONTENTPROPERTY, CISFROZEN, CISHEADTAIL, CLINEPROPERTY, CTEMPLATEID, DR, FFONTSTYLE, FIXEDSTYLE, FSHADOWTYPE, IBGCOLOR, IBOTLINECOLOR, IFGCOLOR, IFONRSIZE, IHEIGHT, ILEFTLINECOLOR, IRIGHTCOLOR, ISDYCOLGROUP, ISDYNROWHEIGHT, ISLASTPAGETRAIL, ISTARTX, ISTARTY, ITOPLINECOLOR, IWIDTH, OPTIONS, PREPARE1, PREPARE2, TABLE_CODE, TS, VFONTNAME, VTEXT, VVAR) VALUES ('0', '002000002005', '1001ZZ100000000039G2', '0', '0020', 'Y ', null, '00000000', '1001ZZ100000000039BH', 0, 1, null, 0, -1, 0, -16777216, 12, 5, 0, 0, null, null, null, 0, 50, 0, 480, '<nc.vo.pub.print.PrintCellExtVO>
  <height__decimal>0.0</height__decimal>
  <textDirection>0</textDirection>
  <lineSpaceBetween>0</lineSpaceBetween>
  <formatType>0</formatType>
</nc.vo.pub.print.PrintCellExtVO>', null, null, null, '2019-04-13 19:18:41', 'Dialog', null, null);
INSERT INTO PUB_PRINT_CELL (BUNDERLINE, CCELLCODE, CCELLID, CCOMBINEPROPERTY, CCONTENTPROPERTY, CISFROZEN, CISHEADTAIL, CLINEPROPERTY, CTEMPLATEID, DR, FFONTSTYLE, FIXEDSTYLE, FSHADOWTYPE, IBGCOLOR, IBOTLINECOLOR, IFGCOLOR, IFONRSIZE, IHEIGHT, ILEFTLINECOLOR, IRIGHTCOLOR, ISDYCOLGROUP, ISDYNROWHEIGHT, ISLASTPAGETRAIL, ISTARTX, ISTARTY, ITOPLINECOLOR, IWIDTH, OPTIONS, PREPARE1, PREPARE2, TABLE_CODE, TS, VFONTNAME, VTEXT, VVAR) VALUES ('0', '002001002001', '1001ZZ100000000039FX', '1002000', '0020', 'Y ', null, '00000000', '1001ZZ100000000039BH', 0, 1, null, 0, -1, 0, -16777216, 12, 5, 0, 0, null, null, null, 80, 50, 0, 80, '<nc.vo.pub.print.PrintCellExtVO>
  <height__decimal>0.0</height__decimal>
  <textDirection>0</textDirection>
  <lineSpaceBetween>0</lineSpaceBetween>
  <formatType>0</formatType>
</nc.vo.pub.print.PrintCellExtVO>', null, null, null, '2019-04-13 19:18:41', 'Dialog', null, null);
INSERT INTO PUB_PRINT_CELL (BUNDERLINE, CCELLCODE, CCELLID, CCOMBINEPROPERTY, CCONTENTPROPERTY, CISFROZEN, CISHEADTAIL, CLINEPROPERTY, CTEMPLATEID, DR, FFONTSTYLE, FIXEDSTYLE, FSHADOWTYPE, IBGCOLOR, IBOTLINECOLOR, IFGCOLOR, IFONRSIZE, IHEIGHT, ILEFTLINECOLOR, IRIGHTCOLOR, ISDYCOLGROUP, ISDYNROWHEIGHT, ISLASTPAGETRAIL, ISTARTX, ISTARTY, ITOPLINECOLOR, IWIDTH, OPTIONS, PREPARE1, PREPARE2, TABLE_CODE, TS, VFONTNAME, VTEXT, VVAR) VALUES ('0', '002002002002', '1001ZZ100000000039FY', '1002000', '0020', 'Y ', null, '00000000', '1001ZZ100000000039BH', 0, 1, null, 0, -1, 0, -16777216, 12, 5, 0, 0, null, null, null, 160, 50, 0, 80, '<nc.vo.pub.print.PrintCellExtVO>
  <height__decimal>0.0</height__decimal>
  <textDirection>0</textDirection>
  <lineSpaceBetween>0</lineSpaceBetween>
  <formatType>0</formatType>
</nc.vo.pub.print.PrintCellExtVO>', null, null, null, '2019-04-13 19:18:41', 'Dialog', null, null);
INSERT INTO PUB_PRINT_CELL (BUNDERLINE, CCELLCODE, CCELLID, CCOMBINEPROPERTY, CCONTENTPROPERTY, CISFROZEN, CISHEADTAIL, CLINEPROPERTY, CTEMPLATEID, DR, FFONTSTYLE, FIXEDSTYLE, FSHADOWTYPE, IBGCOLOR, IBOTLINECOLOR, IFGCOLOR, IFONRSIZE, IHEIGHT, ILEFTLINECOLOR, IRIGHTCOLOR, ISDYCOLGROUP, ISDYNROWHEIGHT, ISLASTPAGETRAIL, ISTARTX, ISTARTY, ITOPLINECOLOR, IWIDTH, OPTIONS, PREPARE1, PREPARE2, TABLE_CODE, TS, VFONTNAME, VTEXT, VVAR) VALUES ('0', '002003002003', '1001ZZ100000000039FZ', '1002000', '0020', 'Y ', null, '00000000', '1001ZZ100000000039BH', 0, 1, null, 0, -1, 0, -16777216, 12, 5, 0, 0, null, null, null, 240, 50, 0, 80, '<nc.vo.pub.print.PrintCellExtVO>
  <height__decimal>0.0</height__decimal>
  <textDirection>0</textDirection>
  <lineSpaceBetween>0</lineSpaceBetween>
  <formatType>0</formatType>
</nc.vo.pub.print.PrintCellExtVO>', null, null, null, '2019-04-13 19:18:41', 'Dialog', null, null);
INSERT INTO PUB_PRINT_CELL (BUNDERLINE, CCELLCODE, CCELLID, CCOMBINEPROPERTY, CCONTENTPROPERTY, CISFROZEN, CISHEADTAIL, CLINEPROPERTY, CTEMPLATEID, DR, FFONTSTYLE, FIXEDSTYLE, FSHADOWTYPE, IBGCOLOR, IBOTLINECOLOR, IFGCOLOR, IFONRSIZE, IHEIGHT, ILEFTLINECOLOR, IRIGHTCOLOR, ISDYCOLGROUP, ISDYNROWHEIGHT, ISLASTPAGETRAIL, ISTARTX, ISTARTY, ITOPLINECOLOR, IWIDTH, OPTIONS, PREPARE1, PREPARE2, TABLE_CODE, TS, VFONTNAME, VTEXT, VVAR) VALUES ('0', '002004002004', '1001ZZ100000000039G0', '1002000', '0020', 'Y ', null, '00000000', '1001ZZ100000000039BH', 0, 1, null, 0, -1, 0, -16777216, 12, 5, 0, 0, null, null, null, 320, 50, 0, 80, '<nc.vo.pub.print.PrintCellExtVO>
  <height__decimal>0.0</height__decimal>
  <textDirection>0</textDirection>
  <lineSpaceBetween>0</lineSpaceBetween>
  <formatType>0</formatType>
</nc.vo.pub.print.PrintCellExtVO>', null, null, null, '2019-04-13 19:18:41', 'Dialog', null, null);
INSERT INTO PUB_PRINT_CELL (BUNDERLINE, CCELLCODE, CCELLID, CCOMBINEPROPERTY, CCONTENTPROPERTY, CISFROZEN, CISHEADTAIL, CLINEPROPERTY, CTEMPLATEID, DR, FFONTSTYLE, FIXEDSTYLE, FSHADOWTYPE, IBGCOLOR, IBOTLINECOLOR, IFGCOLOR, IFONRSIZE, IHEIGHT, ILEFTLINECOLOR, IRIGHTCOLOR, ISDYCOLGROUP, ISDYNROWHEIGHT, ISLASTPAGETRAIL, ISTARTX, ISTARTY, ITOPLINECOLOR, IWIDTH, OPTIONS, PREPARE1, PREPARE2, TABLE_CODE, TS, VFONTNAME, VTEXT, VVAR) VALUES ('0', '002005002005', '1001ZZ100000000039G1', '1002000', '0020', 'Y ', null, '00000000', '1001ZZ100000000039BH', 0, 1, null, 0, -1, 0, -16777216, 12, 5, 0, 0, null, null, null, 400, 50, 0, 80, '<nc.vo.pub.print.PrintCellExtVO>
  <height__decimal>0.0</height__decimal>
  <textDirection>0</textDirection>
  <lineSpaceBetween>0</lineSpaceBetween>
  <formatType>0</formatType>
</nc.vo.pub.print.PrintCellExtVO>', null, null, null, '2019-04-13 19:18:41', 'Dialog', null, null);
INSERT INTO PUB_PRINT_CELL (BUNDERLINE, CCELLCODE, CCELLID, CCOMBINEPROPERTY, CCONTENTPROPERTY, CISFROZEN, CISHEADTAIL, CLINEPROPERTY, CTEMPLATEID, DR, FFONTSTYLE, FIXEDSTYLE, FSHADOWTYPE, IBGCOLOR, IBOTLINECOLOR, IFGCOLOR, IFONRSIZE, IHEIGHT, ILEFTLINECOLOR, IRIGHTCOLOR, ISDYCOLGROUP, ISDYNROWHEIGHT, ISLASTPAGETRAIL, ISTARTX, ISTARTY, ITOPLINECOLOR, IWIDTH, OPTIONS, PREPARE1, PREPARE2, TABLE_CODE, TS, VFONTNAME, VTEXT, VVAR) VALUES ('0', '003000003000', '1001ZZ100000000039G3', '0', '0110', '10', null, '11111111', '1001ZZ100000000039BH', 0, 0, null, 0, -1, 0, -16777216, 12, 20, 0, 0, null, null, null, 0, 55, 0, 80, '<nc.vo.pub.print.PrintCellExtVO>
  <height__decimal>0.0</height__decimal>
  <textDirection>0</textDirection>
  <lineSpaceBetween>0</lineSpaceBetween>
  <formatType>0</formatType>
</nc.vo.pub.print.PrintCellExtVO>', null, null, null, '2019-04-13 19:18:41', 'Dialog', '委托单主键', null);
INSERT INTO PUB_PRINT_CELL (BUNDERLINE, CCELLCODE, CCELLID, CCOMBINEPROPERTY, CCONTENTPROPERTY, CISFROZEN, CISHEADTAIL, CLINEPROPERTY, CTEMPLATEID, DR, FFONTSTYLE, FIXEDSTYLE, FSHADOWTYPE, IBGCOLOR, IBOTLINECOLOR, IFGCOLOR, IFONRSIZE, IHEIGHT, ILEFTLINECOLOR, IRIGHTCOLOR, ISDYCOLGROUP, ISDYNROWHEIGHT, ISLASTPAGETRAIL, ISTARTX, ISTARTY, ITOPLINECOLOR, IWIDTH, OPTIONS, PREPARE1, PREPARE2, TABLE_CODE, TS, VFONTNAME, VTEXT, VVAR) VALUES ('0', '003001003001', '1001ZZ100000000039G4', '0', '1110', '10', null, '11111111', '1001ZZ100000000039BH', 0, 0, null, 0, -1, 0, -16777216, 12, 20, 0, 0, null, null, null, 80, 55, 0, 80, '<nc.vo.pub.print.PrintCellExtVO>
  <height__decimal>0.0</height__decimal>
  <textDirection>0</textDirection>
  <lineSpaceBetween>0</lineSpaceBetween>
  <formatType>0</formatType>
</nc.vo.pub.print.PrintCellExtVO>', null, null, null, '2019-04-13 19:18:41', 'Dialog', '委托单主键', 'pk_commission_h.billname');
INSERT INTO PUB_PRINT_CELL (BUNDERLINE, CCELLCODE, CCELLID, CCOMBINEPROPERTY, CCONTENTPROPERTY, CISFROZEN, CISHEADTAIL, CLINEPROPERTY, CTEMPLATEID, DR, FFONTSTYLE, FIXEDSTYLE, FSHADOWTYPE, IBGCOLOR, IBOTLINECOLOR, IFGCOLOR, IFONRSIZE, IHEIGHT, ILEFTLINECOLOR, IRIGHTCOLOR, ISDYCOLGROUP, ISDYNROWHEIGHT, ISLASTPAGETRAIL, ISTARTX, ISTARTY, ITOPLINECOLOR, IWIDTH, OPTIONS, PREPARE1, PREPARE2, TABLE_CODE, TS, VFONTNAME, VTEXT, VVAR) VALUES ('0', '003002003002', '1001ZZ100000000039G5', '0', '0110', '10', null, '11111111', '1001ZZ100000000039BH', 0, 0, null, 0, -1, 0, -16777216, 12, 20, 0, 0, null, null, null, 160, 55, 0, 80, '<nc.vo.pub.print.PrintCellExtVO>
  <height__decimal>0.0</height__decimal>
  <textDirection>0</textDirection>
  <lineSpaceBetween>0</lineSpaceBetween>
  <formatType>0</formatType>
</nc.vo.pub.print.PrintCellExtVO>', null, null, null, '2019-04-13 19:18:41', 'Dialog', '委托单类型', null);
INSERT INTO PUB_PRINT_CELL (BUNDERLINE, CCELLCODE, CCELLID, CCOMBINEPROPERTY, CCONTENTPROPERTY, CISFROZEN, CISHEADTAIL, CLINEPROPERTY, CTEMPLATEID, DR, FFONTSTYLE, FIXEDSTYLE, FSHADOWTYPE, IBGCOLOR, IBOTLINECOLOR, IFGCOLOR, IFONRSIZE, IHEIGHT, ILEFTLINECOLOR, IRIGHTCOLOR, ISDYCOLGROUP, ISDYNROWHEIGHT, ISLASTPAGETRAIL, ISTARTX, ISTARTY, ITOPLINECOLOR, IWIDTH, OPTIONS, PREPARE1, PREPARE2, TABLE_CODE, TS, VFONTNAME, VTEXT, VVAR) VALUES ('0', '003003003003', '1001ZZ100000000039G6', '0', '1110', '10', null, '11111111', '1001ZZ100000000039BH', 0, 0, null, 0, -1, 0, -16777216, 12, 20, 0, 0, null, null, null, 240, 55, 0, 80, '<nc.vo.pub.print.PrintCellExtVO>
  <height__decimal>0.0</height__decimal>
  <textDirection>0</textDirection>
  <lineSpaceBetween>0</lineSpaceBetween>
  <formatType>0</formatType>
</nc.vo.pub.print.PrintCellExtVO>', null, null, null, '2019-04-13 19:18:41', 'Dialog', '委托单类型', 'pk_commissiontype.name');
INSERT INTO PUB_PRINT_CELL (BUNDERLINE, CCELLCODE, CCELLID, CCOMBINEPROPERTY, CCONTENTPROPERTY, CISFROZEN, CISHEADTAIL, CLINEPROPERTY, CTEMPLATEID, DR, FFONTSTYLE, FIXEDSTYLE, FSHADOWTYPE, IBGCOLOR, IBOTLINECOLOR, IFGCOLOR, IFONRSIZE, IHEIGHT, ILEFTLINECOLOR, IRIGHTCOLOR, ISDYCOLGROUP, ISDYNROWHEIGHT, ISLASTPAGETRAIL, ISTARTX, ISTARTY, ITOPLINECOLOR, IWIDTH, OPTIONS, PREPARE1, PREPARE2, TABLE_CODE, TS, VFONTNAME, VTEXT, VVAR) VALUES ('0', '003004003004', '1001ZZ100000000039G7', '0', '0110', '10', null, '11111111', '1001ZZ100000000039BH', 0, 0, null, 0, -1, 0, -16777216, 12, 20, 0, 0, null, null, null, 320, 55, 0, 80, '<nc.vo.pub.print.PrintCellExtVO>
  <height__decimal>0.0</height__decimal>
  <textDirection>0</textDirection>
  <lineSpaceBetween>0</lineSpaceBetween>
  <formatType>0</formatType>
</nc.vo.pub.print.PrintCellExtVO>', null, null, null, '2019-04-13 19:18:41', 'Dialog', '委托单编码', null);
INSERT INTO PUB_PRINT_CELL (BUNDERLINE, CCELLCODE, CCELLID, CCOMBINEPROPERTY, CCONTENTPROPERTY, CISFROZEN, CISHEADTAIL, CLINEPROPERTY, CTEMPLATEID, DR, FFONTSTYLE, FIXEDSTYLE, FSHADOWTYPE, IBGCOLOR, IBOTLINECOLOR, IFGCOLOR, IFONRSIZE, IHEIGHT, ILEFTLINECOLOR, IRIGHTCOLOR, ISDYCOLGROUP, ISDYNROWHEIGHT, ISLASTPAGETRAIL, ISTARTX, ISTARTY, ITOPLINECOLOR, IWIDTH, OPTIONS, PREPARE1, PREPARE2, TABLE_CODE, TS, VFONTNAME, VTEXT, VVAR) VALUES ('0', '003005003005', '1001ZZ100000000039G8', '0', '1110', '10', null, '11111111', '1001ZZ100000000039BH', 0, 0, null, 0, -1, 0, -16777216, 12, 20, 0, 0, null, null, null, 400, 55, 0, 80, '<nc.vo.pub.print.PrintCellExtVO>
  <height__decimal>0.0</height__decimal>
  <textDirection>0</textDirection>
  <lineSpaceBetween>0</lineSpaceBetween>
  <formatType>0</formatType>
</nc.vo.pub.print.PrintCellExtVO>', null, null, null, '2019-04-13 19:18:41', 'Dialog', '委托单编码', 'billno');
INSERT INTO PUB_PRINT_CELL (BUNDERLINE, CCELLCODE, CCELLID, CCOMBINEPROPERTY, CCONTENTPROPERTY, CISFROZEN, CISHEADTAIL, CLINEPROPERTY, CTEMPLATEID, DR, FFONTSTYLE, FIXEDSTYLE, FSHADOWTYPE, IBGCOLOR, IBOTLINECOLOR, IFGCOLOR, IFONRSIZE, IHEIGHT, ILEFTLINECOLOR, IRIGHTCOLOR, ISDYCOLGROUP, ISDYNROWHEIGHT, ISLASTPAGETRAIL, ISTARTX, ISTARTY, ITOPLINECOLOR, IWIDTH, OPTIONS, PREPARE1, PREPARE2, TABLE_CODE, TS, VFONTNAME, VTEXT, VVAR) VALUES ('0', '004000004000', '1001ZZ100000000039G9', '0', '0110', '10', null, '11111111', '1001ZZ100000000039BH', 0, 0, null, 0, -1, 0, -16777216, 12, 20, 0, 0, null, null, null, 0, 75, 0, 80, '<nc.vo.pub.print.PrintCellExtVO>
  <height__decimal>0.0</height__decimal>
  <textDirection>0</textDirection>
  <lineSpaceBetween>0</lineSpaceBetween>
  <formatType>0</formatType>
</nc.vo.pub.print.PrintCellExtVO>', null, null, null, '2019-04-13 19:18:41', 'Dialog', '委托单名称', null);
INSERT INTO PUB_PRINT_CELL (BUNDERLINE, CCELLCODE, CCELLID, CCOMBINEPROPERTY, CCONTENTPROPERTY, CISFROZEN, CISHEADTAIL, CLINEPROPERTY, CTEMPLATEID, DR, FFONTSTYLE, FIXEDSTYLE, FSHADOWTYPE, IBGCOLOR, IBOTLINECOLOR, IFGCOLOR, IFONRSIZE, IHEIGHT, ILEFTLINECOLOR, IRIGHTCOLOR, ISDYCOLGROUP, ISDYNROWHEIGHT, ISLASTPAGETRAIL, ISTARTX, ISTARTY, ITOPLINECOLOR, IWIDTH, OPTIONS, PREPARE1, PREPARE2, TABLE_CODE, TS, VFONTNAME, VTEXT, VVAR) VALUES ('0', '004001004001', '1001ZZ100000000039GA', '0', '1110', '10', null, '11111111', '1001ZZ100000000039BH', 0, 0, null, 0, -1, 0, -16777216, 12, 20, 0, 0, null, null, null, 80, 75, 0, 80, '<nc.vo.pub.print.PrintCellExtVO>
  <height__decimal>0.0</height__decimal>
  <textDirection>0</textDirection>
  <lineSpaceBetween>0</lineSpaceBetween>
  <formatType>0</formatType>
</nc.vo.pub.print.PrintCellExtVO>', null, null, null, '2019-04-13 19:18:41', 'Dialog', '委托单名称', 'billname');
INSERT INTO PUB_PRINT_CELL (BUNDERLINE, CCELLCODE, CCELLID, CCOMBINEPROPERTY, CCONTENTPROPERTY, CISFROZEN, CISHEADTAIL, CLINEPROPERTY, CTEMPLATEID, DR, FFONTSTYLE, FIXEDSTYLE, FSHADOWTYPE, IBGCOLOR, IBOTLINECOLOR, IFGCOLOR, IFONRSIZE, IHEIGHT, ILEFTLINECOLOR, IRIGHTCOLOR, ISDYCOLGROUP, ISDYNROWHEIGHT, ISLASTPAGETRAIL, ISTARTX, ISTARTY, ITOPLINECOLOR, IWIDTH, OPTIONS, PREPARE1, PREPARE2, TABLE_CODE, TS, VFONTNAME, VTEXT, VVAR) VALUES ('0', '004002004002', '1001ZZ100000000039GB', '0', '0110', '10', null, '11111111', '1001ZZ100000000039BH', 0, 0, null, 0, -1, 0, -16777216, 12, 20, 0, 0, null, null, null, 160, 75, 0, 80, '<nc.vo.pub.print.PrintCellExtVO>
  <height__decimal>0.0</height__decimal>
  <textDirection>0</textDirection>
  <lineSpaceBetween>0</lineSpaceBetween>
  <formatType>0</formatType>
</nc.vo.pub.print.PrintCellExtVO>', null, null, null, '2019-04-13 19:18:41', 'Dialog', '委托单位', null);
INSERT INTO PUB_PRINT_CELL (BUNDERLINE, CCELLCODE, CCELLID, CCOMBINEPROPERTY, CCONTENTPROPERTY, CISFROZEN, CISHEADTAIL, CLINEPROPERTY, CTEMPLATEID, DR, FFONTSTYLE, FIXEDSTYLE, FSHADOWTYPE, IBGCOLOR, IBOTLINECOLOR, IFGCOLOR, IFONRSIZE, IHEIGHT, ILEFTLINECOLOR, IRIGHTCOLOR, ISDYCOLGROUP, ISDYNROWHEIGHT, ISLASTPAGETRAIL, ISTARTX, ISTARTY, ITOPLINECOLOR, IWIDTH, OPTIONS, PREPARE1, PREPARE2, TABLE_CODE, TS, VFONTNAME, VTEXT, VVAR) VALUES ('0', '004003004003', '1001ZZ100000000039GC', '0', '1110', '10', null, '11111111', '1001ZZ100000000039BH', 0, 0, null, 0, -1, 0, -16777216, 12, 20, 0, 0, null, null, null, 240, 75, 0, 80, '<nc.vo.pub.print.PrintCellExtVO>
  <height__decimal>0.0</height__decimal>
  <textDirection>0</textDirection>
  <lineSpaceBetween>0</lineSpaceBetween>
  <formatType>0</formatType>
</nc.vo.pub.print.PrintCellExtVO>', null, null, null, '2019-04-13 19:18:41', 'Dialog', '委托单位', 'pk_owner.name');
INSERT INTO PUB_PRINT_CELL (BUNDERLINE, CCELLCODE, CCELLID, CCOMBINEPROPERTY, CCONTENTPROPERTY, CISFROZEN, CISHEADTAIL, CLINEPROPERTY, CTEMPLATEID, DR, FFONTSTYLE, FIXEDSTYLE, FSHADOWTYPE, IBGCOLOR, IBOTLINECOLOR, IFGCOLOR, IFONRSIZE, IHEIGHT, ILEFTLINECOLOR, IRIGHTCOLOR, ISDYCOLGROUP, ISDYNROWHEIGHT, ISLASTPAGETRAIL, ISTARTX, ISTARTY, ITOPLINECOLOR, IWIDTH, OPTIONS, PREPARE1, PREPARE2, TABLE_CODE, TS, VFONTNAME, VTEXT, VVAR) VALUES ('0', '004004004004', '1001ZZ100000000039GD', '0', '0110', '10', null, '11111111', '1001ZZ100000000039BH', 0, 0, null, 0, -1, 0, -16777216, 12, 20, 0, 0, null, null, null, 320, 75, 0, 80, '<nc.vo.pub.print.PrintCellExtVO>
  <height__decimal>0.0</height__decimal>
  <textDirection>0</textDirection>
  <lineSpaceBetween>0</lineSpaceBetween>
  <formatType>0</formatType>
</nc.vo.pub.print.PrintCellExtVO>', null, null, null, '2019-04-13 19:18:41', 'Dialog', '部门', null);
INSERT INTO PUB_PRINT_CELL (BUNDERLINE, CCELLCODE, CCELLID, CCOMBINEPROPERTY, CCONTENTPROPERTY, CISFROZEN, CISHEADTAIL, CLINEPROPERTY, CTEMPLATEID, DR, FFONTSTYLE, FIXEDSTYLE, FSHADOWTYPE, IBGCOLOR, IBOTLINECOLOR, IFGCOLOR, IFONRSIZE, IHEIGHT, ILEFTLINECOLOR, IRIGHTCOLOR, ISDYCOLGROUP, ISDYNROWHEIGHT, ISLASTPAGETRAIL, ISTARTX, ISTARTY, ITOPLINECOLOR, IWIDTH, OPTIONS, PREPARE1, PREPARE2, TABLE_CODE, TS, VFONTNAME, VTEXT, VVAR) VALUES ('0', '004005004005', '1001ZZ100000000039GE', '0', '1110', '10', null, '11111111', '1001ZZ100000000039BH', 0, 0, null, 0, -1, 0, -16777216, 12, 20, 0, 0, null, null, null, 400, 75, 0, 80, '<nc.vo.pub.print.PrintCellExtVO>
  <height__decimal>0.0</height__decimal>
  <textDirection>0</textDirection>
  <lineSpaceBetween>0</lineSpaceBetween>
  <formatType>0</formatType>
</nc.vo.pub.print.PrintCellExtVO>', null, null, null, '2019-04-13 19:18:41', 'Dialog', '部门', 'pk_dept.name');
INSERT INTO PUB_PRINT_CELL (BUNDERLINE, CCELLCODE, CCELLID, CCOMBINEPROPERTY, CCONTENTPROPERTY, CISFROZEN, CISHEADTAIL, CLINEPROPERTY, CTEMPLATEID, DR, FFONTSTYLE, FIXEDSTYLE, FSHADOWTYPE, IBGCOLOR, IBOTLINECOLOR, IFGCOLOR, IFONRSIZE, IHEIGHT, ILEFTLINECOLOR, IRIGHTCOLOR, ISDYCOLGROUP, ISDYNROWHEIGHT, ISLASTPAGETRAIL, ISTARTX, ISTARTY, ITOPLINECOLOR, IWIDTH, OPTIONS, PREPARE1, PREPARE2, TABLE_CODE, TS, VFONTNAME, VTEXT, VVAR) VALUES ('0', '005000005000', '1001ZZ100000000039GF', '0', '0110', '10', null, '11111111', '1001ZZ100000000039BH', 0, 0, null, 0, -1, 0, -16777216, 12, 20, 0, 0, null, null, null, 0, 95, 0, 80, '<nc.vo.pub.print.PrintCellExtVO>
  <height__decimal>0.0</height__decimal>
  <textDirection>0</textDirection>
  <lineSpaceBetween>0</lineSpaceBetween>
  <formatType>0</formatType>
</nc.vo.pub.print.PrintCellExtVO>', null, null, null, '2019-04-13 19:18:41', 'Dialog', '付费单位', null);
INSERT INTO PUB_PRINT_CELL (BUNDERLINE, CCELLCODE, CCELLID, CCOMBINEPROPERTY, CCONTENTPROPERTY, CISFROZEN, CISHEADTAIL, CLINEPROPERTY, CTEMPLATEID, DR, FFONTSTYLE, FIXEDSTYLE, FSHADOWTYPE, IBGCOLOR, IBOTLINECOLOR, IFGCOLOR, IFONRSIZE, IHEIGHT, ILEFTLINECOLOR, IRIGHTCOLOR, ISDYCOLGROUP, ISDYNROWHEIGHT, ISLASTPAGETRAIL, ISTARTX, ISTARTY, ITOPLINECOLOR, IWIDTH, OPTIONS, PREPARE1, PREPARE2, TABLE_CODE, TS, VFONTNAME, VTEXT, VVAR) VALUES ('0', '005001005001', '1001ZZ100000000039GG', '0', '1110', '10', null, '11111111', '1001ZZ100000000039BH', 0, 0, null, 0, -1, 0, -16777216, 12, 20, 0, 0, null, null, null, 80, 95, 0, 80, '<nc.vo.pub.print.PrintCellExtVO>
  <height__decimal>0.0</height__decimal>
  <textDirection>0</textDirection>
  <lineSpaceBetween>0</lineSpaceBetween>
  <formatType>0</formatType>
</nc.vo.pub.print.PrintCellExtVO>', null, null, null, '2019-04-13 19:18:41', 'Dialog', '付费单位', 'pk_payer.name');
INSERT INTO PUB_PRINT_CELL (BUNDERLINE, CCELLCODE, CCELLID, CCOMBINEPROPERTY, CCONTENTPROPERTY, CISFROZEN, CISHEADTAIL, CLINEPROPERTY, CTEMPLATEID, DR, FFONTSTYLE, FIXEDSTYLE, FSHADOWTYPE, IBGCOLOR, IBOTLINECOLOR, IFGCOLOR, IFONRSIZE, IHEIGHT, ILEFTLINECOLOR, IRIGHTCOLOR, ISDYCOLGROUP, ISDYNROWHEIGHT, ISLASTPAGETRAIL, ISTARTX, ISTARTY, ITOPLINECOLOR, IWIDTH, OPTIONS, PREPARE1, PREPARE2, TABLE_CODE, TS, VFONTNAME, VTEXT, VVAR) VALUES ('0', '005002005002', '1001ZZ100000000039GH', '0', '0110', '10', null, '11111111', '1001ZZ100000000039BH', 0, 0, null, 0, -1, 0, -16777216, 12, 20, 0, 0, null, null, null, 160, 95, 0, 80, '<nc.vo.pub.print.PrintCellExtVO>
  <height__decimal>0.0</height__decimal>
  <textDirection>0</textDirection>
  <lineSpaceBetween>0</lineSpaceBetween>
  <formatType>0</formatType>
</nc.vo.pub.print.PrintCellExtVO>', null, null, null, '2019-04-13 19:18:41', 'Dialog', '联系人', null);
INSERT INTO PUB_PRINT_CELL (BUNDERLINE, CCELLCODE, CCELLID, CCOMBINEPROPERTY, CCONTENTPROPERTY, CISFROZEN, CISHEADTAIL, CLINEPROPERTY, CTEMPLATEID, DR, FFONTSTYLE, FIXEDSTYLE, FSHADOWTYPE, IBGCOLOR, IBOTLINECOLOR, IFGCOLOR, IFONRSIZE, IHEIGHT, ILEFTLINECOLOR, IRIGHTCOLOR, ISDYCOLGROUP, ISDYNROWHEIGHT, ISLASTPAGETRAIL, ISTARTX, ISTARTY, ITOPLINECOLOR, IWIDTH, OPTIONS, PREPARE1, PREPARE2, TABLE_CODE, TS, VFONTNAME, VTEXT, VVAR) VALUES ('0', '005003005003', '1001ZZ100000000039GI', '0', '1110', '10', null, '11111111', '1001ZZ100000000039BH', 0, 0, null, 0, -1, 0, -16777216, 12, 20, 0, 0, null, null, null, 240, 95, 0, 80, '<nc.vo.pub.print.PrintCellExtVO>
  <height__decimal>0.0</height__decimal>
  <textDirection>0</textDirection>
  <lineSpaceBetween>0</lineSpaceBetween>
  <formatType>0</formatType>
</nc.vo.pub.print.PrintCellExtVO>', null, null, null, '2019-04-13 19:18:41', 'Dialog', '联系人', 'contract');
INSERT INTO PUB_PRINT_CELL (BUNDERLINE, CCELLCODE, CCELLID, CCOMBINEPROPERTY, CCONTENTPROPERTY, CISFROZEN, CISHEADTAIL, CLINEPROPERTY, CTEMPLATEID, DR, FFONTSTYLE, FIXEDSTYLE, FSHADOWTYPE, IBGCOLOR, IBOTLINECOLOR, IFGCOLOR, IFONRSIZE, IHEIGHT, ILEFTLINECOLOR, IRIGHTCOLOR, ISDYCOLGROUP, ISDYNROWHEIGHT, ISLASTPAGETRAIL, ISTARTX, ISTARTY, ITOPLINECOLOR, IWIDTH, OPTIONS, PREPARE1, PREPARE2, TABLE_CODE, TS, VFONTNAME, VTEXT, VVAR) VALUES ('0', '005004005004', '1001ZZ100000000039GJ', '0', '0110', '10', null, '11111111', '1001ZZ100000000039BH', 0, 0, null, 0, -1, 0, -16777216, 12, 20, 0, 0, null, null, null, 320, 95, 0, 80, '<nc.vo.pub.print.PrintCellExtVO>
  <height__decimal>0.0</height__decimal>
  <textDirection>0</textDirection>
  <lineSpaceBetween>0</lineSpaceBetween>
  <formatType>0</formatType>
</nc.vo.pub.print.PrintCellExtVO>', null, null, null, '2019-04-13 19:18:41', 'Dialog', '制单人', null);
INSERT INTO PUB_PRINT_CELL (BUNDERLINE, CCELLCODE, CCELLID, CCOMBINEPROPERTY, CCONTENTPROPERTY, CISFROZEN, CISHEADTAIL, CLINEPROPERTY, CTEMPLATEID, DR, FFONTSTYLE, FIXEDSTYLE, FSHADOWTYPE, IBGCOLOR, IBOTLINECOLOR, IFGCOLOR, IFONRSIZE, IHEIGHT, ILEFTLINECOLOR, IRIGHTCOLOR, ISDYCOLGROUP, ISDYNROWHEIGHT, ISLASTPAGETRAIL, ISTARTX, ISTARTY, ITOPLINECOLOR, IWIDTH, OPTIONS, PREPARE1, PREPARE2, TABLE_CODE, TS, VFONTNAME, VTEXT, VVAR) VALUES ('0', '005005005005', '1001ZZ100000000039GK', '0', '1110', '10', null, '11111111', '1001ZZ100000000039BH', 0, 0, null, 0, -1, 0, -16777216, 12, 20, 0, 0, null, null, null, 400, 95, 0, 80, '<nc.vo.pub.print.PrintCellExtVO>
  <height__decimal>0.0</height__decimal>
  <textDirection>0</textDirection>
  <lineSpaceBetween>0</lineSpaceBetween>
  <formatType>0</formatType>
</nc.vo.pub.print.PrintCellExtVO>', null, null, null, '2019-04-13 19:18:41', 'Dialog', '制单人', 'cuserid.name');
INSERT INTO PUB_PRINT_CELL (BUNDERLINE, CCELLCODE, CCELLID, CCOMBINEPROPERTY, CCONTENTPROPERTY, CISFROZEN, CISHEADTAIL, CLINEPROPERTY, CTEMPLATEID, DR, FFONTSTYLE, FIXEDSTYLE, FSHADOWTYPE, IBGCOLOR, IBOTLINECOLOR, IFGCOLOR, IFONRSIZE, IHEIGHT, ILEFTLINECOLOR, IRIGHTCOLOR, ISDYCOLGROUP, ISDYNROWHEIGHT, ISLASTPAGETRAIL, ISTARTX, ISTARTY, ITOPLINECOLOR, IWIDTH, OPTIONS, PREPARE1, PREPARE2, TABLE_CODE, TS, VFONTNAME, VTEXT, VVAR) VALUES ('0', '006000006000', '1001ZZ100000000039GL', '0', '0110', '10', null, '11111111', '1001ZZ100000000039BH', 0, 0, null, 0, -1, 0, -16777216, 12, 20, 0, 0, null, null, null, 0, 115, 0, 80, '<nc.vo.pub.print.PrintCellExtVO>
  <height__decimal>0.0</height__decimal>
  <textDirection>0</textDirection>
  <lineSpaceBetween>0</lineSpaceBetween>
  <formatType>0</formatType>
</nc.vo.pub.print.PrintCellExtVO>', null, null, null, '2019-04-13 19:18:41', 'Dialog', '电子邮件', null);
INSERT INTO PUB_PRINT_CELL (BUNDERLINE, CCELLCODE, CCELLID, CCOMBINEPROPERTY, CCONTENTPROPERTY, CISFROZEN, CISHEADTAIL, CLINEPROPERTY, CTEMPLATEID, DR, FFONTSTYLE, FIXEDSTYLE, FSHADOWTYPE, IBGCOLOR, IBOTLINECOLOR, IFGCOLOR, IFONRSIZE, IHEIGHT, ILEFTLINECOLOR, IRIGHTCOLOR, ISDYCOLGROUP, ISDYNROWHEIGHT, ISLASTPAGETRAIL, ISTARTX, ISTARTY, ITOPLINECOLOR, IWIDTH, OPTIONS, PREPARE1, PREPARE2, TABLE_CODE, TS, VFONTNAME, VTEXT, VVAR) VALUES ('0', '006001006001', '1001ZZ100000000039GM', '0', '1110', '10', null, '11111111', '1001ZZ100000000039BH', 0, 0, null, 0, -1, 0, -16777216, 12, 20, 0, 0, null, null, null, 80, 115, 0, 80, '<nc.vo.pub.print.PrintCellExtVO>
  <height__decimal>0.0</height__decimal>
  <textDirection>0</textDirection>
  <lineSpaceBetween>0</lineSpaceBetween>
  <formatType>0</formatType>
</nc.vo.pub.print.PrintCellExtVO>', null, null, null, '2019-04-13 19:18:41', 'Dialog', '电子邮件', 'email');
INSERT INTO PUB_PRINT_CELL (BUNDERLINE, CCELLCODE, CCELLID, CCOMBINEPROPERTY, CCONTENTPROPERTY, CISFROZEN, CISHEADTAIL, CLINEPROPERTY, CTEMPLATEID, DR, FFONTSTYLE, FIXEDSTYLE, FSHADOWTYPE, IBGCOLOR, IBOTLINECOLOR, IFGCOLOR, IFONRSIZE, IHEIGHT, ILEFTLINECOLOR, IRIGHTCOLOR, ISDYCOLGROUP, ISDYNROWHEIGHT, ISLASTPAGETRAIL, ISTARTX, ISTARTY, ITOPLINECOLOR, IWIDTH, OPTIONS, PREPARE1, PREPARE2, TABLE_CODE, TS, VFONTNAME, VTEXT, VVAR) VALUES ('0', '006002006002', '1001ZZ100000000039GN', '0', '0110', '10', null, '11111111', '1001ZZ100000000039BH', 0, 0, null, 0, -1, 0, -16777216, 12, 20, 0, 0, null, null, null, 160, 115, 0, 80, '<nc.vo.pub.print.PrintCellExtVO>
  <height__decimal>0.0</height__decimal>
  <textDirection>0</textDirection>
  <lineSpaceBetween>0</lineSpaceBetween>
  <formatType>0</formatType>
</nc.vo.pub.print.PrintCellExtVO>', null, null, null, '2019-04-13 19:18:41', 'Dialog', '联系电话', null);
INSERT INTO PUB_PRINT_CELL (BUNDERLINE, CCELLCODE, CCELLID, CCOMBINEPROPERTY, CCONTENTPROPERTY, CISFROZEN, CISHEADTAIL, CLINEPROPERTY, CTEMPLATEID, DR, FFONTSTYLE, FIXEDSTYLE, FSHADOWTYPE, IBGCOLOR, IBOTLINECOLOR, IFGCOLOR, IFONRSIZE, IHEIGHT, ILEFTLINECOLOR, IRIGHTCOLOR, ISDYCOLGROUP, ISDYNROWHEIGHT, ISLASTPAGETRAIL, ISTARTX, ISTARTY, ITOPLINECOLOR, IWIDTH, OPTIONS, PREPARE1, PREPARE2, TABLE_CODE, TS, VFONTNAME, VTEXT, VVAR) VALUES ('0', '006003006003', '1001ZZ100000000039GO', '0', '1110', '10', null, '11111111', '1001ZZ100000000039BH', 0, 0, null, 0, -1, 0, -16777216, 12, 20, 0, 0, null, null, null, 240, 115, 0, 80, '<nc.vo.pub.print.PrintCellExtVO>
  <height__decimal>0.0</height__decimal>
  <textDirection>0</textDirection>
  <lineSpaceBetween>0</lineSpaceBetween>
  <formatType>0</formatType>
</nc.vo.pub.print.PrintCellExtVO>', null, null, null, '2019-04-13 19:18:41', 'Dialog', '联系电话', 'teleno');
INSERT INTO PUB_PRINT_CELL (BUNDERLINE, CCELLCODE, CCELLID, CCOMBINEPROPERTY, CCONTENTPROPERTY, CISFROZEN, CISHEADTAIL, CLINEPROPERTY, CTEMPLATEID, DR, FFONTSTYLE, FIXEDSTYLE, FSHADOWTYPE, IBGCOLOR, IBOTLINECOLOR, IFGCOLOR, IFONRSIZE, IHEIGHT, ILEFTLINECOLOR, IRIGHTCOLOR, ISDYCOLGROUP, ISDYNROWHEIGHT, ISLASTPAGETRAIL, ISTARTX, ISTARTY, ITOPLINECOLOR, IWIDTH, OPTIONS, PREPARE1, PREPARE2, TABLE_CODE, TS, VFONTNAME, VTEXT, VVAR) VALUES ('0', '006004006004', '1001ZZ100000000039GP', '0', '0110', '10', null, '11111111', '1001ZZ100000000039BH', 0, 0, null, 0, -1, 0, -16777216, 12, 20, 0, 0, null, null, null, 320, 115, 0, 80, '<nc.vo.pub.print.PrintCellExtVO>
  <height__decimal>0.0</height__decimal>
  <textDirection>0</textDirection>
  <lineSpaceBetween>0</lineSpaceBetween>
  <formatType>0</formatType>
</nc.vo.pub.print.PrintCellExtVO>', null, null, null, '2019-04-13 19:18:41', 'Dialog', '产品大类', null);
INSERT INTO PUB_PRINT_CELL (BUNDERLINE, CCELLCODE, CCELLID, CCOMBINEPROPERTY, CCONTENTPROPERTY, CISFROZEN, CISHEADTAIL, CLINEPROPERTY, CTEMPLATEID, DR, FFONTSTYLE, FIXEDSTYLE, FSHADOWTYPE, IBGCOLOR, IBOTLINECOLOR, IFGCOLOR, IFONRSIZE, IHEIGHT, ILEFTLINECOLOR, IRIGHTCOLOR, ISDYCOLGROUP, ISDYNROWHEIGHT, ISLASTPAGETRAIL, ISTARTX, ISTARTY, ITOPLINECOLOR, IWIDTH, OPTIONS, PREPARE1, PREPARE2, TABLE_CODE, TS, VFONTNAME, VTEXT, VVAR) VALUES ('0', '006005006005', '1001ZZ100000000039GQ', '0', '1110', '10', null, '11111111', '1001ZZ100000000039BH', 0, 0, null, 0, -1, 0, -16777216, 12, 20, 0, 0, null, null, null, 400, 115, 0, 80, '<nc.vo.pub.print.PrintCellExtVO>
  <height__decimal>0.0</height__decimal>
  <textDirection>0</textDirection>
  <lineSpaceBetween>0</lineSpaceBetween>
  <formatType>0</formatType>
</nc.vo.pub.print.PrintCellExtVO>', null, null, null, '2019-04-13 19:18:41', 'Dialog', '产品大类', 'pk_maincategory.name');
INSERT INTO PUB_PRINT_CELL (BUNDERLINE, CCELLCODE, CCELLID, CCOMBINEPROPERTY, CCONTENTPROPERTY, CISFROZEN, CISHEADTAIL, CLINEPROPERTY, CTEMPLATEID, DR, FFONTSTYLE, FIXEDSTYLE, FSHADOWTYPE, IBGCOLOR, IBOTLINECOLOR, IFGCOLOR, IFONRSIZE, IHEIGHT, ILEFTLINECOLOR, IRIGHTCOLOR, ISDYCOLGROUP, ISDYNROWHEIGHT, ISLASTPAGETRAIL, ISTARTX, ISTARTY, ITOPLINECOLOR, IWIDTH, OPTIONS, PREPARE1, PREPARE2, TABLE_CODE, TS, VFONTNAME, VTEXT, VVAR) VALUES ('0', '007000007000', '1001ZZ100000000039GR', '0', '0110', '10', null, '11111111', '1001ZZ100000000039BH', 0, 0, null, 0, -1, 0, -16777216, 12, 20, 0, 0, null, null, null, 0, 135, 0, 80, '<nc.vo.pub.print.PrintCellExtVO>
  <height__decimal>0.0</height__decimal>
  <textDirection>0</textDirection>
  <lineSpaceBetween>0</lineSpaceBetween>
  <formatType>0</formatType>
</nc.vo.pub.print.PrintCellExtVO>', null, null, null, '2019-04-13 19:18:41', 'Dialog', '二级分类', null);
INSERT INTO PUB_PRINT_CELL (BUNDERLINE, CCELLCODE, CCELLID, CCOMBINEPROPERTY, CCONTENTPROPERTY, CISFROZEN, CISHEADTAIL, CLINEPROPERTY, CTEMPLATEID, DR, FFONTSTYLE, FIXEDSTYLE, FSHADOWTYPE, IBGCOLOR, IBOTLINECOLOR, IFGCOLOR, IFONRSIZE, IHEIGHT, ILEFTLINECOLOR, IRIGHTCOLOR, ISDYCOLGROUP, ISDYNROWHEIGHT, ISLASTPAGETRAIL, ISTARTX, ISTARTY, ITOPLINECOLOR, IWIDTH, OPTIONS, PREPARE1, PREPARE2, TABLE_CODE, TS, VFONTNAME, VTEXT, VVAR) VALUES ('0', '007001007001', '1001ZZ100000000039GS', '0', '1110', '10', null, '11111111', '1001ZZ100000000039BH', 0, 0, null, 0, -1, 0, -16777216, 12, 20, 0, 0, null, null, null, 80, 135, 0, 80, '<nc.vo.pub.print.PrintCellExtVO>
  <height__decimal>0.0</height__decimal>
  <textDirection>0</textDirection>
  <lineSpaceBetween>0</lineSpaceBetween>
  <formatType>0</formatType>
</nc.vo.pub.print.PrintCellExtVO>', null, null, null, '2019-04-13 19:18:41', 'Dialog', '二级分类', 'pk_subcategory.name');
INSERT INTO PUB_PRINT_CELL (BUNDERLINE, CCELLCODE, CCELLID, CCOMBINEPROPERTY, CCONTENTPROPERTY, CISFROZEN, CISHEADTAIL, CLINEPROPERTY, CTEMPLATEID, DR, FFONTSTYLE, FIXEDSTYLE, FSHADOWTYPE, IBGCOLOR, IBOTLINECOLOR, IFGCOLOR, IFONRSIZE, IHEIGHT, ILEFTLINECOLOR, IRIGHTCOLOR, ISDYCOLGROUP, ISDYNROWHEIGHT, ISLASTPAGETRAIL, ISTARTX, ISTARTY, ITOPLINECOLOR, IWIDTH, OPTIONS, PREPARE1, PREPARE2, TABLE_CODE, TS, VFONTNAME, VTEXT, VVAR) VALUES ('0', '007002007002', '1001ZZ100000000039GT', '0', '0110', '10', null, '11111111', '1001ZZ100000000039BH', 0, 0, null, 0, -1, 0, -16777216, 12, 20, 0, 0, null, null, null, 160, 135, 0, 80, '<nc.vo.pub.print.PrintCellExtVO>
  <height__decimal>0.0</height__decimal>
  <textDirection>0</textDirection>
  <lineSpaceBetween>0</lineSpaceBetween>
  <formatType>0</formatType>
</nc.vo.pub.print.PrintCellExtVO>', null, null, null, '2019-04-13 19:18:41', 'Dialog', '三级分类', null);
INSERT INTO PUB_PRINT_CELL (BUNDERLINE, CCELLCODE, CCELLID, CCOMBINEPROPERTY, CCONTENTPROPERTY, CISFROZEN, CISHEADTAIL, CLINEPROPERTY, CTEMPLATEID, DR, FFONTSTYLE, FIXEDSTYLE, FSHADOWTYPE, IBGCOLOR, IBOTLINECOLOR, IFGCOLOR, IFONRSIZE, IHEIGHT, ILEFTLINECOLOR, IRIGHTCOLOR, ISDYCOLGROUP, ISDYNROWHEIGHT, ISLASTPAGETRAIL, ISTARTX, ISTARTY, ITOPLINECOLOR, IWIDTH, OPTIONS, PREPARE1, PREPARE2, TABLE_CODE, TS, VFONTNAME, VTEXT, VVAR) VALUES ('0', '007003007003', '1001ZZ100000000039GU', '0', '1110', '10', null, '11111111', '1001ZZ100000000039BH', 0, 0, null, 0, -1, 0, -16777216, 12, 20, 0, 0, null, null, null, 240, 135, 0, 80, '<nc.vo.pub.print.PrintCellExtVO>
  <height__decimal>0.0</height__decimal>
  <textDirection>0</textDirection>
  <lineSpaceBetween>0</lineSpaceBetween>
  <formatType>0</formatType>
</nc.vo.pub.print.PrintCellExtVO>', null, null, null, '2019-04-13 19:18:41', 'Dialog', '三级分类', 'pk_lastcategory.name');
INSERT INTO PUB_PRINT_CELL (BUNDERLINE, CCELLCODE, CCELLID, CCOMBINEPROPERTY, CCONTENTPROPERTY, CISFROZEN, CISHEADTAIL, CLINEPROPERTY, CTEMPLATEID, DR, FFONTSTYLE, FIXEDSTYLE, FSHADOWTYPE, IBGCOLOR, IBOTLINECOLOR, IFGCOLOR, IFONRSIZE, IHEIGHT, ILEFTLINECOLOR, IRIGHTCOLOR, ISDYCOLGROUP, ISDYNROWHEIGHT, ISLASTPAGETRAIL, ISTARTX, ISTARTY, ITOPLINECOLOR, IWIDTH, OPTIONS, PREPARE1, PREPARE2, TABLE_CODE, TS, VFONTNAME, VTEXT, VVAR) VALUES ('0', '007004007004', '1001ZZ100000000039GV', '0', '0110', '10', null, '11111111', '1001ZZ100000000039BH', 0, 0, null, 0, -1, 0, -16777216, 12, 20, 0, 0, null, null, null, 320, 135, 0, 80, '<nc.vo.pub.print.PrintCellExtVO>
  <height__decimal>0.0</height__decimal>
  <textDirection>0</textDirection>
  <lineSpaceBetween>0</lineSpaceBetween>
  <formatType>0</formatType>
</nc.vo.pub.print.PrintCellExtVO>', null, null, null, '2019-04-13 19:18:41', 'Dialog', '报告格式', null);
INSERT INTO PUB_PRINT_CELL (BUNDERLINE, CCELLCODE, CCELLID, CCOMBINEPROPERTY, CCONTENTPROPERTY, CISFROZEN, CISHEADTAIL, CLINEPROPERTY, CTEMPLATEID, DR, FFONTSTYLE, FIXEDSTYLE, FSHADOWTYPE, IBGCOLOR, IBOTLINECOLOR, IFGCOLOR, IFONRSIZE, IHEIGHT, ILEFTLINECOLOR, IRIGHTCOLOR, ISDYCOLGROUP, ISDYNROWHEIGHT, ISLASTPAGETRAIL, ISTARTX, ISTARTY, ITOPLINECOLOR, IWIDTH, OPTIONS, PREPARE1, PREPARE2, TABLE_CODE, TS, VFONTNAME, VTEXT, VVAR) VALUES ('0', '007005007005', '1001ZZ100000000039GW', '0', '1110', '10', null, '11111111', '1001ZZ100000000039BH', 0, 0, null, 0, -1, 0, -16777216, 12, 20, 0, 0, null, null, null, 400, 135, 0, 80, '<nc.vo.pub.print.PrintCellExtVO>
  <height__decimal>0.0</height__decimal>
  <textDirection>0</textDirection>
  <lineSpaceBetween>0</lineSpaceBetween>
  <formatType>0</formatType>
</nc.vo.pub.print.PrintCellExtVO>', null, null, null, '2019-04-13 19:18:41', 'Dialog', '报告格式', 'reportformat.name');
INSERT INTO PUB_PRINT_CELL (BUNDERLINE, CCELLCODE, CCELLID, CCOMBINEPROPERTY, CCONTENTPROPERTY, CISFROZEN, CISHEADTAIL, CLINEPROPERTY, CTEMPLATEID, DR, FFONTSTYLE, FIXEDSTYLE, FSHADOWTYPE, IBGCOLOR, IBOTLINECOLOR, IFGCOLOR, IFONRSIZE, IHEIGHT, ILEFTLINECOLOR, IRIGHTCOLOR, ISDYCOLGROUP, ISDYNROWHEIGHT, ISLASTPAGETRAIL, ISTARTX, ISTARTY, ITOPLINECOLOR, IWIDTH, OPTIONS, PREPARE1, PREPARE2, TABLE_CODE, TS, VFONTNAME, VTEXT, VVAR) VALUES ('0', '008000008000', '1001ZZ100000000039GX', '0', '0110', '10', null, '11111111', '1001ZZ100000000039BH', 0, 0, null, 0, -1, 0, -16777216, 12, 20, 0, 0, null, null, null, 0, 155, 0, 80, '<nc.vo.pub.print.PrintCellExtVO>
  <height__decimal>0.0</height__decimal>
  <textDirection>0</textDirection>
  <lineSpaceBetween>0</lineSpaceBetween>
  <formatType>0</formatType>
</nc.vo.pub.print.PrintCellExtVO>', null, null, null, '2019-04-13 19:18:41', 'Dialog', '报告语言', null);
INSERT INTO PUB_PRINT_CELL (BUNDERLINE, CCELLCODE, CCELLID, CCOMBINEPROPERTY, CCONTENTPROPERTY, CISFROZEN, CISHEADTAIL, CLINEPROPERTY, CTEMPLATEID, DR, FFONTSTYLE, FIXEDSTYLE, FSHADOWTYPE, IBGCOLOR, IBOTLINECOLOR, IFGCOLOR, IFONRSIZE, IHEIGHT, ILEFTLINECOLOR, IRIGHTCOLOR, ISDYCOLGROUP, ISDYNROWHEIGHT, ISLASTPAGETRAIL, ISTARTX, ISTARTY, ITOPLINECOLOR, IWIDTH, OPTIONS, PREPARE1, PREPARE2, TABLE_CODE, TS, VFONTNAME, VTEXT, VVAR) VALUES ('0', '008001008001', '1001ZZ100000000039GY', '0', '1110', '10', null, '11111111', '1001ZZ100000000039BH', 0, 0, null, 0, -1, 0, -16777216, 12, 20, 0, 0, null, null, null, 80, 155, 0, 80, '<nc.vo.pub.print.PrintCellExtVO>
  <height__decimal>0.0</height__decimal>
  <textDirection>0</textDirection>
  <lineSpaceBetween>0</lineSpaceBetween>
  <formatType>0</formatType>
</nc.vo.pub.print.PrintCellExtVO>', null, null, null, '2019-04-13 19:18:41', 'Dialog', '报告语言', 'reportlang.name');
INSERT INTO PUB_PRINT_CELL (BUNDERLINE, CCELLCODE, CCELLID, CCOMBINEPROPERTY, CCONTENTPROPERTY, CISFROZEN, CISHEADTAIL, CLINEPROPERTY, CTEMPLATEID, DR, FFONTSTYLE, FIXEDSTYLE, FSHADOWTYPE, IBGCOLOR, IBOTLINECOLOR, IFGCOLOR, IFONRSIZE, IHEIGHT, ILEFTLINECOLOR, IRIGHTCOLOR, ISDYCOLGROUP, ISDYNROWHEIGHT, ISLASTPAGETRAIL, ISTARTX, ISTARTY, ITOPLINECOLOR, IWIDTH, OPTIONS, PREPARE1, PREPARE2, TABLE_CODE, TS, VFONTNAME, VTEXT, VVAR) VALUES ('0', '008002008002', '1001ZZ100000000039GZ', '0', '0110', '10', null, '11111111', '1001ZZ100000000039BH', 0, 0, null, 0, -1, 0, -16777216, 12, 20, 0, 0, null, null, null, 160, 155, 0, 80, '<nc.vo.pub.print.PrintCellExtVO>
  <height__decimal>0.0</height__decimal>
  <textDirection>0</textDirection>
  <lineSpaceBetween>0</lineSpaceBetween>
  <formatType>0</formatType>
</nc.vo.pub.print.PrintCellExtVO>', null, null, null, '2019-04-13 19:18:41', 'Dialog', '测试目的', null);
INSERT INTO PUB_PRINT_CELL (BUNDERLINE, CCELLCODE, CCELLID, CCOMBINEPROPERTY, CCONTENTPROPERTY, CISFROZEN, CISHEADTAIL, CLINEPROPERTY, CTEMPLATEID, DR, FFONTSTYLE, FIXEDSTYLE, FSHADOWTYPE, IBGCOLOR, IBOTLINECOLOR, IFGCOLOR, IFONRSIZE, IHEIGHT, ILEFTLINECOLOR, IRIGHTCOLOR, ISDYCOLGROUP, ISDYNROWHEIGHT, ISLASTPAGETRAIL, ISTARTX, ISTARTY, ITOPLINECOLOR, IWIDTH, OPTIONS, PREPARE1, PREPARE2, TABLE_CODE, TS, VFONTNAME, VTEXT, VVAR) VALUES ('0', '008003008003', '1001ZZ100000000039H0', '0', '1110', '10', null, '11111111', '1001ZZ100000000039BH', 0, 0, null, 0, -1, 0, -16777216, 12, 20, 0, 0, null, null, null, 240, 155, 0, 80, '<nc.vo.pub.print.PrintCellExtVO>
  <height__decimal>0.0</height__decimal>
  <textDirection>0</textDirection>
  <lineSpaceBetween>0</lineSpaceBetween>
  <formatType>0</formatType>
</nc.vo.pub.print.PrintCellExtVO>', null, null, null, '2019-04-13 19:18:41', 'Dialog', '测试目的', 'testaim');
INSERT INTO PUB_PRINT_CELL (BUNDERLINE, CCELLCODE, CCELLID, CCOMBINEPROPERTY, CCONTENTPROPERTY, CISFROZEN, CISHEADTAIL, CLINEPROPERTY, CTEMPLATEID, DR, FFONTSTYLE, FIXEDSTYLE, FSHADOWTYPE, IBGCOLOR, IBOTLINECOLOR, IFGCOLOR, IFONRSIZE, IHEIGHT, ILEFTLINECOLOR, IRIGHTCOLOR, ISDYCOLGROUP, ISDYNROWHEIGHT, ISLASTPAGETRAIL, ISTARTX, ISTARTY, ITOPLINECOLOR, IWIDTH, OPTIONS, PREPARE1, PREPARE2, TABLE_CODE, TS, VFONTNAME, VTEXT, VVAR) VALUES ('0', '008004008004', '1001ZZ100000000039H1', '0', '0110', '10', null, '11111111', '1001ZZ100000000039BH', 0, 0, null, 0, -1, 0, -16777216, 12, 20, 0, 0, null, null, null, 320, 155, 0, 80, '<nc.vo.pub.print.PrintCellExtVO>
  <height__decimal>0.0</height__decimal>
  <textDirection>0</textDirection>
  <lineSpaceBetween>0</lineSpaceBetween>
  <formatType>0</formatType>
</nc.vo.pub.print.PrintCellExtVO>', null, null, null, '2019-04-13 19:18:41', 'Dialog', '进度要求', null);
INSERT INTO PUB_PRINT_CELL (BUNDERLINE, CCELLCODE, CCELLID, CCOMBINEPROPERTY, CCONTENTPROPERTY, CISFROZEN, CISHEADTAIL, CLINEPROPERTY, CTEMPLATEID, DR, FFONTSTYLE, FIXEDSTYLE, FSHADOWTYPE, IBGCOLOR, IBOTLINECOLOR, IFGCOLOR, IFONRSIZE, IHEIGHT, ILEFTLINECOLOR, IRIGHTCOLOR, ISDYCOLGROUP, ISDYNROWHEIGHT, ISLASTPAGETRAIL, ISTARTX, ISTARTY, ITOPLINECOLOR, IWIDTH, OPTIONS, PREPARE1, PREPARE2, TABLE_CODE, TS, VFONTNAME, VTEXT, VVAR) VALUES ('0', '008005008005', '1001ZZ100000000039H2', '0', '1110', '10', null, '11111111', '1001ZZ100000000039BH', 0, 0, null, 0, -1, 0, -16777216, 12, 20, 0, 0, null, null, null, 400, 155, 0, 80, '<nc.vo.pub.print.PrintCellExtVO>
  <height__decimal>0.0</height__decimal>
  <textDirection>0</textDirection>
  <lineSpaceBetween>0</lineSpaceBetween>
  <formatType>0</formatType>
</nc.vo.pub.print.PrintCellExtVO>', null, null, null, '2019-04-13 19:18:41', 'Dialog', '进度要求', 'progressneed');
INSERT INTO PUB_PRINT_CELL (BUNDERLINE, CCELLCODE, CCELLID, CCOMBINEPROPERTY, CCONTENTPROPERTY, CISFROZEN, CISHEADTAIL, CLINEPROPERTY, CTEMPLATEID, DR, FFONTSTYLE, FIXEDSTYLE, FSHADOWTYPE, IBGCOLOR, IBOTLINECOLOR, IFGCOLOR, IFONRSIZE, IHEIGHT, ILEFTLINECOLOR, IRIGHTCOLOR, ISDYCOLGROUP, ISDYNROWHEIGHT, ISLASTPAGETRAIL, ISTARTX, ISTARTY, ITOPLINECOLOR, IWIDTH, OPTIONS, PREPARE1, PREPARE2, TABLE_CODE, TS, VFONTNAME, VTEXT, VVAR) VALUES ('0', '009000009000', '1001ZZ100000000039H3', '0', '0110', '10', null, '11111111', '1001ZZ100000000039BH', 0, 0, null, 0, -1, 0, -16777216, 12, 20, 0, 0, null, null, null, 0, 175, 0, 80, '<nc.vo.pub.print.PrintCellExtVO>
  <height__decimal>0.0</height__decimal>
  <textDirection>0</textDirection>
  <lineSpaceBetween>0</lineSpaceBetween>
  <formatType>0</formatType>
</nc.vo.pub.print.PrintCellExtVO>', null, null, null, '2019-04-13 19:18:41', 'Dialog', '检后样品处理', null);
INSERT INTO PUB_PRINT_CELL (BUNDERLINE, CCELLCODE, CCELLID, CCOMBINEPROPERTY, CCONTENTPROPERTY, CISFROZEN, CISHEADTAIL, CLINEPROPERTY, CTEMPLATEID, DR, FFONTSTYLE, FIXEDSTYLE, FSHADOWTYPE, IBGCOLOR, IBOTLINECOLOR, IFGCOLOR, IFONRSIZE, IHEIGHT, ILEFTLINECOLOR, IRIGHTCOLOR, ISDYCOLGROUP, ISDYNROWHEIGHT, ISLASTPAGETRAIL, ISTARTX, ISTARTY, ITOPLINECOLOR, IWIDTH, OPTIONS, PREPARE1, PREPARE2, TABLE_CODE, TS, VFONTNAME, VTEXT, VVAR) VALUES ('0', '009001009001', '1001ZZ100000000039H4', '0', '1110', '10', null, '11111111', '1001ZZ100000000039BH', 0, 0, null, 0, -1, 0, -16777216, 12, 20, 0, 0, null, null, null, 80, 175, 0, 80, '<nc.vo.pub.print.PrintCellExtVO>
  <height__decimal>0.0</height__decimal>
  <textDirection>0</textDirection>
  <lineSpaceBetween>0</lineSpaceBetween>
  <formatType>0</formatType>
</nc.vo.pub.print.PrintCellExtVO>', null, null, null, '2019-04-13 19:18:41', 'Dialog', '检后样品处理', 'sampledealtype.name');
INSERT INTO PUB_PRINT_CELL (BUNDERLINE, CCELLCODE, CCELLID, CCOMBINEPROPERTY, CCONTENTPROPERTY, CISFROZEN, CISHEADTAIL, CLINEPROPERTY, CTEMPLATEID, DR, FFONTSTYLE, FIXEDSTYLE, FSHADOWTYPE, IBGCOLOR, IBOTLINECOLOR, IFGCOLOR, IFONRSIZE, IHEIGHT, ILEFTLINECOLOR, IRIGHTCOLOR, ISDYCOLGROUP, ISDYNROWHEIGHT, ISLASTPAGETRAIL, ISTARTX, ISTARTY, ITOPLINECOLOR, IWIDTH, OPTIONS, PREPARE1, PREPARE2, TABLE_CODE, TS, VFONTNAME, VTEXT, VVAR) VALUES ('0', '009002009002', '1001ZZ100000000039H5', '0', '0110', '10', null, '11111111', '1001ZZ100000000039BH', 0, 0, null, 0, -1, 0, -16777216, 12, 20, 0, 0, null, null, null, 160, 175, 0, 80, '<nc.vo.pub.print.PrintCellExtVO>
  <height__decimal>0.0</height__decimal>
  <textDirection>0</textDirection>
  <lineSpaceBetween>0</lineSpaceBetween>
  <formatType>0</formatType>
</nc.vo.pub.print.PrintCellExtVO>', null, null, null, '2019-04-13 19:18:41', 'Dialog', '产品属性', null);
INSERT INTO PUB_PRINT_CELL (BUNDERLINE, CCELLCODE, CCELLID, CCOMBINEPROPERTY, CCONTENTPROPERTY, CISFROZEN, CISHEADTAIL, CLINEPROPERTY, CTEMPLATEID, DR, FFONTSTYLE, FIXEDSTYLE, FSHADOWTYPE, IBGCOLOR, IBOTLINECOLOR, IFGCOLOR, IFONRSIZE, IHEIGHT, ILEFTLINECOLOR, IRIGHTCOLOR, ISDYCOLGROUP, ISDYNROWHEIGHT, ISLASTPAGETRAIL, ISTARTX, ISTARTY, ITOPLINECOLOR, IWIDTH, OPTIONS, PREPARE1, PREPARE2, TABLE_CODE, TS, VFONTNAME, VTEXT, VVAR) VALUES ('0', '009003009003', '1001ZZ100000000039H6', '0', '1110', '10', null, '11111111', '1001ZZ100000000039BH', 0, 0, null, 0, -1, 0, -16777216, 12, 20, 0, 0, null, null, null, 240, 175, 0, 80, '<nc.vo.pub.print.PrintCellExtVO>
  <height__decimal>0.0</height__decimal>
  <textDirection>0</textDirection>
  <lineSpaceBetween>0</lineSpaceBetween>
  <formatType>0</formatType>
</nc.vo.pub.print.PrintCellExtVO>', null, null, null, '2019-04-13 19:18:41', 'Dialog', '产品属性', 'productproperty.name');
INSERT INTO PUB_PRINT_CELL (BUNDERLINE, CCELLCODE, CCELLID, CCOMBINEPROPERTY, CCONTENTPROPERTY, CISFROZEN, CISHEADTAIL, CLINEPROPERTY, CTEMPLATEID, DR, FFONTSTYLE, FIXEDSTYLE, FSHADOWTYPE, IBGCOLOR, IBOTLINECOLOR, IFGCOLOR, IFONRSIZE, IHEIGHT, ILEFTLINECOLOR, IRIGHTCOLOR, ISDYCOLGROUP, ISDYNROWHEIGHT, ISLASTPAGETRAIL, ISTARTX, ISTARTY, ITOPLINECOLOR, IWIDTH, OPTIONS, PREPARE1, PREPARE2, TABLE_CODE, TS, VFONTNAME, VTEXT, VVAR) VALUES ('0', '009004009004', '1001ZZ100000000039H7', '0', '0110', '10', null, '11111111', '1001ZZ100000000039BH', 0, 0, null, 0, -1, 0, -16777216, 12, 20, 0, 0, null, null, null, 320, 175, 0, 80, '<nc.vo.pub.print.PrintCellExtVO>
  <height__decimal>0.0</height__decimal>
  <textDirection>0</textDirection>
  <lineSpaceBetween>0</lineSpaceBetween>
  <formatType>0</formatType>
</nc.vo.pub.print.PrintCellExtVO>', null, null, null, '2019-04-13 19:18:41', 'Dialog', '客户名称', null);
INSERT INTO PUB_PRINT_CELL (BUNDERLINE, CCELLCODE, CCELLID, CCOMBINEPROPERTY, CCONTENTPROPERTY, CISFROZEN, CISHEADTAIL, CLINEPROPERTY, CTEMPLATEID, DR, FFONTSTYLE, FIXEDSTYLE, FSHADOWTYPE, IBGCOLOR, IBOTLINECOLOR, IFGCOLOR, IFONRSIZE, IHEIGHT, ILEFTLINECOLOR, IRIGHTCOLOR, ISDYCOLGROUP, ISDYNROWHEIGHT, ISLASTPAGETRAIL, ISTARTX, ISTARTY, ITOPLINECOLOR, IWIDTH, OPTIONS, PREPARE1, PREPARE2, TABLE_CODE, TS, VFONTNAME, VTEXT, VVAR) VALUES ('0', '009005009005', '1001ZZ100000000039H8', '0', '1110', '10', null, '11111111', '1001ZZ100000000039BH', 0, 0, null, 0, -1, 0, -16777216, 12, 20, 0, 0, null, null, null, 400, 175, 0, 80, '<nc.vo.pub.print.PrintCellExtVO>
  <height__decimal>0.0</height__decimal>
  <textDirection>0</textDirection>
  <lineSpaceBetween>0</lineSpaceBetween>
  <formatType>0</formatType>
</nc.vo.pub.print.PrintCellExtVO>', null, null, null, '2019-04-13 19:18:41', 'Dialog', '客户名称', 'customername');
INSERT INTO PUB_PRINT_CELL (BUNDERLINE, CCELLCODE, CCELLID, CCOMBINEPROPERTY, CCONTENTPROPERTY, CISFROZEN, CISHEADTAIL, CLINEPROPERTY, CTEMPLATEID, DR, FFONTSTYLE, FIXEDSTYLE, FSHADOWTYPE, IBGCOLOR, IBOTLINECOLOR, IFGCOLOR, IFONRSIZE, IHEIGHT, ILEFTLINECOLOR, IRIGHTCOLOR, ISDYCOLGROUP, ISDYNROWHEIGHT, ISLASTPAGETRAIL, ISTARTX, ISTARTY, ITOPLINECOLOR, IWIDTH, OPTIONS, PREPARE1, PREPARE2, TABLE_CODE, TS, VFONTNAME, VTEXT, VVAR) VALUES ('0', '010000010000', '1001ZZ100000000039H9', '0', '0110', '10', null, '11111111', '1001ZZ100000000039BH', 0, 0, null, 0, -1, 0, -16777216, 12, 20, 0, 0, null, null, null, 0, 195, 0, 80, '<nc.vo.pub.print.PrintCellExtVO>
  <height__decimal>0.0</height__decimal>
  <textDirection>0</textDirection>
  <lineSpaceBetween>0</lineSpaceBetween>
  <formatType>0</formatType>
</nc.vo.pub.print.PrintCellExtVO>', null, null, null, '2019-04-13 19:18:41', 'Dialog', '客户类型', null);
INSERT INTO PUB_PRINT_CELL (BUNDERLINE, CCELLCODE, CCELLID, CCOMBINEPROPERTY, CCONTENTPROPERTY, CISFROZEN, CISHEADTAIL, CLINEPROPERTY, CTEMPLATEID, DR, FFONTSTYLE, FIXEDSTYLE, FSHADOWTYPE, IBGCOLOR, IBOTLINECOLOR, IFGCOLOR, IFONRSIZE, IHEIGHT, ILEFTLINECOLOR, IRIGHTCOLOR, ISDYCOLGROUP, ISDYNROWHEIGHT, ISLASTPAGETRAIL, ISTARTX, ISTARTY, ITOPLINECOLOR, IWIDTH, OPTIONS, PREPARE1, PREPARE2, TABLE_CODE, TS, VFONTNAME, VTEXT, VVAR) VALUES ('0', '010001010001', '1001ZZ100000000039HA', '0', '1110', '10', null, '11111111', '1001ZZ100000000039BH', 0, 0, null, 0, -1, 0, -16777216, 12, 20, 0, 0, null, null, null, 80, 195, 0, 80, '<nc.vo.pub.print.PrintCellExtVO>
  <height__decimal>0.0</height__decimal>
  <textDirection>0</textDirection>
  <lineSpaceBetween>0</lineSpaceBetween>
  <formatType>0</formatType>
</nc.vo.pub.print.PrintCellExtVO>', null, null, null, '2019-04-13 19:18:41', 'Dialog', '客户类型', 'customertype.name');
INSERT INTO PUB_PRINT_CELL (BUNDERLINE, CCELLCODE, CCELLID, CCOMBINEPROPERTY, CCONTENTPROPERTY, CISFROZEN, CISHEADTAIL, CLINEPROPERTY, CTEMPLATEID, DR, FFONTSTYLE, FIXEDSTYLE, FSHADOWTYPE, IBGCOLOR, IBOTLINECOLOR, IFGCOLOR, IFONRSIZE, IHEIGHT, ILEFTLINECOLOR, IRIGHTCOLOR, ISDYCOLGROUP, ISDYNROWHEIGHT, ISLASTPAGETRAIL, ISTARTX, ISTARTY, ITOPLINECOLOR, IWIDTH, OPTIONS, PREPARE1, PREPARE2, TABLE_CODE, TS, VFONTNAME, VTEXT, VVAR) VALUES ('0', '010002010002', '1001ZZ100000000039HB', '0', '0110', '10', null, '11111111', '1001ZZ100000000039BH', 0, 0, null, 0, -1, 0, -16777216, 12, 20, 0, 0, null, null, null, 160, 195, 0, 80, '<nc.vo.pub.print.PrintCellExtVO>
  <height__decimal>0.0</height__decimal>
  <textDirection>0</textDirection>
  <lineSpaceBetween>0</lineSpaceBetween>
  <formatType>0</formatType>
</nc.vo.pub.print.PrintCellExtVO>', null, null, null, '2019-04-13 19:18:41', 'Dialog', '测试需求', null);
INSERT INTO PUB_PRINT_CELL (BUNDERLINE, CCELLCODE, CCELLID, CCOMBINEPROPERTY, CCONTENTPROPERTY, CISFROZEN, CISHEADTAIL, CLINEPROPERTY, CTEMPLATEID, DR, FFONTSTYLE, FIXEDSTYLE, FSHADOWTYPE, IBGCOLOR, IBOTLINECOLOR, IFGCOLOR, IFONRSIZE, IHEIGHT, ILEFTLINECOLOR, IRIGHTCOLOR, ISDYCOLGROUP, ISDYNROWHEIGHT, ISLASTPAGETRAIL, ISTARTX, ISTARTY, ITOPLINECOLOR, IWIDTH, OPTIONS, PREPARE1, PREPARE2, TABLE_CODE, TS, VFONTNAME, VTEXT, VVAR) VALUES ('0', '010003010003', '1001ZZ100000000039HC', '0', '1110', '10', null, '11111111', '1001ZZ100000000039BH', 0, 0, null, 0, -1, 0, -16777216, 12, 20, 0, 0, null, null, null, 240, 195, 0, 80, '<nc.vo.pub.print.PrintCellExtVO>
  <height__decimal>0.0</height__decimal>
  <textDirection>0</textDirection>
  <lineSpaceBetween>0</lineSpaceBetween>
  <formatType>0</formatType>
</nc.vo.pub.print.PrintCellExtVO>', null, null, null, '2019-04-13 19:18:41', 'Dialog', '测试需求', 'testrequirement.name');
INSERT INTO PUB_PRINT_CELL (BUNDERLINE, CCELLCODE, CCELLID, CCOMBINEPROPERTY, CCONTENTPROPERTY, CISFROZEN, CISHEADTAIL, CLINEPROPERTY, CTEMPLATEID, DR, FFONTSTYLE, FIXEDSTYLE, FSHADOWTYPE, IBGCOLOR, IBOTLINECOLOR, IFGCOLOR, IFONRSIZE, IHEIGHT, ILEFTLINECOLOR, IRIGHTCOLOR, ISDYCOLGROUP, ISDYNROWHEIGHT, ISLASTPAGETRAIL, ISTARTX, ISTARTY, ITOPLINECOLOR, IWIDTH, OPTIONS, PREPARE1, PREPARE2, TABLE_CODE, TS, VFONTNAME, VTEXT, VVAR) VALUES ('0', '010004010004', '1001ZZ100000000039HD', '0', '0110', '10', null, '11111111', '1001ZZ100000000039BH', 0, 0, null, 0, -1, 0, -16777216, 12, 20, 0, 0, null, null, null, 320, 195, 0, 80, '<nc.vo.pub.print.PrintCellExtVO>
  <height__decimal>0.0</height__decimal>
  <textDirection>0</textDirection>
  <lineSpaceBetween>0</lineSpaceBetween>
  <formatType>0</formatType>
</nc.vo.pub.print.PrintCellExtVO>', null, null, null, '2019-04-13 19:18:41', 'Dialog', '检测性质', null);
INSERT INTO PUB_PRINT_CELL (BUNDERLINE, CCELLCODE, CCELLID, CCOMBINEPROPERTY, CCONTENTPROPERTY, CISFROZEN, CISHEADTAIL, CLINEPROPERTY, CTEMPLATEID, DR, FFONTSTYLE, FIXEDSTYLE, FSHADOWTYPE, IBGCOLOR, IBOTLINECOLOR, IFGCOLOR, IFONRSIZE, IHEIGHT, ILEFTLINECOLOR, IRIGHTCOLOR, ISDYCOLGROUP, ISDYNROWHEIGHT, ISLASTPAGETRAIL, ISTARTX, ISTARTY, ITOPLINECOLOR, IWIDTH, OPTIONS, PREPARE1, PREPARE2, TABLE_CODE, TS, VFONTNAME, VTEXT, VVAR) VALUES ('0', '010005010005', '1001ZZ100000000039HE', '0', '1110', '10', null, '11111111', '1001ZZ100000000039BH', 0, 0, null, 0, -1, 0, -16777216, 12, 20, 0, 0, null, null, null, 400, 195, 0, 80, '<nc.vo.pub.print.PrintCellExtVO>
  <height__decimal>0.0</height__decimal>
  <textDirection>0</textDirection>
  <lineSpaceBetween>0</lineSpaceBetween>
  <formatType>0</formatType>
</nc.vo.pub.print.PrintCellExtVO>', null, null, null, '2019-04-13 19:18:41', 'Dialog', '检测性质', 'checkingproperty.name');
INSERT INTO PUB_PRINT_CELL (BUNDERLINE, CCELLCODE, CCELLID, CCOMBINEPROPERTY, CCONTENTPROPERTY, CISFROZEN, CISHEADTAIL, CLINEPROPERTY, CTEMPLATEID, DR, FFONTSTYLE, FIXEDSTYLE, FSHADOWTYPE, IBGCOLOR, IBOTLINECOLOR, IFGCOLOR, IFONRSIZE, IHEIGHT, ILEFTLINECOLOR, IRIGHTCOLOR, ISDYCOLGROUP, ISDYNROWHEIGHT, ISLASTPAGETRAIL, ISTARTX, ISTARTY, ITOPLINECOLOR, IWIDTH, OPTIONS, PREPARE1, PREPARE2, TABLE_CODE, TS, VFONTNAME, VTEXT, VVAR) VALUES ('0', '011000011000', '1001ZZ100000000039HF', '0', '0110', '10', null, '11111111', '1001ZZ100000000039BH', 0, 0, null, 0, -1, 0, -16777216, 12, 20, 0, 0, null, null, null, 0, 215, 0, 80, '<nc.vo.pub.print.PrintCellExtVO>
  <height__decimal>0.0</height__decimal>
  <textDirection>0</textDirection>
  <lineSpaceBetween>0</lineSpaceBetween>
  <formatType>0</formatType>
</nc.vo.pub.print.PrintCellExtVO>', null, null, null, '2019-04-13 19:18:41', 'Dialog', '生产产线', null);
INSERT INTO PUB_PRINT_CELL (BUNDERLINE, CCELLCODE, CCELLID, CCOMBINEPROPERTY, CCONTENTPROPERTY, CISFROZEN, CISHEADTAIL, CLINEPROPERTY, CTEMPLATEID, DR, FFONTSTYLE, FIXEDSTYLE, FSHADOWTYPE, IBGCOLOR, IBOTLINECOLOR, IFGCOLOR, IFONRSIZE, IHEIGHT, ILEFTLINECOLOR, IRIGHTCOLOR, ISDYCOLGROUP, ISDYNROWHEIGHT, ISLASTPAGETRAIL, ISTARTX, ISTARTY, ITOPLINECOLOR, IWIDTH, OPTIONS, PREPARE1, PREPARE2, TABLE_CODE, TS, VFONTNAME, VTEXT, VVAR) VALUES ('0', '011001011001', '1001ZZ100000000039HG', '0', '1110', '10', null, '11111111', '1001ZZ100000000039BH', 0, 0, null, 0, -1, 0, -16777216, 12, 20, 0, 0, null, null, null, 80, 215, 0, 80, '<nc.vo.pub.print.PrintCellExtVO>
  <height__decimal>0.0</height__decimal>
  <textDirection>0</textDirection>
  <lineSpaceBetween>0</lineSpaceBetween>
  <formatType>0</formatType>
</nc.vo.pub.print.PrintCellExtVO>', null, null, null, '2019-04-13 19:18:41', 'Dialog', '生产产线', 'productline');
INSERT INTO PUB_PRINT_CELL (BUNDERLINE, CCELLCODE, CCELLID, CCOMBINEPROPERTY, CCONTENTPROPERTY, CISFROZEN, CISHEADTAIL, CLINEPROPERTY, CTEMPLATEID, DR, FFONTSTYLE, FIXEDSTYLE, FSHADOWTYPE, IBGCOLOR, IBOTLINECOLOR, IFGCOLOR, IFONRSIZE, IHEIGHT, ILEFTLINECOLOR, IRIGHTCOLOR, ISDYCOLGROUP, ISDYNROWHEIGHT, ISLASTPAGETRAIL, ISTARTX, ISTARTY, ITOPLINECOLOR, IWIDTH, OPTIONS, PREPARE1, PREPARE2, TABLE_CODE, TS, VFONTNAME, VTEXT, VVAR) VALUES ('0', '011002011002', '1001ZZ100000000039HH', '0', '0110', '10', null, '11111111', '1001ZZ100000000039BH', 0, 0, null, 0, -1, 0, -16777216, 12, 20, 0, 0, null, null, null, 160, 215, 0, 80, '<nc.vo.pub.print.PrintCellExtVO>
  <height__decimal>0.0</height__decimal>
  <textDirection>0</textDirection>
  <lineSpaceBetween>0</lineSpaceBetween>
  <formatType>0</formatType>
</nc.vo.pub.print.PrintCellExtVO>', null, null, null, '2019-04-13 19:18:41', 'Dialog', '生产批量', null);
INSERT INTO PUB_PRINT_CELL (BUNDERLINE, CCELLCODE, CCELLID, CCOMBINEPROPERTY, CCONTENTPROPERTY, CISFROZEN, CISHEADTAIL, CLINEPROPERTY, CTEMPLATEID, DR, FFONTSTYLE, FIXEDSTYLE, FSHADOWTYPE, IBGCOLOR, IBOTLINECOLOR, IFGCOLOR, IFONRSIZE, IHEIGHT, ILEFTLINECOLOR, IRIGHTCOLOR, ISDYCOLGROUP, ISDYNROWHEIGHT, ISLASTPAGETRAIL, ISTARTX, ISTARTY, ITOPLINECOLOR, IWIDTH, OPTIONS, PREPARE1, PREPARE2, TABLE_CODE, TS, VFONTNAME, VTEXT, VVAR) VALUES ('0', '011003011003', '1001ZZ100000000039HI', '0', '1110', '10', null, '11111111', '1001ZZ100000000039BH', 0, 0, null, 0, -1, 0, -16777216, 12, 20, 0, 0, null, null, null, 240, 215, 0, 80, '<nc.vo.pub.print.PrintCellExtVO>
  <height__decimal>0.0</height__decimal>
  <textDirection>0</textDirection>
  <lineSpaceBetween>0</lineSpaceBetween>
  <formatType>0</formatType>
</nc.vo.pub.print.PrintCellExtVO>', null, null, null, '2019-04-13 19:18:41', 'Dialog', '生产批量', 'batchnumber');
INSERT INTO PUB_PRINT_CELL (BUNDERLINE, CCELLCODE, CCELLID, CCOMBINEPROPERTY, CCONTENTPROPERTY, CISFROZEN, CISHEADTAIL, CLINEPROPERTY, CTEMPLATEID, DR, FFONTSTYLE, FIXEDSTYLE, FSHADOWTYPE, IBGCOLOR, IBOTLINECOLOR, IFGCOLOR, IFONRSIZE, IHEIGHT, ILEFTLINECOLOR, IRIGHTCOLOR, ISDYCOLGROUP, ISDYNROWHEIGHT, ISLASTPAGETRAIL, ISTARTX, ISTARTY, ITOPLINECOLOR, IWIDTH, OPTIONS, PREPARE1, PREPARE2, TABLE_CODE, TS, VFONTNAME, VTEXT, VVAR) VALUES ('0', '011004011004', '1001ZZ100000000039HJ', '0', '0110', '10', null, '11111111', '1001ZZ100000000039BH', 0, 0, null, 0, -1, 0, -16777216, 12, 20, 0, 0, null, null, null, 320, 215, 0, 80, '<nc.vo.pub.print.PrintCellExtVO>
  <height__decimal>0.0</height__decimal>
  <textDirection>0</textDirection>
  <lineSpaceBetween>0</lineSpaceBetween>
  <formatType>0</formatType>
</nc.vo.pub.print.PrintCellExtVO>', null, null, null, '2019-04-13 19:18:41', 'Dialog', '生产日期', null);
INSERT INTO PUB_PRINT_CELL (BUNDERLINE, CCELLCODE, CCELLID, CCOMBINEPROPERTY, CCONTENTPROPERTY, CISFROZEN, CISHEADTAIL, CLINEPROPERTY, CTEMPLATEID, DR, FFONTSTYLE, FIXEDSTYLE, FSHADOWTYPE, IBGCOLOR, IBOTLINECOLOR, IFGCOLOR, IFONRSIZE, IHEIGHT, ILEFTLINECOLOR, IRIGHTCOLOR, ISDYCOLGROUP, ISDYNROWHEIGHT, ISLASTPAGETRAIL, ISTARTX, ISTARTY, ITOPLINECOLOR, IWIDTH, OPTIONS, PREPARE1, PREPARE2, TABLE_CODE, TS, VFONTNAME, VTEXT, VVAR) VALUES ('0', '011005011005', '1001ZZ100000000039HK', '0', '1110', '10', null, '11111111', '1001ZZ100000000039BH', 0, 0, null, 0, -1, 0, -16777216, 12, 20, 0, 0, null, null, null, 400, 215, 0, 80, '<nc.vo.pub.print.PrintCellExtVO>
  <height__decimal>0.0</height__decimal>
  <textDirection>0</textDirection>
  <lineSpaceBetween>0</lineSpaceBetween>
  <formatType>0</formatType>
</nc.vo.pub.print.PrintCellExtVO>', null, null, null, '2019-04-13 19:18:41', 'Dialog', '生产日期', 'productdate');
INSERT INTO PUB_PRINT_CELL (BUNDERLINE, CCELLCODE, CCELLID, CCOMBINEPROPERTY, CCONTENTPROPERTY, CISFROZEN, CISHEADTAIL, CLINEPROPERTY, CTEMPLATEID, DR, FFONTSTYLE, FIXEDSTYLE, FSHADOWTYPE, IBGCOLOR, IBOTLINECOLOR, IFGCOLOR, IFONRSIZE, IHEIGHT, ILEFTLINECOLOR, IRIGHTCOLOR, ISDYCOLGROUP, ISDYNROWHEIGHT, ISLASTPAGETRAIL, ISTARTX, ISTARTY, ITOPLINECOLOR, IWIDTH, OPTIONS, PREPARE1, PREPARE2, TABLE_CODE, TS, VFONTNAME, VTEXT, VVAR) VALUES ('0', '012000012000', '1001ZZ100000000039HL', '0', '0110', '10', null, '11111111', '1001ZZ100000000039BH', 0, 0, null, 0, -1, 0, -16777216, 12, 20, 0, 0, null, null, null, 0, 235, 0, 80, '<nc.vo.pub.print.PrintCellExtVO>
  <height__decimal>0.0</height__decimal>
  <textDirection>0</textDirection>
  <lineSpaceBetween>0</lineSpaceBetween>
  <formatType>0</formatType>
</nc.vo.pub.print.PrintCellExtVO>', null, null, null, '2019-04-13 19:18:41', 'Dialog', '生产批号', null);
INSERT INTO PUB_PRINT_CELL (BUNDERLINE, CCELLCODE, CCELLID, CCOMBINEPROPERTY, CCONTENTPROPERTY, CISFROZEN, CISHEADTAIL, CLINEPROPERTY, CTEMPLATEID, DR, FFONTSTYLE, FIXEDSTYLE, FSHADOWTYPE, IBGCOLOR, IBOTLINECOLOR, IFGCOLOR, IFONRSIZE, IHEIGHT, ILEFTLINECOLOR, IRIGHTCOLOR, ISDYCOLGROUP, ISDYNROWHEIGHT, ISLASTPAGETRAIL, ISTARTX, ISTARTY, ITOPLINECOLOR, IWIDTH, OPTIONS, PREPARE1, PREPARE2, TABLE_CODE, TS, VFONTNAME, VTEXT, VVAR) VALUES ('0', '012001012001', '1001ZZ100000000039HM', '0', '1110', '10', null, '11111111', '1001ZZ100000000039BH', 0, 0, null, 0, -1, 0, -16777216, 12, 20, 0, 0, null, null, null, 80, 235, 0, 80, '<nc.vo.pub.print.PrintCellExtVO>
  <height__decimal>0.0</height__decimal>
  <textDirection>0</textDirection>
  <lineSpaceBetween>0</lineSpaceBetween>
  <formatType>0</formatType>
</nc.vo.pub.print.PrintCellExtVO>', null, null, null, '2019-04-13 19:18:41', 'Dialog', '生产批号', 'batchserial');
INSERT INTO PUB_PRINT_CELL (BUNDERLINE, CCELLCODE, CCELLID, CCOMBINEPROPERTY, CCONTENTPROPERTY, CISFROZEN, CISHEADTAIL, CLINEPROPERTY, CTEMPLATEID, DR, FFONTSTYLE, FIXEDSTYLE, FSHADOWTYPE, IBGCOLOR, IBOTLINECOLOR, IFGCOLOR, IFONRSIZE, IHEIGHT, ILEFTLINECOLOR, IRIGHTCOLOR, ISDYCOLGROUP, ISDYNROWHEIGHT, ISLASTPAGETRAIL, ISTARTX, ISTARTY, ITOPLINECOLOR, IWIDTH, OPTIONS, PREPARE1, PREPARE2, TABLE_CODE, TS, VFONTNAME, VTEXT, VVAR) VALUES ('0', '012002012002', '1001ZZ100000000039HN', '0', '0110', '10', null, '11111111', '1001ZZ100000000039BH', 0, 0, null, 0, -1, 0, -16777216, 12, 20, 0, 0, null, null, null, 160, 235, 0, 80, '<nc.vo.pub.print.PrintCellExtVO>
  <height__decimal>0.0</height__decimal>
  <textDirection>0</textDirection>
  <lineSpaceBetween>0</lineSpaceBetween>
  <formatType>0</formatType>
</nc.vo.pub.print.PrintCellExtVO>', null, null, null, '2019-04-13 19:18:41', 'Dialog', '产品鉴定类型', null);
INSERT INTO PUB_PRINT_CELL (BUNDERLINE, CCELLCODE, CCELLID, CCOMBINEPROPERTY, CCONTENTPROPERTY, CISFROZEN, CISHEADTAIL, CLINEPROPERTY, CTEMPLATEID, DR, FFONTSTYLE, FIXEDSTYLE, FSHADOWTYPE, IBGCOLOR, IBOTLINECOLOR, IFGCOLOR, IFONRSIZE, IHEIGHT, ILEFTLINECOLOR, IRIGHTCOLOR, ISDYCOLGROUP, ISDYNROWHEIGHT, ISLASTPAGETRAIL, ISTARTX, ISTARTY, ITOPLINECOLOR, IWIDTH, OPTIONS, PREPARE1, PREPARE2, TABLE_CODE, TS, VFONTNAME, VTEXT, VVAR) VALUES ('0', '012003012003', '1001ZZ100000000039HO', '0', '1110', '10', null, '11111111', '1001ZZ100000000039BH', 0, 0, null, 0, -1, 0, -16777216, 12, 20, 0, 0, null, null, null, 240, 235, 0, 80, '<nc.vo.pub.print.PrintCellExtVO>
  <height__decimal>0.0</height__decimal>
  <textDirection>0</textDirection>
  <lineSpaceBetween>0</lineSpaceBetween>
  <formatType>0</formatType>
</nc.vo.pub.print.PrintCellExtVO>', null, null, null, '2019-04-13 19:18:41', 'Dialog', '产品鉴定类型', 'identificationtype.name');
INSERT INTO PUB_PRINT_CELL (BUNDERLINE, CCELLCODE, CCELLID, CCOMBINEPROPERTY, CCONTENTPROPERTY, CISFROZEN, CISHEADTAIL, CLINEPROPERTY, CTEMPLATEID, DR, FFONTSTYLE, FIXEDSTYLE, FSHADOWTYPE, IBGCOLOR, IBOTLINECOLOR, IFGCOLOR, IFONRSIZE, IHEIGHT, ILEFTLINECOLOR, IRIGHTCOLOR, ISDYCOLGROUP, ISDYNROWHEIGHT, ISLASTPAGETRAIL, ISTARTX, ISTARTY, ITOPLINECOLOR, IWIDTH, OPTIONS, PREPARE1, PREPARE2, TABLE_CODE, TS, VFONTNAME, VTEXT, VVAR) VALUES ('0', '012004012004', '1001ZZ100000000039HP', '0', '0110', '10', null, '11111111', '1001ZZ100000000039BH', 0, 0, null, 0, -1, 0, -16777216, 12, 20, 0, 0, null, null, null, 320, 235, 0, 80, '<nc.vo.pub.print.PrintCellExtVO>
  <height__decimal>0.0</height__decimal>
  <textDirection>0</textDirection>
  <lineSpaceBetween>0</lineSpaceBetween>
  <formatType>0</formatType>
</nc.vo.pub.print.PrintCellExtVO>', null, null, null, '2019-04-13 19:18:41', 'Dialog', '认证类型', null);
INSERT INTO PUB_PRINT_CELL (BUNDERLINE, CCELLCODE, CCELLID, CCOMBINEPROPERTY, CCONTENTPROPERTY, CISFROZEN, CISHEADTAIL, CLINEPROPERTY, CTEMPLATEID, DR, FFONTSTYLE, FIXEDSTYLE, FSHADOWTYPE, IBGCOLOR, IBOTLINECOLOR, IFGCOLOR, IFONRSIZE, IHEIGHT, ILEFTLINECOLOR, IRIGHTCOLOR, ISDYCOLGROUP, ISDYNROWHEIGHT, ISLASTPAGETRAIL, ISTARTX, ISTARTY, ITOPLINECOLOR, IWIDTH, OPTIONS, PREPARE1, PREPARE2, TABLE_CODE, TS, VFONTNAME, VTEXT, VVAR) VALUES ('0', '012005012005', '1001ZZ100000000039HQ', '0', '1110', '10', null, '11111111', '1001ZZ100000000039BH', 0, 0, null, 0, -1, 0, -16777216, 12, 20, 0, 0, null, null, null, 400, 235, 0, 80, '<nc.vo.pub.print.PrintCellExtVO>
  <height__decimal>0.0</height__decimal>
  <textDirection>0</textDirection>
  <lineSpaceBetween>0</lineSpaceBetween>
  <formatType>0</formatType>
</nc.vo.pub.print.PrintCellExtVO>', null, null, null, '2019-04-13 19:18:41', 'Dialog', '认证类型', 'certificationtype.name');
INSERT INTO PUB_PRINT_CELL (BUNDERLINE, CCELLCODE, CCELLID, CCOMBINEPROPERTY, CCONTENTPROPERTY, CISFROZEN, CISHEADTAIL, CLINEPROPERTY, CTEMPLATEID, DR, FFONTSTYLE, FIXEDSTYLE, FSHADOWTYPE, IBGCOLOR, IBOTLINECOLOR, IFGCOLOR, IFONRSIZE, IHEIGHT, ILEFTLINECOLOR, IRIGHTCOLOR, ISDYCOLGROUP, ISDYNROWHEIGHT, ISLASTPAGETRAIL, ISTARTX, ISTARTY, ITOPLINECOLOR, IWIDTH, OPTIONS, PREPARE1, PREPARE2, TABLE_CODE, TS, VFONTNAME, VTEXT, VVAR) VALUES ('0', '013000013000', '1001ZZ100000000039HR', '0', '0110', '10', null, '11111111', '1001ZZ100000000039BH', 0, 0, null, 0, -1, 0, -16777216, 12, 20, 0, 0, null, null, null, 0, 255, 0, 80, '<nc.vo.pub.print.PrintCellExtVO>
  <height__decimal>0.0</height__decimal>
  <textDirection>0</textDirection>
  <lineSpaceBetween>0</lineSpaceBetween>
  <formatType>0</formatType>
</nc.vo.pub.print.PrintCellExtVO>', null, null, null, '2019-04-13 19:18:41', 'Dialog', '项目号', null);
INSERT INTO PUB_PRINT_CELL (BUNDERLINE, CCELLCODE, CCELLID, CCOMBINEPROPERTY, CCONTENTPROPERTY, CISFROZEN, CISHEADTAIL, CLINEPROPERTY, CTEMPLATEID, DR, FFONTSTYLE, FIXEDSTYLE, FSHADOWTYPE, IBGCOLOR, IBOTLINECOLOR, IFGCOLOR, IFONRSIZE, IHEIGHT, ILEFTLINECOLOR, IRIGHTCOLOR, ISDYCOLGROUP, ISDYNROWHEIGHT, ISLASTPAGETRAIL, ISTARTX, ISTARTY, ITOPLINECOLOR, IWIDTH, OPTIONS, PREPARE1, PREPARE2, TABLE_CODE, TS, VFONTNAME, VTEXT, VVAR) VALUES ('0', '013001013001', '1001ZZ100000000039HS', '0', '1110', '10', null, '11111111', '1001ZZ100000000039BH', 0, 0, null, 0, -1, 0, -16777216, 12, 20, 0, 0, null, null, null, 80, 255, 0, 80, '<nc.vo.pub.print.PrintCellExtVO>
  <height__decimal>0.0</height__decimal>
  <textDirection>0</textDirection>
  <lineSpaceBetween>0</lineSpaceBetween>
  <formatType>0</formatType>
</nc.vo.pub.print.PrintCellExtVO>', null, null, null, '2019-04-13 19:18:41', 'Dialog', '项目号', 'itemnumber');
INSERT INTO PUB_PRINT_CELL (BUNDERLINE, CCELLCODE, CCELLID, CCOMBINEPROPERTY, CCONTENTPROPERTY, CISFROZEN, CISHEADTAIL, CLINEPROPERTY, CTEMPLATEID, DR, FFONTSTYLE, FIXEDSTYLE, FSHADOWTYPE, IBGCOLOR, IBOTLINECOLOR, IFGCOLOR, IFONRSIZE, IHEIGHT, ILEFTLINECOLOR, IRIGHTCOLOR, ISDYCOLGROUP, ISDYNROWHEIGHT, ISLASTPAGETRAIL, ISTARTX, ISTARTY, ITOPLINECOLOR, IWIDTH, OPTIONS, PREPARE1, PREPARE2, TABLE_CODE, TS, VFONTNAME, VTEXT, VVAR) VALUES ('0', '013002013002', '1001ZZ100000000039HT', '0', '0110', '10', null, '11111111', '1001ZZ100000000039BH', 0, 0, null, 0, -1, 0, -16777216, 12, 20, 0, 0, null, null, null, 160, 255, 0, 80, '<nc.vo.pub.print.PrintCellExtVO>
  <height__decimal>0.0</height__decimal>
  <textDirection>0</textDirection>
  <lineSpaceBetween>0</lineSpaceBetween>
  <formatType>0</formatType>
</nc.vo.pub.print.PrintCellExtVO>', null, null, null, '2019-04-13 19:18:41', 'Dialog', null, null);
INSERT INTO PUB_PRINT_CELL (BUNDERLINE, CCELLCODE, CCELLID, CCOMBINEPROPERTY, CCONTENTPROPERTY, CISFROZEN, CISHEADTAIL, CLINEPROPERTY, CTEMPLATEID, DR, FFONTSTYLE, FIXEDSTYLE, FSHADOWTYPE, IBGCOLOR, IBOTLINECOLOR, IFGCOLOR, IFONRSIZE, IHEIGHT, ILEFTLINECOLOR, IRIGHTCOLOR, ISDYCOLGROUP, ISDYNROWHEIGHT, ISLASTPAGETRAIL, ISTARTX, ISTARTY, ITOPLINECOLOR, IWIDTH, OPTIONS, PREPARE1, PREPARE2, TABLE_CODE, TS, VFONTNAME, VTEXT, VVAR) VALUES ('0', '013003013003', '1001ZZ100000000039HU', '0', '0110', '10', null, '11111111', '1001ZZ100000000039BH', 0, 0, null, 0, -1, 0, -16777216, 12, 20, 0, 0, null, null, null, 240, 255, 0, 80, '<nc.vo.pub.print.PrintCellExtVO>
  <height__decimal>0.0</height__decimal>
  <textDirection>0</textDirection>
  <lineSpaceBetween>0</lineSpaceBetween>
  <formatType>0</formatType>
</nc.vo.pub.print.PrintCellExtVO>', null, null, null, '2019-04-13 19:18:41', 'Dialog', null, null);
INSERT INTO PUB_PRINT_CELL (BUNDERLINE, CCELLCODE, CCELLID, CCOMBINEPROPERTY, CCONTENTPROPERTY, CISFROZEN, CISHEADTAIL, CLINEPROPERTY, CTEMPLATEID, DR, FFONTSTYLE, FIXEDSTYLE, FSHADOWTYPE, IBGCOLOR, IBOTLINECOLOR, IFGCOLOR, IFONRSIZE, IHEIGHT, ILEFTLINECOLOR, IRIGHTCOLOR, ISDYCOLGROUP, ISDYNROWHEIGHT, ISLASTPAGETRAIL, ISTARTX, ISTARTY, ITOPLINECOLOR, IWIDTH, OPTIONS, PREPARE1, PREPARE2, TABLE_CODE, TS, VFONTNAME, VTEXT, VVAR) VALUES ('0', '013004013004', '1001ZZ100000000039HV', '0', '0110', '10', null, '11111111', '1001ZZ100000000039BH', 0, 0, null, 0, -1, 0, -16777216, 12, 20, 0, 0, null, null, null, 320, 255, 0, 80, '<nc.vo.pub.print.PrintCellExtVO>
  <height__decimal>0.0</height__decimal>
  <textDirection>0</textDirection>
  <lineSpaceBetween>0</lineSpaceBetween>
  <formatType>0</formatType>
</nc.vo.pub.print.PrintCellExtVO>', null, null, null, '2019-04-13 19:18:41', 'Dialog', null, null);
INSERT INTO PUB_PRINT_CELL (BUNDERLINE, CCELLCODE, CCELLID, CCOMBINEPROPERTY, CCONTENTPROPERTY, CISFROZEN, CISHEADTAIL, CLINEPROPERTY, CTEMPLATEID, DR, FFONTSTYLE, FIXEDSTYLE, FSHADOWTYPE, IBGCOLOR, IBOTLINECOLOR, IFGCOLOR, IFONRSIZE, IHEIGHT, ILEFTLINECOLOR, IRIGHTCOLOR, ISDYCOLGROUP, ISDYNROWHEIGHT, ISLASTPAGETRAIL, ISTARTX, ISTARTY, ITOPLINECOLOR, IWIDTH, OPTIONS, PREPARE1, PREPARE2, TABLE_CODE, TS, VFONTNAME, VTEXT, VVAR) VALUES ('0', '013005013005', '1001ZZ100000000039HW', '0', '0110', '10', null, '11111111', '1001ZZ100000000039BH', 0, 0, null, 0, -1, 0, -16777216, 12, 20, 0, 0, null, null, null, 400, 255, 0, 80, '<nc.vo.pub.print.PrintCellExtVO>
  <height__decimal>0.0</height__decimal>
  <textDirection>0</textDirection>
  <lineSpaceBetween>0</lineSpaceBetween>
  <formatType>0</formatType>
</nc.vo.pub.print.PrintCellExtVO>', null, null, null, '2019-04-13 19:18:41', 'Dialog', null, null);
INSERT INTO PUB_PRINT_CELL (BUNDERLINE, CCELLCODE, CCELLID, CCOMBINEPROPERTY, CCONTENTPROPERTY, CISFROZEN, CISHEADTAIL, CLINEPROPERTY, CTEMPLATEID, DR, FFONTSTYLE, FIXEDSTYLE, FSHADOWTYPE, IBGCOLOR, IBOTLINECOLOR, IFGCOLOR, IFONRSIZE, IHEIGHT, ILEFTLINECOLOR, IRIGHTCOLOR, ISDYCOLGROUP, ISDYNROWHEIGHT, ISLASTPAGETRAIL, ISTARTX, ISTARTY, ITOPLINECOLOR, IWIDTH, OPTIONS, PREPARE1, PREPARE2, TABLE_CODE, TS, VFONTNAME, VTEXT, VVAR) VALUES ('0', '014000014000', '1001ZZ100000000039HX', '1014000', '0020', 'Y ', null, '00000000', '1001ZZ100000000039BH', 0, 1, null, 0, -1, 0, -16777216, 12, 5, 0, 0, null, null, null, 0, 275, 0, 80, '<nc.vo.pub.print.PrintCellExtVO>
  <height__decimal>0.0</height__decimal>
  <textDirection>0</textDirection>
  <lineSpaceBetween>0</lineSpaceBetween>
  <formatType>0</formatType>
</nc.vo.pub.print.PrintCellExtVO>', null, null, null, '2019-04-13 19:18:41', 'Dialog', null, null);
INSERT INTO PUB_PRINT_CELL (BUNDERLINE, CCELLCODE, CCELLID, CCOMBINEPROPERTY, CCONTENTPROPERTY, CISFROZEN, CISHEADTAIL, CLINEPROPERTY, CTEMPLATEID, DR, FFONTSTYLE, FIXEDSTYLE, FSHADOWTYPE, IBGCOLOR, IBOTLINECOLOR, IFGCOLOR, IFONRSIZE, IHEIGHT, ILEFTLINECOLOR, IRIGHTCOLOR, ISDYCOLGROUP, ISDYNROWHEIGHT, ISLASTPAGETRAIL, ISTARTX, ISTARTY, ITOPLINECOLOR, IWIDTH, OPTIONS, PREPARE1, PREPARE2, TABLE_CODE, TS, VFONTNAME, VTEXT, VVAR) VALUES ('0', '014000014005', '1001ZZ100000000039I3', '0', '0020', 'Y ', null, '00000000', '1001ZZ100000000039BH', 0, 1, null, 0, -1, 0, -16777216, 12, 5, 0, 0, null, null, null, 0, 275, 0, 480, '<nc.vo.pub.print.PrintCellExtVO>
  <height__decimal>0.0</height__decimal>
  <textDirection>0</textDirection>
  <lineSpaceBetween>0</lineSpaceBetween>
  <formatType>0</formatType>
</nc.vo.pub.print.PrintCellExtVO>', null, null, null, '2019-04-13 19:18:41', 'Dialog', null, null);
INSERT INTO PUB_PRINT_CELL (BUNDERLINE, CCELLCODE, CCELLID, CCOMBINEPROPERTY, CCONTENTPROPERTY, CISFROZEN, CISHEADTAIL, CLINEPROPERTY, CTEMPLATEID, DR, FFONTSTYLE, FIXEDSTYLE, FSHADOWTYPE, IBGCOLOR, IBOTLINECOLOR, IFGCOLOR, IFONRSIZE, IHEIGHT, ILEFTLINECOLOR, IRIGHTCOLOR, ISDYCOLGROUP, ISDYNROWHEIGHT, ISLASTPAGETRAIL, ISTARTX, ISTARTY, ITOPLINECOLOR, IWIDTH, OPTIONS, PREPARE1, PREPARE2, TABLE_CODE, TS, VFONTNAME, VTEXT, VVAR) VALUES ('0', '014001014001', '1001ZZ100000000039HY', '1014000', '0020', 'Y ', null, '00000000', '1001ZZ100000000039BH', 0, 1, null, 0, -1, 0, -16777216, 12, 5, 0, 0, null, null, null, 80, 275, 0, 80, '<nc.vo.pub.print.PrintCellExtVO>
  <height__decimal>0.0</height__decimal>
  <textDirection>0</textDirection>
  <lineSpaceBetween>0</lineSpaceBetween>
  <formatType>0</formatType>
</nc.vo.pub.print.PrintCellExtVO>', null, null, null, '2019-04-13 19:18:41', 'Dialog', null, null);
INSERT INTO PUB_PRINT_CELL (BUNDERLINE, CCELLCODE, CCELLID, CCOMBINEPROPERTY, CCONTENTPROPERTY, CISFROZEN, CISHEADTAIL, CLINEPROPERTY, CTEMPLATEID, DR, FFONTSTYLE, FIXEDSTYLE, FSHADOWTYPE, IBGCOLOR, IBOTLINECOLOR, IFGCOLOR, IFONRSIZE, IHEIGHT, ILEFTLINECOLOR, IRIGHTCOLOR, ISDYCOLGROUP, ISDYNROWHEIGHT, ISLASTPAGETRAIL, ISTARTX, ISTARTY, ITOPLINECOLOR, IWIDTH, OPTIONS, PREPARE1, PREPARE2, TABLE_CODE, TS, VFONTNAME, VTEXT, VVAR) VALUES ('0', '014002014002', '1001ZZ100000000039HZ', '1014000', '0020', 'Y ', null, '00000000', '1001ZZ100000000039BH', 0, 1, null, 0, -1, 0, -16777216, 12, 5, 0, 0, null, null, null, 160, 275, 0, 80, '<nc.vo.pub.print.PrintCellExtVO>
  <height__decimal>0.0</height__decimal>
  <textDirection>0</textDirection>
  <lineSpaceBetween>0</lineSpaceBetween>
  <formatType>0</formatType>
</nc.vo.pub.print.PrintCellExtVO>', null, null, null, '2019-04-13 19:18:41', 'Dialog', null, null);
INSERT INTO PUB_PRINT_CELL (BUNDERLINE, CCELLCODE, CCELLID, CCOMBINEPROPERTY, CCONTENTPROPERTY, CISFROZEN, CISHEADTAIL, CLINEPROPERTY, CTEMPLATEID, DR, FFONTSTYLE, FIXEDSTYLE, FSHADOWTYPE, IBGCOLOR, IBOTLINECOLOR, IFGCOLOR, IFONRSIZE, IHEIGHT, ILEFTLINECOLOR, IRIGHTCOLOR, ISDYCOLGROUP, ISDYNROWHEIGHT, ISLASTPAGETRAIL, ISTARTX, ISTARTY, ITOPLINECOLOR, IWIDTH, OPTIONS, PREPARE1, PREPARE2, TABLE_CODE, TS, VFONTNAME, VTEXT, VVAR) VALUES ('0', '014003014003', '1001ZZ100000000039I0', '1014000', '0020', 'Y ', null, '00000000', '1001ZZ100000000039BH', 0, 1, null, 0, -1, 0, -16777216, 12, 5, 0, 0, null, null, null, 240, 275, 0, 80, '<nc.vo.pub.print.PrintCellExtVO>
  <height__decimal>0.0</height__decimal>
  <textDirection>0</textDirection>
  <lineSpaceBetween>0</lineSpaceBetween>
  <formatType>0</formatType>
</nc.vo.pub.print.PrintCellExtVO>', null, null, null, '2019-04-13 19:18:41', 'Dialog', null, null);
INSERT INTO PUB_PRINT_CELL (BUNDERLINE, CCELLCODE, CCELLID, CCOMBINEPROPERTY, CCONTENTPROPERTY, CISFROZEN, CISHEADTAIL, CLINEPROPERTY, CTEMPLATEID, DR, FFONTSTYLE, FIXEDSTYLE, FSHADOWTYPE, IBGCOLOR, IBOTLINECOLOR, IFGCOLOR, IFONRSIZE, IHEIGHT, ILEFTLINECOLOR, IRIGHTCOLOR, ISDYCOLGROUP, ISDYNROWHEIGHT, ISLASTPAGETRAIL, ISTARTX, ISTARTY, ITOPLINECOLOR, IWIDTH, OPTIONS, PREPARE1, PREPARE2, TABLE_CODE, TS, VFONTNAME, VTEXT, VVAR) VALUES ('0', '014004014004', '1001ZZ100000000039I1', '1014000', '0020', 'Y ', null, '00000000', '1001ZZ100000000039BH', 0, 1, null, 0, -1, 0, -16777216, 12, 5, 0, 0, null, null, null, 320, 275, 0, 80, '<nc.vo.pub.print.PrintCellExtVO>
  <height__decimal>0.0</height__decimal>
  <textDirection>0</textDirection>
  <lineSpaceBetween>0</lineSpaceBetween>
  <formatType>0</formatType>
</nc.vo.pub.print.PrintCellExtVO>', null, null, null, '2019-04-13 19:18:41', 'Dialog', null, null);
INSERT INTO PUB_PRINT_CELL (BUNDERLINE, CCELLCODE, CCELLID, CCOMBINEPROPERTY, CCONTENTPROPERTY, CISFROZEN, CISHEADTAIL, CLINEPROPERTY, CTEMPLATEID, DR, FFONTSTYLE, FIXEDSTYLE, FSHADOWTYPE, IBGCOLOR, IBOTLINECOLOR, IFGCOLOR, IFONRSIZE, IHEIGHT, ILEFTLINECOLOR, IRIGHTCOLOR, ISDYCOLGROUP, ISDYNROWHEIGHT, ISLASTPAGETRAIL, ISTARTX, ISTARTY, ITOPLINECOLOR, IWIDTH, OPTIONS, PREPARE1, PREPARE2, TABLE_CODE, TS, VFONTNAME, VTEXT, VVAR) VALUES ('0', '014005014005', '1001ZZ100000000039I2', '1014000', '0020', 'Y ', null, '00000000', '1001ZZ100000000039BH', 0, 1, null, 0, -1, 0, -16777216, 12, 5, 0, 0, null, null, null, 400, 275, 0, 80, '<nc.vo.pub.print.PrintCellExtVO>
  <height__decimal>0.0</height__decimal>
  <textDirection>0</textDirection>
  <lineSpaceBetween>0</lineSpaceBetween>
  <formatType>0</formatType>
</nc.vo.pub.print.PrintCellExtVO>', null, null, null, '2019-04-13 19:18:41', 'Dialog', null, null);
INSERT INTO PUB_PRINT_CELL (BUNDERLINE, CCELLCODE, CCELLID, CCOMBINEPROPERTY, CCONTENTPROPERTY, CISFROZEN, CISHEADTAIL, CLINEPROPERTY, CTEMPLATEID, DR, FFONTSTYLE, FIXEDSTYLE, FSHADOWTYPE, IBGCOLOR, IBOTLINECOLOR, IFGCOLOR, IFONRSIZE, IHEIGHT, ILEFTLINECOLOR, IRIGHTCOLOR, ISDYCOLGROUP, ISDYNROWHEIGHT, ISLASTPAGETRAIL, ISTARTX, ISTARTY, ITOPLINECOLOR, IWIDTH, OPTIONS, PREPARE1, PREPARE2, TABLE_CODE, TS, VFONTNAME, VTEXT, VVAR) VALUES ('0', '015000015000', '1001ZZ100000000039I4', '0', '0110', '10', null, '11111111', '1001ZZ100000000039BH', 0, 0, null, 0, -1, 0, -16777216, 12, 20, 0, 0, null, null, null, 0, 280, 0, 80, '<nc.vo.pub.print.PrintCellExtVO>
  <height__decimal>0.0</height__decimal>
  <textDirection>0</textDirection>
  <lineSpaceBetween>0</lineSpaceBetween>
  <formatType>0</formatType>
</nc.vo.pub.print.PrintCellExtVO>', null, null, null, '2019-04-13 19:18:41', 'Dialog', '任务编号', null);
INSERT INTO PUB_PRINT_CELL (BUNDERLINE, CCELLCODE, CCELLID, CCOMBINEPROPERTY, CCONTENTPROPERTY, CISFROZEN, CISHEADTAIL, CLINEPROPERTY, CTEMPLATEID, DR, FFONTSTYLE, FIXEDSTYLE, FSHADOWTYPE, IBGCOLOR, IBOTLINECOLOR, IFGCOLOR, IFONRSIZE, IHEIGHT, ILEFTLINECOLOR, IRIGHTCOLOR, ISDYCOLGROUP, ISDYNROWHEIGHT, ISLASTPAGETRAIL, ISTARTX, ISTARTY, ITOPLINECOLOR, IWIDTH, OPTIONS, PREPARE1, PREPARE2, TABLE_CODE, TS, VFONTNAME, VTEXT, VVAR) VALUES ('0', '015001015001', '1001ZZ100000000039I5', '0', '1110', '10', null, '11111111', '1001ZZ100000000039BH', 0, 0, null, 0, -1, 0, -16777216, 12, 20, 0, 0, null, null, null, 80, 280, 0, 80, '<nc.vo.pub.print.PrintCellExtVO>
  <height__decimal>0.0</height__decimal>
  <textDirection>0</textDirection>
  <lineSpaceBetween>0</lineSpaceBetween>
  <formatType>0</formatType>
</nc.vo.pub.print.PrintCellExtVO>', null, null, null, '2019-04-13 19:18:41', 'Dialog', '任务编号', 'pk_task_b.taskcode');
INSERT INTO PUB_PRINT_CELL (BUNDERLINE, CCELLCODE, CCELLID, CCOMBINEPROPERTY, CCONTENTPROPERTY, CISFROZEN, CISHEADTAIL, CLINEPROPERTY, CTEMPLATEID, DR, FFONTSTYLE, FIXEDSTYLE, FSHADOWTYPE, IBGCOLOR, IBOTLINECOLOR, IFGCOLOR, IFONRSIZE, IHEIGHT, ILEFTLINECOLOR, IRIGHTCOLOR, ISDYCOLGROUP, ISDYNROWHEIGHT, ISLASTPAGETRAIL, ISTARTX, ISTARTY, ITOPLINECOLOR, IWIDTH, OPTIONS, PREPARE1, PREPARE2, TABLE_CODE, TS, VFONTNAME, VTEXT, VVAR) VALUES ('0', '015002015002', '1001ZZ100000000039I6', '0', '0110', '10', null, '11111111', '1001ZZ100000000039BH', 0, 0, null, 0, -1, 0, -16777216, 12, 20, 0, 0, null, null, null, 160, 280, 0, 80, '<nc.vo.pub.print.PrintCellExtVO>
  <height__decimal>0.0</height__decimal>
  <textDirection>0</textDirection>
  <lineSpaceBetween>0</lineSpaceBetween>
  <formatType>0</formatType>
</nc.vo.pub.print.PrintCellExtVO>', null, null, null, '2019-04-13 19:18:41', 'Dialog', '任务名称', null);
INSERT INTO PUB_PRINT_CELL (BUNDERLINE, CCELLCODE, CCELLID, CCOMBINEPROPERTY, CCONTENTPROPERTY, CISFROZEN, CISHEADTAIL, CLINEPROPERTY, CTEMPLATEID, DR, FFONTSTYLE, FIXEDSTYLE, FSHADOWTYPE, IBGCOLOR, IBOTLINECOLOR, IFGCOLOR, IFONRSIZE, IHEIGHT, ILEFTLINECOLOR, IRIGHTCOLOR, ISDYCOLGROUP, ISDYNROWHEIGHT, ISLASTPAGETRAIL, ISTARTX, ISTARTY, ITOPLINECOLOR, IWIDTH, OPTIONS, PREPARE1, PREPARE2, TABLE_CODE, TS, VFONTNAME, VTEXT, VVAR) VALUES ('0', '015003015003', '1001ZZ100000000039I7', '0', '1110', '10', null, '11111111', '1001ZZ100000000039BH', 0, 0, null, 0, -1, 0, -16777216, 12, 20, 0, 0, null, null, null, 240, 280, 0, 80, '<nc.vo.pub.print.PrintCellExtVO>
  <height__decimal>0.0</height__decimal>
  <textDirection>0</textDirection>
  <lineSpaceBetween>0</lineSpaceBetween>
  <formatType>0</formatType>
</nc.vo.pub.print.PrintCellExtVO>', null, null, null, '2019-04-13 19:18:41', 'Dialog', '任务名称', 'pk_task_b.taskname');
INSERT INTO PUB_PRINT_CELL (BUNDERLINE, CCELLCODE, CCELLID, CCOMBINEPROPERTY, CCONTENTPROPERTY, CISFROZEN, CISHEADTAIL, CLINEPROPERTY, CTEMPLATEID, DR, FFONTSTYLE, FIXEDSTYLE, FSHADOWTYPE, IBGCOLOR, IBOTLINECOLOR, IFGCOLOR, IFONRSIZE, IHEIGHT, ILEFTLINECOLOR, IRIGHTCOLOR, ISDYCOLGROUP, ISDYNROWHEIGHT, ISLASTPAGETRAIL, ISTARTX, ISTARTY, ITOPLINECOLOR, IWIDTH, OPTIONS, PREPARE1, PREPARE2, TABLE_CODE, TS, VFONTNAME, VTEXT, VVAR) VALUES ('0', '015004015004', '1001ZZ100000000039I8', '0', '0110', '10', null, '11111111', '1001ZZ100000000039BH', 0, 0, null, 0, -1, 0, -16777216, 12, 20, 0, 0, null, null, null, 320, 280, 0, 80, '<nc.vo.pub.print.PrintCellExtVO>
  <height__decimal>0.0</height__decimal>
  <textDirection>0</textDirection>
  <lineSpaceBetween>0</lineSpaceBetween>
  <formatType>0</formatType>
</nc.vo.pub.print.PrintCellExtVO>', null, null, null, '2019-04-13 19:18:41', 'Dialog', '样品数量', null);
INSERT INTO PUB_PRINT_CELL (BUNDERLINE, CCELLCODE, CCELLID, CCOMBINEPROPERTY, CCONTENTPROPERTY, CISFROZEN, CISHEADTAIL, CLINEPROPERTY, CTEMPLATEID, DR, FFONTSTYLE, FIXEDSTYLE, FSHADOWTYPE, IBGCOLOR, IBOTLINECOLOR, IFGCOLOR, IFONRSIZE, IHEIGHT, ILEFTLINECOLOR, IRIGHTCOLOR, ISDYCOLGROUP, ISDYNROWHEIGHT, ISLASTPAGETRAIL, ISTARTX, ISTARTY, ITOPLINECOLOR, IWIDTH, OPTIONS, PREPARE1, PREPARE2, TABLE_CODE, TS, VFONTNAME, VTEXT, VVAR) VALUES ('0', '015005015005', '1001ZZ100000000039I9', '0', '1110', '10', null, '11111111', '1001ZZ100000000039BH', 0, 0, null, 0, -1, 0, -16777216, 12, 20, 0, 0, null, null, null, 400, 280, 0, 80, '<nc.vo.pub.print.PrintCellExtVO>
  <height__decimal>0.0</height__decimal>
  <textDirection>0</textDirection>
  <lineSpaceBetween>0</lineSpaceBetween>
  <formatType>0</formatType>
</nc.vo.pub.print.PrintCellExtVO>', null, null, null, '2019-04-13 19:18:41', 'Dialog', '样品数量', 'pk_task_b.samplequantity');
INSERT INTO PUB_PRINT_CELL (BUNDERLINE, CCELLCODE, CCELLID, CCOMBINEPROPERTY, CCONTENTPROPERTY, CISFROZEN, CISHEADTAIL, CLINEPROPERTY, CTEMPLATEID, DR, FFONTSTYLE, FIXEDSTYLE, FSHADOWTYPE, IBGCOLOR, IBOTLINECOLOR, IFGCOLOR, IFONRSIZE, IHEIGHT, ILEFTLINECOLOR, IRIGHTCOLOR, ISDYCOLGROUP, ISDYNROWHEIGHT, ISLASTPAGETRAIL, ISTARTX, ISTARTY, ITOPLINECOLOR, IWIDTH, OPTIONS, PREPARE1, PREPARE2, TABLE_CODE, TS, VFONTNAME, VTEXT, VVAR) VALUES ('0', '016000016000', '1001ZZ100000000039IA', '0', '0110', '10', null, '11111111', '1001ZZ100000000039BH', 0, 0, null, 0, -1, 0, -16777216, 12, 20, 0, 0, null, null, null, 0, 300, 0, 80, '<nc.vo.pub.print.PrintCellExtVO>
  <height__decimal>0.0</height__decimal>
  <textDirection>0</textDirection>
  <lineSpaceBetween>0</lineSpaceBetween>
  <formatType>0</formatType>
</nc.vo.pub.print.PrintCellExtVO>', null, null, null, '2019-04-13 19:18:41', 'Dialog', '执行顺序', null);
INSERT INTO PUB_PRINT_CELL (BUNDERLINE, CCELLCODE, CCELLID, CCOMBINEPROPERTY, CCONTENTPROPERTY, CISFROZEN, CISHEADTAIL, CLINEPROPERTY, CTEMPLATEID, DR, FFONTSTYLE, FIXEDSTYLE, FSHADOWTYPE, IBGCOLOR, IBOTLINECOLOR, IFGCOLOR, IFONRSIZE, IHEIGHT, ILEFTLINECOLOR, IRIGHTCOLOR, ISDYCOLGROUP, ISDYNROWHEIGHT, ISLASTPAGETRAIL, ISTARTX, ISTARTY, ITOPLINECOLOR, IWIDTH, OPTIONS, PREPARE1, PREPARE2, TABLE_CODE, TS, VFONTNAME, VTEXT, VVAR) VALUES ('0', '016001016001', '1001ZZ100000000039IB', '0', '1110', '10', null, '11111111', '1001ZZ100000000039BH', 0, 0, null, 0, -1, 0, -16777216, 12, 20, 0, 0, null, null, null, 80, 300, 0, 80, '<nc.vo.pub.print.PrintCellExtVO>
  <height__decimal>0.0</height__decimal>
  <textDirection>0</textDirection>
  <lineSpaceBetween>0</lineSpaceBetween>
  <formatType>0</formatType>
</nc.vo.pub.print.PrintCellExtVO>', null, null, null, '2019-04-13 19:18:41', 'Dialog', '执行顺序', 'pk_task_b.runorder');
INSERT INTO PUB_PRINT_CELL (BUNDERLINE, CCELLCODE, CCELLID, CCOMBINEPROPERTY, CCONTENTPROPERTY, CISFROZEN, CISHEADTAIL, CLINEPROPERTY, CTEMPLATEID, DR, FFONTSTYLE, FIXEDSTYLE, FSHADOWTYPE, IBGCOLOR, IBOTLINECOLOR, IFGCOLOR, IFONRSIZE, IHEIGHT, ILEFTLINECOLOR, IRIGHTCOLOR, ISDYCOLGROUP, ISDYNROWHEIGHT, ISLASTPAGETRAIL, ISTARTX, ISTARTY, ITOPLINECOLOR, IWIDTH, OPTIONS, PREPARE1, PREPARE2, TABLE_CODE, TS, VFONTNAME, VTEXT, VVAR) VALUES ('0', '016002016002', '1001ZZ100000000039IC', '0', '0110', '10', null, '11111111', '1001ZZ100000000039BH', 0, 0, null, 0, -1, 0, -16777216, 12, 20, 0, 0, null, null, null, 160, 300, 0, 80, '<nc.vo.pub.print.PrintCellExtVO>
  <height__decimal>0.0</height__decimal>
  <textDirection>0</textDirection>
  <lineSpaceBetween>0</lineSpaceBetween>
  <formatType>0</formatType>
</nc.vo.pub.print.PrintCellExtVO>', null, null, null, '2019-04-13 19:18:41', 'Dialog', '行号', null);
INSERT INTO PUB_PRINT_CELL (BUNDERLINE, CCELLCODE, CCELLID, CCOMBINEPROPERTY, CCONTENTPROPERTY, CISFROZEN, CISHEADTAIL, CLINEPROPERTY, CTEMPLATEID, DR, FFONTSTYLE, FIXEDSTYLE, FSHADOWTYPE, IBGCOLOR, IBOTLINECOLOR, IFGCOLOR, IFONRSIZE, IHEIGHT, ILEFTLINECOLOR, IRIGHTCOLOR, ISDYCOLGROUP, ISDYNROWHEIGHT, ISLASTPAGETRAIL, ISTARTX, ISTARTY, ITOPLINECOLOR, IWIDTH, OPTIONS, PREPARE1, PREPARE2, TABLE_CODE, TS, VFONTNAME, VTEXT, VVAR) VALUES ('0', '016003016003', '1001ZZ100000000039ID', '0', '1110', '10', null, '11111111', '1001ZZ100000000039BH', 0, 0, null, 0, -1, 0, -16777216, 12, 20, 0, 0, null, null, null, 240, 300, 0, 80, '<nc.vo.pub.print.PrintCellExtVO>
  <height__decimal>0.0</height__decimal>
  <textDirection>0</textDirection>
  <lineSpaceBetween>0</lineSpaceBetween>
  <formatType>0</formatType>
</nc.vo.pub.print.PrintCellExtVO>', null, null, null, '2019-04-13 19:18:41', 'Dialog', '行号', 'pk_task_b.rowno');
INSERT INTO PUB_PRINT_CELL (BUNDERLINE, CCELLCODE, CCELLID, CCOMBINEPROPERTY, CCONTENTPROPERTY, CISFROZEN, CISHEADTAIL, CLINEPROPERTY, CTEMPLATEID, DR, FFONTSTYLE, FIXEDSTYLE, FSHADOWTYPE, IBGCOLOR, IBOTLINECOLOR, IFGCOLOR, IFONRSIZE, IHEIGHT, ILEFTLINECOLOR, IRIGHTCOLOR, ISDYCOLGROUP, ISDYNROWHEIGHT, ISLASTPAGETRAIL, ISTARTX, ISTARTY, ITOPLINECOLOR, IWIDTH, OPTIONS, PREPARE1, PREPARE2, TABLE_CODE, TS, VFONTNAME, VTEXT, VVAR) VALUES ('0', '016004016004', '1001ZZ100000000039IE', '0', '0110', '10', null, '11111111', '1001ZZ100000000039BH', 0, 0, null, 0, -1, 0, -16777216, 12, 20, 0, 0, null, null, null, 320, 300, 0, 80, '<nc.vo.pub.print.PrintCellExtVO>
  <height__decimal>0.0</height__decimal>
  <textDirection>0</textDirection>
  <lineSpaceBetween>0</lineSpaceBetween>
  <formatType>0</formatType>
</nc.vo.pub.print.PrintCellExtVO>', null, null, null, '2019-04-13 19:18:41', 'Dialog', '试验后参数主键', null);
INSERT INTO PUB_PRINT_CELL (BUNDERLINE, CCELLCODE, CCELLID, CCOMBINEPROPERTY, CCONTENTPROPERTY, CISFROZEN, CISHEADTAIL, CLINEPROPERTY, CTEMPLATEID, DR, FFONTSTYLE, FIXEDSTYLE, FSHADOWTYPE, IBGCOLOR, IBOTLINECOLOR, IFGCOLOR, IFONRSIZE, IHEIGHT, ILEFTLINECOLOR, IRIGHTCOLOR, ISDYCOLGROUP, ISDYNROWHEIGHT, ISLASTPAGETRAIL, ISTARTX, ISTARTY, ITOPLINECOLOR, IWIDTH, OPTIONS, PREPARE1, PREPARE2, TABLE_CODE, TS, VFONTNAME, VTEXT, VVAR) VALUES ('0', '016005016005', '1001ZZ100000000039IF', '0', '1110', '10', null, '11111111', '1001ZZ100000000039BH', 0, 0, null, 0, -1, 0, -16777216, 12, 20, 0, 0, null, null, null, 400, 300, 0, 80, '<nc.vo.pub.print.PrintCellExtVO>
  <height__decimal>0.0</height__decimal>
  <textDirection>0</textDirection>
  <lineSpaceBetween>0</lineSpaceBetween>
  <formatType>0</formatType>
</nc.vo.pub.print.PrintCellExtVO>', null, null, null, '2019-04-13 19:18:41', 'Dialog', '试验后参数主键', 'pk_task_b.pk_task_r');
INSERT INTO PUB_PRINT_CELL (BUNDERLINE, CCELLCODE, CCELLID, CCOMBINEPROPERTY, CCONTENTPROPERTY, CISFROZEN, CISHEADTAIL, CLINEPROPERTY, CTEMPLATEID, DR, FFONTSTYLE, FIXEDSTYLE, FSHADOWTYPE, IBGCOLOR, IBOTLINECOLOR, IFGCOLOR, IFONRSIZE, IHEIGHT, ILEFTLINECOLOR, IRIGHTCOLOR, ISDYCOLGROUP, ISDYNROWHEIGHT, ISLASTPAGETRAIL, ISTARTX, ISTARTY, ITOPLINECOLOR, IWIDTH, OPTIONS, PREPARE1, PREPARE2, TABLE_CODE, TS, VFONTNAME, VTEXT, VVAR) VALUES ('0', '017000017000', '1001ZZ100000000039IG', '1017000', '0020', 'Y ', null, '00000000', '1001ZZ100000000039BH', 0, 1, null, 0, -1, 0, -16777216, 12, 5, 0, 0, null, null, null, 0, 320, 0, 80, '<nc.vo.pub.print.PrintCellExtVO>
  <height__decimal>0.0</height__decimal>
  <textDirection>0</textDirection>
  <lineSpaceBetween>0</lineSpaceBetween>
  <formatType>0</formatType>
</nc.vo.pub.print.PrintCellExtVO>', null, null, null, '2019-04-13 19:18:41', 'Dialog', null, null);
INSERT INTO PUB_PRINT_CELL (BUNDERLINE, CCELLCODE, CCELLID, CCOMBINEPROPERTY, CCONTENTPROPERTY, CISFROZEN, CISHEADTAIL, CLINEPROPERTY, CTEMPLATEID, DR, FFONTSTYLE, FIXEDSTYLE, FSHADOWTYPE, IBGCOLOR, IBOTLINECOLOR, IFGCOLOR, IFONRSIZE, IHEIGHT, ILEFTLINECOLOR, IRIGHTCOLOR, ISDYCOLGROUP, ISDYNROWHEIGHT, ISLASTPAGETRAIL, ISTARTX, ISTARTY, ITOPLINECOLOR, IWIDTH, OPTIONS, PREPARE1, PREPARE2, TABLE_CODE, TS, VFONTNAME, VTEXT, VVAR) VALUES ('0', '017000017005', '1001ZZ100000000039IM', '0', '0020', 'Y ', null, '00000000', '1001ZZ100000000039BH', 0, 1, null, 0, -1, 0, -16777216, 12, 5, 0, 0, null, null, null, 0, 320, 0, 480, '<nc.vo.pub.print.PrintCellExtVO>
  <height__decimal>0.0</height__decimal>
  <textDirection>0</textDirection>
  <lineSpaceBetween>0</lineSpaceBetween>
  <formatType>0</formatType>
</nc.vo.pub.print.PrintCellExtVO>', null, null, null, '2019-04-13 19:18:41', 'Dialog', null, null);
INSERT INTO PUB_PRINT_CELL (BUNDERLINE, CCELLCODE, CCELLID, CCOMBINEPROPERTY, CCONTENTPROPERTY, CISFROZEN, CISHEADTAIL, CLINEPROPERTY, CTEMPLATEID, DR, FFONTSTYLE, FIXEDSTYLE, FSHADOWTYPE, IBGCOLOR, IBOTLINECOLOR, IFGCOLOR, IFONRSIZE, IHEIGHT, ILEFTLINECOLOR, IRIGHTCOLOR, ISDYCOLGROUP, ISDYNROWHEIGHT, ISLASTPAGETRAIL, ISTARTX, ISTARTY, ITOPLINECOLOR, IWIDTH, OPTIONS, PREPARE1, PREPARE2, TABLE_CODE, TS, VFONTNAME, VTEXT, VVAR) VALUES ('0', '017001017001', '1001ZZ100000000039IH', '1017000', '0020', 'Y ', null, '00000000', '1001ZZ100000000039BH', 0, 1, null, 0, -1, 0, -16777216, 12, 5, 0, 0, null, null, null, 80, 320, 0, 80, '<nc.vo.pub.print.PrintCellExtVO>
  <height__decimal>0.0</height__decimal>
  <textDirection>0</textDirection>
  <lineSpaceBetween>0</lineSpaceBetween>
  <formatType>0</formatType>
</nc.vo.pub.print.PrintCellExtVO>', null, null, null, '2019-04-13 19:18:41', 'Dialog', null, null);
INSERT INTO PUB_PRINT_CELL (BUNDERLINE, CCELLCODE, CCELLID, CCOMBINEPROPERTY, CCONTENTPROPERTY, CISFROZEN, CISHEADTAIL, CLINEPROPERTY, CTEMPLATEID, DR, FFONTSTYLE, FIXEDSTYLE, FSHADOWTYPE, IBGCOLOR, IBOTLINECOLOR, IFGCOLOR, IFONRSIZE, IHEIGHT, ILEFTLINECOLOR, IRIGHTCOLOR, ISDYCOLGROUP, ISDYNROWHEIGHT, ISLASTPAGETRAIL, ISTARTX, ISTARTY, ITOPLINECOLOR, IWIDTH, OPTIONS, PREPARE1, PREPARE2, TABLE_CODE, TS, VFONTNAME, VTEXT, VVAR) VALUES ('0', '017002017002', '1001ZZ100000000039II', '1017000', '0020', 'Y ', null, '00000000', '1001ZZ100000000039BH', 0, 1, null, 0, -1, 0, -16777216, 12, 5, 0, 0, null, null, null, 160, 320, 0, 80, '<nc.vo.pub.print.PrintCellExtVO>
  <height__decimal>0.0</height__decimal>
  <textDirection>0</textDirection>
  <lineSpaceBetween>0</lineSpaceBetween>
  <formatType>0</formatType>
</nc.vo.pub.print.PrintCellExtVO>', null, null, null, '2019-04-13 19:18:41', 'Dialog', null, null);
INSERT INTO PUB_PRINT_CELL (BUNDERLINE, CCELLCODE, CCELLID, CCOMBINEPROPERTY, CCONTENTPROPERTY, CISFROZEN, CISHEADTAIL, CLINEPROPERTY, CTEMPLATEID, DR, FFONTSTYLE, FIXEDSTYLE, FSHADOWTYPE, IBGCOLOR, IBOTLINECOLOR, IFGCOLOR, IFONRSIZE, IHEIGHT, ILEFTLINECOLOR, IRIGHTCOLOR, ISDYCOLGROUP, ISDYNROWHEIGHT, ISLASTPAGETRAIL, ISTARTX, ISTARTY, ITOPLINECOLOR, IWIDTH, OPTIONS, PREPARE1, PREPARE2, TABLE_CODE, TS, VFONTNAME, VTEXT, VVAR) VALUES ('0', '017003017003', '1001ZZ100000000039IJ', '1017000', '0020', 'Y ', null, '00000000', '1001ZZ100000000039BH', 0, 1, null, 0, -1, 0, -16777216, 12, 5, 0, 0, null, null, null, 240, 320, 0, 80, '<nc.vo.pub.print.PrintCellExtVO>
  <height__decimal>0.0</height__decimal>
  <textDirection>0</textDirection>
  <lineSpaceBetween>0</lineSpaceBetween>
  <formatType>0</formatType>
</nc.vo.pub.print.PrintCellExtVO>', null, null, null, '2019-04-13 19:18:41', 'Dialog', null, null);
INSERT INTO PUB_PRINT_CELL (BUNDERLINE, CCELLCODE, CCELLID, CCOMBINEPROPERTY, CCONTENTPROPERTY, CISFROZEN, CISHEADTAIL, CLINEPROPERTY, CTEMPLATEID, DR, FFONTSTYLE, FIXEDSTYLE, FSHADOWTYPE, IBGCOLOR, IBOTLINECOLOR, IFGCOLOR, IFONRSIZE, IHEIGHT, ILEFTLINECOLOR, IRIGHTCOLOR, ISDYCOLGROUP, ISDYNROWHEIGHT, ISLASTPAGETRAIL, ISTARTX, ISTARTY, ITOPLINECOLOR, IWIDTH, OPTIONS, PREPARE1, PREPARE2, TABLE_CODE, TS, VFONTNAME, VTEXT, VVAR) VALUES ('0', '017004017004', '1001ZZ100000000039IK', '1017000', '0020', 'Y ', null, '00000000', '1001ZZ100000000039BH', 0, 1, null, 0, -1, 0, -16777216, 12, 5, 0, 0, null, null, null, 320, 320, 0, 80, '<nc.vo.pub.print.PrintCellExtVO>
  <height__decimal>0.0</height__decimal>
  <textDirection>0</textDirection>
  <lineSpaceBetween>0</lineSpaceBetween>
  <formatType>0</formatType>
</nc.vo.pub.print.PrintCellExtVO>', null, null, null, '2019-04-13 19:18:41', 'Dialog', null, null);
INSERT INTO PUB_PRINT_CELL (BUNDERLINE, CCELLCODE, CCELLID, CCOMBINEPROPERTY, CCONTENTPROPERTY, CISFROZEN, CISHEADTAIL, CLINEPROPERTY, CTEMPLATEID, DR, FFONTSTYLE, FIXEDSTYLE, FSHADOWTYPE, IBGCOLOR, IBOTLINECOLOR, IFGCOLOR, IFONRSIZE, IHEIGHT, ILEFTLINECOLOR, IRIGHTCOLOR, ISDYCOLGROUP, ISDYNROWHEIGHT, ISLASTPAGETRAIL, ISTARTX, ISTARTY, ITOPLINECOLOR, IWIDTH, OPTIONS, PREPARE1, PREPARE2, TABLE_CODE, TS, VFONTNAME, VTEXT, VVAR) VALUES ('0', '017005017005', '1001ZZ100000000039IL', '1017000', '0020', 'Y ', null, '00000000', '1001ZZ100000000039BH', 0, 1, null, 0, -1, 0, -16777216, 12, 5, 0, 0, null, null, null, 400, 320, 0, 80, '<nc.vo.pub.print.PrintCellExtVO>
  <height__decimal>0.0</height__decimal>
  <textDirection>0</textDirection>
  <lineSpaceBetween>0</lineSpaceBetween>
  <formatType>0</formatType>
</nc.vo.pub.print.PrintCellExtVO>', null, null, null, '2019-04-13 19:18:41', 'Dialog', null, null);
INSERT INTO PUB_PRINT_CELL (BUNDERLINE, CCELLCODE, CCELLID, CCOMBINEPROPERTY, CCONTENTPROPERTY, CISFROZEN, CISHEADTAIL, CLINEPROPERTY, CTEMPLATEID, DR, FFONTSTYLE, FIXEDSTYLE, FSHADOWTYPE, IBGCOLOR, IBOTLINECOLOR, IFGCOLOR, IFONRSIZE, IHEIGHT, ILEFTLINECOLOR, IRIGHTCOLOR, ISDYCOLGROUP, ISDYNROWHEIGHT, ISLASTPAGETRAIL, ISTARTX, ISTARTY, ITOPLINECOLOR, IWIDTH, OPTIONS, PREPARE1, PREPARE2, TABLE_CODE, TS, VFONTNAME, VTEXT, VVAR) VALUES ('0', '018000018000', '1001ZZ100000000039IN', '0', '0110', '10', null, '11111111', '1001ZZ100000000039BH', 0, 0, null, 0, -1, 0, -16777216, 12, 20, 0, 0, null, null, null, 0, 325, 0, 80, '<nc.vo.pub.print.PrintCellExtVO>
  <height__decimal>0.0</height__decimal>
  <textDirection>0</textDirection>
  <lineSpaceBetween>0</lineSpaceBetween>
  <formatType>0</formatType>
</nc.vo.pub.print.PrintCellExtVO>', null, null, null, '2019-04-13 19:18:41', 'Dialog', '制单人', null);
INSERT INTO PUB_PRINT_CELL (BUNDERLINE, CCELLCODE, CCELLID, CCOMBINEPROPERTY, CCONTENTPROPERTY, CISFROZEN, CISHEADTAIL, CLINEPROPERTY, CTEMPLATEID, DR, FFONTSTYLE, FIXEDSTYLE, FSHADOWTYPE, IBGCOLOR, IBOTLINECOLOR, IFGCOLOR, IFONRSIZE, IHEIGHT, ILEFTLINECOLOR, IRIGHTCOLOR, ISDYCOLGROUP, ISDYNROWHEIGHT, ISLASTPAGETRAIL, ISTARTX, ISTARTY, ITOPLINECOLOR, IWIDTH, OPTIONS, PREPARE1, PREPARE2, TABLE_CODE, TS, VFONTNAME, VTEXT, VVAR) VALUES ('0', '018001018001', '1001ZZ100000000039IO', '0', '1110', '10', null, '11111111', '1001ZZ100000000039BH', 0, 0, null, 0, -1, 0, -16777216, 12, 20, 0, 0, null, null, null, 80, 325, 0, 80, '<nc.vo.pub.print.PrintCellExtVO>
  <height__decimal>0.0</height__decimal>
  <textDirection>0</textDirection>
  <lineSpaceBetween>0</lineSpaceBetween>
  <formatType>0</formatType>
</nc.vo.pub.print.PrintCellExtVO>', null, null, null, '2019-04-13 19:18:41', 'Dialog', '制单人', 'billmaker');
INSERT INTO PUB_PRINT_CELL (BUNDERLINE, CCELLCODE, CCELLID, CCOMBINEPROPERTY, CCONTENTPROPERTY, CISFROZEN, CISHEADTAIL, CLINEPROPERTY, CTEMPLATEID, DR, FFONTSTYLE, FIXEDSTYLE, FSHADOWTYPE, IBGCOLOR, IBOTLINECOLOR, IFGCOLOR, IFONRSIZE, IHEIGHT, ILEFTLINECOLOR, IRIGHTCOLOR, ISDYCOLGROUP, ISDYNROWHEIGHT, ISLASTPAGETRAIL, ISTARTX, ISTARTY, ITOPLINECOLOR, IWIDTH, OPTIONS, PREPARE1, PREPARE2, TABLE_CODE, TS, VFONTNAME, VTEXT, VVAR) VALUES ('0', '018002018002', '1001ZZ100000000039IP', '0', '0110', '10', null, '11111111', '1001ZZ100000000039BH', 0, 0, null, 0, -1, 0, -16777216, 12, 20, 0, 0, null, null, null, 160, 325, 0, 80, '<nc.vo.pub.print.PrintCellExtVO>
  <height__decimal>0.0</height__decimal>
  <textDirection>0</textDirection>
  <lineSpaceBetween>0</lineSpaceBetween>
  <formatType>0</formatType>
</nc.vo.pub.print.PrintCellExtVO>', null, null, null, '2019-04-13 19:18:41', 'Dialog', '审批人', null);
INSERT INTO PUB_PRINT_CELL (BUNDERLINE, CCELLCODE, CCELLID, CCOMBINEPROPERTY, CCONTENTPROPERTY, CISFROZEN, CISHEADTAIL, CLINEPROPERTY, CTEMPLATEID, DR, FFONTSTYLE, FIXEDSTYLE, FSHADOWTYPE, IBGCOLOR, IBOTLINECOLOR, IFGCOLOR, IFONRSIZE, IHEIGHT, ILEFTLINECOLOR, IRIGHTCOLOR, ISDYCOLGROUP, ISDYNROWHEIGHT, ISLASTPAGETRAIL, ISTARTX, ISTARTY, ITOPLINECOLOR, IWIDTH, OPTIONS, PREPARE1, PREPARE2, TABLE_CODE, TS, VFONTNAME, VTEXT, VVAR) VALUES ('0', '018003018003', '1001ZZ100000000039IQ', '0', '1110', '10', null, '11111111', '1001ZZ100000000039BH', 0, 0, null, 0, -1, 0, -16777216, 12, 20, 0, 0, null, null, null, 240, 325, 0, 80, '<nc.vo.pub.print.PrintCellExtVO>
  <height__decimal>0.0</height__decimal>
  <textDirection>0</textDirection>
  <lineSpaceBetween>0</lineSpaceBetween>
  <formatType>0</formatType>
</nc.vo.pub.print.PrintCellExtVO>', null, null, null, '2019-04-13 19:18:41', 'Dialog', '审批人', 'approver');
INSERT INTO PUB_PRINT_CELL (BUNDERLINE, CCELLCODE, CCELLID, CCOMBINEPROPERTY, CCONTENTPROPERTY, CISFROZEN, CISHEADTAIL, CLINEPROPERTY, CTEMPLATEID, DR, FFONTSTYLE, FIXEDSTYLE, FSHADOWTYPE, IBGCOLOR, IBOTLINECOLOR, IFGCOLOR, IFONRSIZE, IHEIGHT, ILEFTLINECOLOR, IRIGHTCOLOR, ISDYCOLGROUP, ISDYNROWHEIGHT, ISLASTPAGETRAIL, ISTARTX, ISTARTY, ITOPLINECOLOR, IWIDTH, OPTIONS, PREPARE1, PREPARE2, TABLE_CODE, TS, VFONTNAME, VTEXT, VVAR) VALUES ('0', '018004018004', '1001ZZ100000000039IR', '0', '0110', '10', null, '11111111', '1001ZZ100000000039BH', 0, 0, null, 0, -1, 0, -16777216, 12, 20, 0, 0, null, null, null, 320, 325, 0, 80, '<nc.vo.pub.print.PrintCellExtVO>
  <height__decimal>0.0</height__decimal>
  <textDirection>0</textDirection>
  <lineSpaceBetween>0</lineSpaceBetween>
  <formatType>0</formatType>
</nc.vo.pub.print.PrintCellExtVO>', null, null, null, '2019-04-13 19:18:41', 'Dialog', '审批时间', null);
INSERT INTO PUB_PRINT_CELL (BUNDERLINE, CCELLCODE, CCELLID, CCOMBINEPROPERTY, CCONTENTPROPERTY, CISFROZEN, CISHEADTAIL, CLINEPROPERTY, CTEMPLATEID, DR, FFONTSTYLE, FIXEDSTYLE, FSHADOWTYPE, IBGCOLOR, IBOTLINECOLOR, IFGCOLOR, IFONRSIZE, IHEIGHT, ILEFTLINECOLOR, IRIGHTCOLOR, ISDYCOLGROUP, ISDYNROWHEIGHT, ISLASTPAGETRAIL, ISTARTX, ISTARTY, ITOPLINECOLOR, IWIDTH, OPTIONS, PREPARE1, PREPARE2, TABLE_CODE, TS, VFONTNAME, VTEXT, VVAR) VALUES ('0', '018005018005', '1001ZZ100000000039IS', '0', '1110', '10', null, '11111111', '1001ZZ100000000039BH', 0, 0, null, 0, -1, 0, -16777216, 12, 20, 0, 0, null, null, null, 400, 325, 0, 80, '<nc.vo.pub.print.PrintCellExtVO>
  <height__decimal>0.0</height__decimal>
  <textDirection>0</textDirection>
  <lineSpaceBetween>0</lineSpaceBetween>
  <formatType>0</formatType>
</nc.vo.pub.print.PrintCellExtVO>', null, null, null, '2019-04-13 19:18:41', 'Dialog', '审批时间', 'approvedate');
INSERT INTO PUB_PRINT_CELL (BUNDERLINE, CCELLCODE, CCELLID, CCOMBINEPROPERTY, CCONTENTPROPERTY, CISFROZEN, CISHEADTAIL, CLINEPROPERTY, CTEMPLATEID, DR, FFONTSTYLE, FIXEDSTYLE, FSHADOWTYPE, IBGCOLOR, IBOTLINECOLOR, IFGCOLOR, IFONRSIZE, IHEIGHT, ILEFTLINECOLOR, IRIGHTCOLOR, ISDYCOLGROUP, ISDYNROWHEIGHT, ISLASTPAGETRAIL, ISTARTX, ISTARTY, ITOPLINECOLOR, IWIDTH, OPTIONS, PREPARE1, PREPARE2, TABLE_CODE, TS, VFONTNAME, VTEXT, VVAR) VALUES ('0', '019000019000', '1001ZZ100000000039IT', '1019000', '0020', 'Y ', null, '00000000', '1001ZZ100000000039BH', 0, 1, null, 0, -1, 0, -16777216, 12, 5, 0, 0, null, null, null, 0, 345, 0, 80, '<nc.vo.pub.print.PrintCellExtVO>
  <height__decimal>0.0</height__decimal>
  <textDirection>0</textDirection>
  <lineSpaceBetween>0</lineSpaceBetween>
  <formatType>0</formatType>
</nc.vo.pub.print.PrintCellExtVO>', null, null, null, '2019-04-13 19:18:41', 'Dialog', null, null);
INSERT INTO PUB_PRINT_CELL (BUNDERLINE, CCELLCODE, CCELLID, CCOMBINEPROPERTY, CCONTENTPROPERTY, CISFROZEN, CISHEADTAIL, CLINEPROPERTY, CTEMPLATEID, DR, FFONTSTYLE, FIXEDSTYLE, FSHADOWTYPE, IBGCOLOR, IBOTLINECOLOR, IFGCOLOR, IFONRSIZE, IHEIGHT, ILEFTLINECOLOR, IRIGHTCOLOR, ISDYCOLGROUP, ISDYNROWHEIGHT, ISLASTPAGETRAIL, ISTARTX, ISTARTY, ITOPLINECOLOR, IWIDTH, OPTIONS, PREPARE1, PREPARE2, TABLE_CODE, TS, VFONTNAME, VTEXT, VVAR) VALUES ('0', '019000019005', '1001ZZ100000000039IZ', '0', '0020', 'Y ', null, '00000000', '1001ZZ100000000039BH', 0, 1, null, 0, -1, 0, -16777216, 12, 5, 0, 0, null, null, null, 0, 345, 0, 480, '<nc.vo.pub.print.PrintCellExtVO>
  <height__decimal>0.0</height__decimal>
  <textDirection>0</textDirection>
  <lineSpaceBetween>0</lineSpaceBetween>
  <formatType>0</formatType>
</nc.vo.pub.print.PrintCellExtVO>', null, null, null, '2019-04-13 19:18:41', 'Dialog', null, null);
INSERT INTO PUB_PRINT_CELL (BUNDERLINE, CCELLCODE, CCELLID, CCOMBINEPROPERTY, CCONTENTPROPERTY, CISFROZEN, CISHEADTAIL, CLINEPROPERTY, CTEMPLATEID, DR, FFONTSTYLE, FIXEDSTYLE, FSHADOWTYPE, IBGCOLOR, IBOTLINECOLOR, IFGCOLOR, IFONRSIZE, IHEIGHT, ILEFTLINECOLOR, IRIGHTCOLOR, ISDYCOLGROUP, ISDYNROWHEIGHT, ISLASTPAGETRAIL, ISTARTX, ISTARTY, ITOPLINECOLOR, IWIDTH, OPTIONS, PREPARE1, PREPARE2, TABLE_CODE, TS, VFONTNAME, VTEXT, VVAR) VALUES ('0', '019001019001', '1001ZZ100000000039IU', '1019000', '0020', 'Y ', null, '00000000', '1001ZZ100000000039BH', 0, 1, null, 0, -1, 0, -16777216, 12, 5, 0, 0, null, null, null, 80, 345, 0, 80, '<nc.vo.pub.print.PrintCellExtVO>
  <height__decimal>0.0</height__decimal>
  <textDirection>0</textDirection>
  <lineSpaceBetween>0</lineSpaceBetween>
  <formatType>0</formatType>
</nc.vo.pub.print.PrintCellExtVO>', null, null, null, '2019-04-13 19:18:41', 'Dialog', null, null);
INSERT INTO PUB_PRINT_CELL (BUNDERLINE, CCELLCODE, CCELLID, CCOMBINEPROPERTY, CCONTENTPROPERTY, CISFROZEN, CISHEADTAIL, CLINEPROPERTY, CTEMPLATEID, DR, FFONTSTYLE, FIXEDSTYLE, FSHADOWTYPE, IBGCOLOR, IBOTLINECOLOR, IFGCOLOR, IFONRSIZE, IHEIGHT, ILEFTLINECOLOR, IRIGHTCOLOR, ISDYCOLGROUP, ISDYNROWHEIGHT, ISLASTPAGETRAIL, ISTARTX, ISTARTY, ITOPLINECOLOR, IWIDTH, OPTIONS, PREPARE1, PREPARE2, TABLE_CODE, TS, VFONTNAME, VTEXT, VVAR) VALUES ('0', '019002019002', '1001ZZ100000000039IV', '1019000', '0020', 'Y ', null, '00000000', '1001ZZ100000000039BH', 0, 1, null, 0, -1, 0, -16777216, 12, 5, 0, 0, null, null, null, 160, 345, 0, 80, '<nc.vo.pub.print.PrintCellExtVO>
  <height__decimal>0.0</height__decimal>
  <textDirection>0</textDirection>
  <lineSpaceBetween>0</lineSpaceBetween>
  <formatType>0</formatType>
</nc.vo.pub.print.PrintCellExtVO>', null, null, null, '2019-04-13 19:18:41', 'Dialog', null, null);
INSERT INTO PUB_PRINT_CELL (BUNDERLINE, CCELLCODE, CCELLID, CCOMBINEPROPERTY, CCONTENTPROPERTY, CISFROZEN, CISHEADTAIL, CLINEPROPERTY, CTEMPLATEID, DR, FFONTSTYLE, FIXEDSTYLE, FSHADOWTYPE, IBGCOLOR, IBOTLINECOLOR, IFGCOLOR, IFONRSIZE, IHEIGHT, ILEFTLINECOLOR, IRIGHTCOLOR, ISDYCOLGROUP, ISDYNROWHEIGHT, ISLASTPAGETRAIL, ISTARTX, ISTARTY, ITOPLINECOLOR, IWIDTH, OPTIONS, PREPARE1, PREPARE2, TABLE_CODE, TS, VFONTNAME, VTEXT, VVAR) VALUES ('0', '019003019003', '1001ZZ100000000039IW', '1019000', '0020', 'Y ', null, '00000000', '1001ZZ100000000039BH', 0, 1, null, 0, -1, 0, -16777216, 12, 5, 0, 0, null, null, null, 240, 345, 0, 80, '<nc.vo.pub.print.PrintCellExtVO>
  <height__decimal>0.0</height__decimal>
  <textDirection>0</textDirection>
  <lineSpaceBetween>0</lineSpaceBetween>
  <formatType>0</formatType>
</nc.vo.pub.print.PrintCellExtVO>', null, null, null, '2019-04-13 19:18:41', 'Dialog', null, null);
INSERT INTO PUB_PRINT_CELL (BUNDERLINE, CCELLCODE, CCELLID, CCOMBINEPROPERTY, CCONTENTPROPERTY, CISFROZEN, CISHEADTAIL, CLINEPROPERTY, CTEMPLATEID, DR, FFONTSTYLE, FIXEDSTYLE, FSHADOWTYPE, IBGCOLOR, IBOTLINECOLOR, IFGCOLOR, IFONRSIZE, IHEIGHT, ILEFTLINECOLOR, IRIGHTCOLOR, ISDYCOLGROUP, ISDYNROWHEIGHT, ISLASTPAGETRAIL, ISTARTX, ISTARTY, ITOPLINECOLOR, IWIDTH, OPTIONS, PREPARE1, PREPARE2, TABLE_CODE, TS, VFONTNAME, VTEXT, VVAR) VALUES ('0', '019004019004', '1001ZZ100000000039IX', '1019000', '0020', 'Y ', null, '00000000', '1001ZZ100000000039BH', 0, 1, null, 0, -1, 0, -16777216, 12, 5, 0, 0, null, null, null, 320, 345, 0, 80, '<nc.vo.pub.print.PrintCellExtVO>
  <height__decimal>0.0</height__decimal>
  <textDirection>0</textDirection>
  <lineSpaceBetween>0</lineSpaceBetween>
  <formatType>0</formatType>
</nc.vo.pub.print.PrintCellExtVO>', null, null, null, '2019-04-13 19:18:41', 'Dialog', null, null);
INSERT INTO PUB_PRINT_CELL (BUNDERLINE, CCELLCODE, CCELLID, CCOMBINEPROPERTY, CCONTENTPROPERTY, CISFROZEN, CISHEADTAIL, CLINEPROPERTY, CTEMPLATEID, DR, FFONTSTYLE, FIXEDSTYLE, FSHADOWTYPE, IBGCOLOR, IBOTLINECOLOR, IFGCOLOR, IFONRSIZE, IHEIGHT, ILEFTLINECOLOR, IRIGHTCOLOR, ISDYCOLGROUP, ISDYNROWHEIGHT, ISLASTPAGETRAIL, ISTARTX, ISTARTY, ITOPLINECOLOR, IWIDTH, OPTIONS, PREPARE1, PREPARE2, TABLE_CODE, TS, VFONTNAME, VTEXT, VVAR) VALUES ('0', '019005019005', '1001ZZ100000000039IY', '1019000', '0020', 'Y ', null, '00000000', '1001ZZ100000000039BH', 0, 1, null, 0, -1, 0, -16777216, 12, 5, 0, 0, null, null, null, 400, 345, 0, 80, '<nc.vo.pub.print.PrintCellExtVO>
  <height__decimal>0.0</height__decimal>
  <textDirection>0</textDirection>
  <lineSpaceBetween>0</lineSpaceBetween>
  <formatType>0</formatType>
</nc.vo.pub.print.PrintCellExtVO>', null, null, null, '2019-04-13 19:18:41', 'Dialog', null, null);
INSERT INTO PUB_PRINT_CELL (BUNDERLINE, CCELLCODE, CCELLID, CCOMBINEPROPERTY, CCONTENTPROPERTY, CISFROZEN, CISHEADTAIL, CLINEPROPERTY, CTEMPLATEID, DR, FFONTSTYLE, FIXEDSTYLE, FSHADOWTYPE, IBGCOLOR, IBOTLINECOLOR, IFGCOLOR, IFONRSIZE, IHEIGHT, ILEFTLINECOLOR, IRIGHTCOLOR, ISDYCOLGROUP, ISDYNROWHEIGHT, ISLASTPAGETRAIL, ISTARTX, ISTARTY, ITOPLINECOLOR, IWIDTH, OPTIONS, PREPARE1, PREPARE2, TABLE_CODE, TS, VFONTNAME, VTEXT, VVAR) VALUES ('0', '020000020000', '1001ZZ100000000039J0', '0', '0110', '10', null, '11111111', '1001ZZ100000000039BH', 0, 0, null, 0, -1, 0, -16777216, 12, 20, 0, 0, null, null, null, 0, 350, 0, 80, '<nc.vo.pub.print.PrintCellExtVO>
  <height__decimal>0.0</height__decimal>
  <textDirection>0</textDirection>
  <lineSpaceBetween>0</lineSpaceBetween>
  <formatType>0</formatType>
</nc.vo.pub.print.PrintCellExtVO>', null, null, null, '2019-04-13 19:18:41', 'Dialog', '创建人', null);
INSERT INTO PUB_PRINT_CELL (BUNDERLINE, CCELLCODE, CCELLID, CCOMBINEPROPERTY, CCONTENTPROPERTY, CISFROZEN, CISHEADTAIL, CLINEPROPERTY, CTEMPLATEID, DR, FFONTSTYLE, FIXEDSTYLE, FSHADOWTYPE, IBGCOLOR, IBOTLINECOLOR, IFGCOLOR, IFONRSIZE, IHEIGHT, ILEFTLINECOLOR, IRIGHTCOLOR, ISDYCOLGROUP, ISDYNROWHEIGHT, ISLASTPAGETRAIL, ISTARTX, ISTARTY, ITOPLINECOLOR, IWIDTH, OPTIONS, PREPARE1, PREPARE2, TABLE_CODE, TS, VFONTNAME, VTEXT, VVAR) VALUES ('0', '020001020001', '1001ZZ100000000039J1', '0', '1110', '10', null, '11111111', '1001ZZ100000000039BH', 0, 0, null, 0, -1, 0, -16777216, 12, 20, 0, 0, null, null, null, 80, 350, 0, 80, '<nc.vo.pub.print.PrintCellExtVO>
  <height__decimal>0.0</height__decimal>
  <textDirection>0</textDirection>
  <lineSpaceBetween>0</lineSpaceBetween>
  <formatType>0</formatType>
</nc.vo.pub.print.PrintCellExtVO>', null, null, null, '2019-04-13 19:18:41', 'Dialog', '创建人', 'creator.user_name');
INSERT INTO PUB_PRINT_CELL (BUNDERLINE, CCELLCODE, CCELLID, CCOMBINEPROPERTY, CCONTENTPROPERTY, CISFROZEN, CISHEADTAIL, CLINEPROPERTY, CTEMPLATEID, DR, FFONTSTYLE, FIXEDSTYLE, FSHADOWTYPE, IBGCOLOR, IBOTLINECOLOR, IFGCOLOR, IFONRSIZE, IHEIGHT, ILEFTLINECOLOR, IRIGHTCOLOR, ISDYCOLGROUP, ISDYNROWHEIGHT, ISLASTPAGETRAIL, ISTARTX, ISTARTY, ITOPLINECOLOR, IWIDTH, OPTIONS, PREPARE1, PREPARE2, TABLE_CODE, TS, VFONTNAME, VTEXT, VVAR) VALUES ('0', '020002020002', '1001ZZ100000000039J2', '0', '0110', '10', null, '11111111', '1001ZZ100000000039BH', 0, 0, null, 0, -1, 0, -16777216, 12, 20, 0, 0, null, null, null, 160, 350, 0, 80, '<nc.vo.pub.print.PrintCellExtVO>
  <height__decimal>0.0</height__decimal>
  <textDirection>0</textDirection>
  <lineSpaceBetween>0</lineSpaceBetween>
  <formatType>0</formatType>
</nc.vo.pub.print.PrintCellExtVO>', null, null, null, '2019-04-13 19:18:42', 'Dialog', '创建时间', null);
INSERT INTO PUB_PRINT_CELL (BUNDERLINE, CCELLCODE, CCELLID, CCOMBINEPROPERTY, CCONTENTPROPERTY, CISFROZEN, CISHEADTAIL, CLINEPROPERTY, CTEMPLATEID, DR, FFONTSTYLE, FIXEDSTYLE, FSHADOWTYPE, IBGCOLOR, IBOTLINECOLOR, IFGCOLOR, IFONRSIZE, IHEIGHT, ILEFTLINECOLOR, IRIGHTCOLOR, ISDYCOLGROUP, ISDYNROWHEIGHT, ISLASTPAGETRAIL, ISTARTX, ISTARTY, ITOPLINECOLOR, IWIDTH, OPTIONS, PREPARE1, PREPARE2, TABLE_CODE, TS, VFONTNAME, VTEXT, VVAR) VALUES ('0', '020003020003', '1001ZZ100000000039J3', '0', '1110', '10', null, '11111111', '1001ZZ100000000039BH', 0, 0, null, 0, -1, 0, -16777216, 12, 20, 0, 0, null, null, null, 240, 350, 0, 80, '<nc.vo.pub.print.PrintCellExtVO>
  <height__decimal>0.0</height__decimal>
  <textDirection>0</textDirection>
  <lineSpaceBetween>0</lineSpaceBetween>
  <formatType>0</formatType>
</nc.vo.pub.print.PrintCellExtVO>', null, null, null, '2019-04-13 19:18:42', 'Dialog', '创建时间', 'creationtime');
INSERT INTO PUB_PRINT_CELL (BUNDERLINE, CCELLCODE, CCELLID, CCOMBINEPROPERTY, CCONTENTPROPERTY, CISFROZEN, CISHEADTAIL, CLINEPROPERTY, CTEMPLATEID, DR, FFONTSTYLE, FIXEDSTYLE, FSHADOWTYPE, IBGCOLOR, IBOTLINECOLOR, IFGCOLOR, IFONRSIZE, IHEIGHT, ILEFTLINECOLOR, IRIGHTCOLOR, ISDYCOLGROUP, ISDYNROWHEIGHT, ISLASTPAGETRAIL, ISTARTX, ISTARTY, ITOPLINECOLOR, IWIDTH, OPTIONS, PREPARE1, PREPARE2, TABLE_CODE, TS, VFONTNAME, VTEXT, VVAR) VALUES ('0', '020004020004', '1001ZZ100000000039J4', '0', '0110', '10', null, '11111111', '1001ZZ100000000039BH', 0, 0, null, 0, -1, 0, -16777216, 12, 20, 0, 0, null, null, null, 320, 350, 0, 80, '<nc.vo.pub.print.PrintCellExtVO>
  <height__decimal>0.0</height__decimal>
  <textDirection>0</textDirection>
  <lineSpaceBetween>0</lineSpaceBetween>
  <formatType>0</formatType>
</nc.vo.pub.print.PrintCellExtVO>', null, null, null, '2019-04-13 19:18:42', 'Dialog', '修改人', null);
INSERT INTO PUB_PRINT_CELL (BUNDERLINE, CCELLCODE, CCELLID, CCOMBINEPROPERTY, CCONTENTPROPERTY, CISFROZEN, CISHEADTAIL, CLINEPROPERTY, CTEMPLATEID, DR, FFONTSTYLE, FIXEDSTYLE, FSHADOWTYPE, IBGCOLOR, IBOTLINECOLOR, IFGCOLOR, IFONRSIZE, IHEIGHT, ILEFTLINECOLOR, IRIGHTCOLOR, ISDYCOLGROUP, ISDYNROWHEIGHT, ISLASTPAGETRAIL, ISTARTX, ISTARTY, ITOPLINECOLOR, IWIDTH, OPTIONS, PREPARE1, PREPARE2, TABLE_CODE, TS, VFONTNAME, VTEXT, VVAR) VALUES ('0', '020005020005', '1001ZZ100000000039J5', '0', '1110', '10', null, '11111111', '1001ZZ100000000039BH', 0, 0, null, 0, -1, 0, -16777216, 12, 20, 0, 0, null, null, null, 400, 350, 0, 80, '<nc.vo.pub.print.PrintCellExtVO>
  <height__decimal>0.0</height__decimal>
  <textDirection>0</textDirection>
  <lineSpaceBetween>0</lineSpaceBetween>
  <formatType>0</formatType>
</nc.vo.pub.print.PrintCellExtVO>', null, null, null, '2019-04-13 19:18:42', 'Dialog', '修改人', 'modifier.user_name');
INSERT INTO PUB_PRINT_CELL (BUNDERLINE, CCELLCODE, CCELLID, CCOMBINEPROPERTY, CCONTENTPROPERTY, CISFROZEN, CISHEADTAIL, CLINEPROPERTY, CTEMPLATEID, DR, FFONTSTYLE, FIXEDSTYLE, FSHADOWTYPE, IBGCOLOR, IBOTLINECOLOR, IFGCOLOR, IFONRSIZE, IHEIGHT, ILEFTLINECOLOR, IRIGHTCOLOR, ISDYCOLGROUP, ISDYNROWHEIGHT, ISLASTPAGETRAIL, ISTARTX, ISTARTY, ITOPLINECOLOR, IWIDTH, OPTIONS, PREPARE1, PREPARE2, TABLE_CODE, TS, VFONTNAME, VTEXT, VVAR) VALUES ('0', '021000021000', '1001ZZ100000000039J6', '0', '0110', '10', null, '11111111', '1001ZZ100000000039BH', 0, 0, null, 0, -1, 0, -16777216, 12, 20, 0, 0, null, null, null, 0, 370, 0, 80, '<nc.vo.pub.print.PrintCellExtVO>
  <height__decimal>0.0</height__decimal>
  <textDirection>0</textDirection>
  <lineSpaceBetween>0</lineSpaceBetween>
  <formatType>0</formatType>
</nc.vo.pub.print.PrintCellExtVO>', null, null, null, '2019-04-13 19:18:42', 'Dialog', '修改时间', null);
INSERT INTO PUB_PRINT_CELL (BUNDERLINE, CCELLCODE, CCELLID, CCOMBINEPROPERTY, CCONTENTPROPERTY, CISFROZEN, CISHEADTAIL, CLINEPROPERTY, CTEMPLATEID, DR, FFONTSTYLE, FIXEDSTYLE, FSHADOWTYPE, IBGCOLOR, IBOTLINECOLOR, IFGCOLOR, IFONRSIZE, IHEIGHT, ILEFTLINECOLOR, IRIGHTCOLOR, ISDYCOLGROUP, ISDYNROWHEIGHT, ISLASTPAGETRAIL, ISTARTX, ISTARTY, ITOPLINECOLOR, IWIDTH, OPTIONS, PREPARE1, PREPARE2, TABLE_CODE, TS, VFONTNAME, VTEXT, VVAR) VALUES ('0', '021001021001', '1001ZZ100000000039J7', '0', '1110', '10', null, '11111111', '1001ZZ100000000039BH', 0, 0, null, 0, -1, 0, -16777216, 12, 20, 0, 0, null, null, null, 80, 370, 0, 80, '<nc.vo.pub.print.PrintCellExtVO>
  <height__decimal>0.0</height__decimal>
  <textDirection>0</textDirection>
  <lineSpaceBetween>0</lineSpaceBetween>
  <formatType>0</formatType>
</nc.vo.pub.print.PrintCellExtVO>', null, null, null, '2019-04-13 19:18:42', 'Dialog', '修改时间', 'modifiedtime');
INSERT INTO PUB_PRINT_CELL (BUNDERLINE, CCELLCODE, CCELLID, CCOMBINEPROPERTY, CCONTENTPROPERTY, CISFROZEN, CISHEADTAIL, CLINEPROPERTY, CTEMPLATEID, DR, FFONTSTYLE, FIXEDSTYLE, FSHADOWTYPE, IBGCOLOR, IBOTLINECOLOR, IFGCOLOR, IFONRSIZE, IHEIGHT, ILEFTLINECOLOR, IRIGHTCOLOR, ISDYCOLGROUP, ISDYNROWHEIGHT, ISLASTPAGETRAIL, ISTARTX, ISTARTY, ITOPLINECOLOR, IWIDTH, OPTIONS, PREPARE1, PREPARE2, TABLE_CODE, TS, VFONTNAME, VTEXT, VVAR) VALUES ('0', '021002021002', '1001ZZ100000000039J8', '0', '0110', '10', null, '11111111', '1001ZZ100000000039BH', 0, 0, null, 0, -1, 0, -16777216, 12, 20, 0, 0, null, null, null, 160, 370, 0, 80, '<nc.vo.pub.print.PrintCellExtVO>
  <height__decimal>0.0</height__decimal>
  <textDirection>0</textDirection>
  <lineSpaceBetween>0</lineSpaceBetween>
  <formatType>0</formatType>
</nc.vo.pub.print.PrintCellExtVO>', null, null, null, '2019-04-13 19:18:42', 'Dialog', null, null);
INSERT INTO PUB_PRINT_CELL (BUNDERLINE, CCELLCODE, CCELLID, CCOMBINEPROPERTY, CCONTENTPROPERTY, CISFROZEN, CISHEADTAIL, CLINEPROPERTY, CTEMPLATEID, DR, FFONTSTYLE, FIXEDSTYLE, FSHADOWTYPE, IBGCOLOR, IBOTLINECOLOR, IFGCOLOR, IFONRSIZE, IHEIGHT, ILEFTLINECOLOR, IRIGHTCOLOR, ISDYCOLGROUP, ISDYNROWHEIGHT, ISLASTPAGETRAIL, ISTARTX, ISTARTY, ITOPLINECOLOR, IWIDTH, OPTIONS, PREPARE1, PREPARE2, TABLE_CODE, TS, VFONTNAME, VTEXT, VVAR) VALUES ('0', '021003021003', '1001ZZ100000000039J9', '0', '0110', '10', null, '11111111', '1001ZZ100000000039BH', 0, 0, null, 0, -1, 0, -16777216, 12, 20, 0, 0, null, null, null, 240, 370, 0, 80, '<nc.vo.pub.print.PrintCellExtVO>
  <height__decimal>0.0</height__decimal>
  <textDirection>0</textDirection>
  <lineSpaceBetween>0</lineSpaceBetween>
  <formatType>0</formatType>
</nc.vo.pub.print.PrintCellExtVO>', null, null, null, '2019-04-13 19:18:42', 'Dialog', null, null);
INSERT INTO PUB_PRINT_CELL (BUNDERLINE, CCELLCODE, CCELLID, CCOMBINEPROPERTY, CCONTENTPROPERTY, CISFROZEN, CISHEADTAIL, CLINEPROPERTY, CTEMPLATEID, DR, FFONTSTYLE, FIXEDSTYLE, FSHADOWTYPE, IBGCOLOR, IBOTLINECOLOR, IFGCOLOR, IFONRSIZE, IHEIGHT, ILEFTLINECOLOR, IRIGHTCOLOR, ISDYCOLGROUP, ISDYNROWHEIGHT, ISLASTPAGETRAIL, ISTARTX, ISTARTY, ITOPLINECOLOR, IWIDTH, OPTIONS, PREPARE1, PREPARE2, TABLE_CODE, TS, VFONTNAME, VTEXT, VVAR) VALUES ('0', '021004021004', '1001ZZ100000000039JA', '0', '0110', '10', null, '11111111', '1001ZZ100000000039BH', 0, 0, null, 0, -1, 0, -16777216, 12, 20, 0, 0, null, null, null, 320, 370, 0, 80, '<nc.vo.pub.print.PrintCellExtVO>
  <height__decimal>0.0</height__decimal>
  <textDirection>0</textDirection>
  <lineSpaceBetween>0</lineSpaceBetween>
  <formatType>0</formatType>
</nc.vo.pub.print.PrintCellExtVO>', null, null, null, '2019-04-13 19:18:42', 'Dialog', null, null);
INSERT INTO PUB_PRINT_CELL (BUNDERLINE, CCELLCODE, CCELLID, CCOMBINEPROPERTY, CCONTENTPROPERTY, CISFROZEN, CISHEADTAIL, CLINEPROPERTY, CTEMPLATEID, DR, FFONTSTYLE, FIXEDSTYLE, FSHADOWTYPE, IBGCOLOR, IBOTLINECOLOR, IFGCOLOR, IFONRSIZE, IHEIGHT, ILEFTLINECOLOR, IRIGHTCOLOR, ISDYCOLGROUP, ISDYNROWHEIGHT, ISLASTPAGETRAIL, ISTARTX, ISTARTY, ITOPLINECOLOR, IWIDTH, OPTIONS, PREPARE1, PREPARE2, TABLE_CODE, TS, VFONTNAME, VTEXT, VVAR) VALUES ('0', '021005021005', '1001ZZ100000000039JB', '0', '0110', '10', null, '11111111', '1001ZZ100000000039BH', 0, 0, null, 0, -1, 0, -16777216, 12, 20, 0, 0, null, null, null, 400, 370, 0, 80, '<nc.vo.pub.print.PrintCellExtVO>
  <height__decimal>0.0</height__decimal>
  <textDirection>0</textDirection>
  <lineSpaceBetween>0</lineSpaceBetween>
  <formatType>0</formatType>
</nc.vo.pub.print.PrintCellExtVO>', null, null, null, '2019-04-13 19:18:42', 'Dialog', null, null);
INSERT INTO PUB_PRINT_CELL (BUNDERLINE, CCELLCODE, CCELLID, CCOMBINEPROPERTY, CCONTENTPROPERTY, CISFROZEN, CISHEADTAIL, CLINEPROPERTY, CTEMPLATEID, DR, FFONTSTYLE, FIXEDSTYLE, FSHADOWTYPE, IBGCOLOR, IBOTLINECOLOR, IFGCOLOR, IFONRSIZE, IHEIGHT, ILEFTLINECOLOR, IRIGHTCOLOR, ISDYCOLGROUP, ISDYNROWHEIGHT, ISLASTPAGETRAIL, ISTARTX, ISTARTY, ITOPLINECOLOR, IWIDTH, OPTIONS, PREPARE1, PREPARE2, TABLE_CODE, TS, VFONTNAME, VTEXT, VVAR) VALUES ('0', '022000022000', '1001ZZ100000000039JC', '1022000', '0020', 'Y ', null, '00000000', '1001ZZ100000000039BH', 0, 1, null, 0, -1, 0, -16777216, 12, 5, 0, 0, null, null, null, 0, 390, 0, 80, '<nc.vo.pub.print.PrintCellExtVO>
  <height__decimal>0.0</height__decimal>
  <textDirection>0</textDirection>
  <lineSpaceBetween>0</lineSpaceBetween>
  <formatType>0</formatType>
</nc.vo.pub.print.PrintCellExtVO>', null, null, null, '2019-04-13 19:18:42', 'Dialog', null, null);
INSERT INTO PUB_PRINT_CELL (BUNDERLINE, CCELLCODE, CCELLID, CCOMBINEPROPERTY, CCONTENTPROPERTY, CISFROZEN, CISHEADTAIL, CLINEPROPERTY, CTEMPLATEID, DR, FFONTSTYLE, FIXEDSTYLE, FSHADOWTYPE, IBGCOLOR, IBOTLINECOLOR, IFGCOLOR, IFONRSIZE, IHEIGHT, ILEFTLINECOLOR, IRIGHTCOLOR, ISDYCOLGROUP, ISDYNROWHEIGHT, ISLASTPAGETRAIL, ISTARTX, ISTARTY, ITOPLINECOLOR, IWIDTH, OPTIONS, PREPARE1, PREPARE2, TABLE_CODE, TS, VFONTNAME, VTEXT, VVAR) VALUES ('0', '022000022005', '1001ZZ100000000039JI', '0', '0020', 'Y ', null, '00000000', '1001ZZ100000000039BH', 0, 1, null, 0, -1, 0, -16777216, 12, 5, 0, 0, null, null, null, 0, 390, 0, 480, '<nc.vo.pub.print.PrintCellExtVO>
  <height__decimal>0.0</height__decimal>
  <textDirection>0</textDirection>
  <lineSpaceBetween>0</lineSpaceBetween>
  <formatType>0</formatType>
</nc.vo.pub.print.PrintCellExtVO>', null, null, null, '2019-04-13 19:18:42', 'Dialog', null, null);
INSERT INTO PUB_PRINT_CELL (BUNDERLINE, CCELLCODE, CCELLID, CCOMBINEPROPERTY, CCONTENTPROPERTY, CISFROZEN, CISHEADTAIL, CLINEPROPERTY, CTEMPLATEID, DR, FFONTSTYLE, FIXEDSTYLE, FSHADOWTYPE, IBGCOLOR, IBOTLINECOLOR, IFGCOLOR, IFONRSIZE, IHEIGHT, ILEFTLINECOLOR, IRIGHTCOLOR, ISDYCOLGROUP, ISDYNROWHEIGHT, ISLASTPAGETRAIL, ISTARTX, ISTARTY, ITOPLINECOLOR, IWIDTH, OPTIONS, PREPARE1, PREPARE2, TABLE_CODE, TS, VFONTNAME, VTEXT, VVAR) VALUES ('0', '022001022001', '1001ZZ100000000039JD', '1022000', '0020', 'Y ', null, '00000000', '1001ZZ100000000039BH', 0, 1, null, 0, -1, 0, -16777216, 12, 5, 0, 0, null, null, null, 80, 390, 0, 80, '<nc.vo.pub.print.PrintCellExtVO>
  <height__decimal>0.0</height__decimal>
  <textDirection>0</textDirection>
  <lineSpaceBetween>0</lineSpaceBetween>
  <formatType>0</formatType>
</nc.vo.pub.print.PrintCellExtVO>', null, null, null, '2019-04-13 19:18:42', 'Dialog', null, null);
INSERT INTO PUB_PRINT_CELL (BUNDERLINE, CCELLCODE, CCELLID, CCOMBINEPROPERTY, CCONTENTPROPERTY, CISFROZEN, CISHEADTAIL, CLINEPROPERTY, CTEMPLATEID, DR, FFONTSTYLE, FIXEDSTYLE, FSHADOWTYPE, IBGCOLOR, IBOTLINECOLOR, IFGCOLOR, IFONRSIZE, IHEIGHT, ILEFTLINECOLOR, IRIGHTCOLOR, ISDYCOLGROUP, ISDYNROWHEIGHT, ISLASTPAGETRAIL, ISTARTX, ISTARTY, ITOPLINECOLOR, IWIDTH, OPTIONS, PREPARE1, PREPARE2, TABLE_CODE, TS, VFONTNAME, VTEXT, VVAR) VALUES ('0', '022002022002', '1001ZZ100000000039JE', '1022000', '0020', 'Y ', null, '00000000', '1001ZZ100000000039BH', 0, 1, null, 0, -1, 0, -16777216, 12, 5, 0, 0, null, null, null, 160, 390, 0, 80, '<nc.vo.pub.print.PrintCellExtVO>
  <height__decimal>0.0</height__decimal>
  <textDirection>0</textDirection>
  <lineSpaceBetween>0</lineSpaceBetween>
  <formatType>0</formatType>
</nc.vo.pub.print.PrintCellExtVO>', null, null, null, '2019-04-13 19:18:42', 'Dialog', null, null);
INSERT INTO PUB_PRINT_CELL (BUNDERLINE, CCELLCODE, CCELLID, CCOMBINEPROPERTY, CCONTENTPROPERTY, CISFROZEN, CISHEADTAIL, CLINEPROPERTY, CTEMPLATEID, DR, FFONTSTYLE, FIXEDSTYLE, FSHADOWTYPE, IBGCOLOR, IBOTLINECOLOR, IFGCOLOR, IFONRSIZE, IHEIGHT, ILEFTLINECOLOR, IRIGHTCOLOR, ISDYCOLGROUP, ISDYNROWHEIGHT, ISLASTPAGETRAIL, ISTARTX, ISTARTY, ITOPLINECOLOR, IWIDTH, OPTIONS, PREPARE1, PREPARE2, TABLE_CODE, TS, VFONTNAME, VTEXT, VVAR) VALUES ('0', '022003022003', '1001ZZ100000000039JF', '1022000', '0020', 'Y ', null, '00000000', '1001ZZ100000000039BH', 0, 1, null, 0, -1, 0, -16777216, 12, 5, 0, 0, null, null, null, 240, 390, 0, 80, '<nc.vo.pub.print.PrintCellExtVO>
  <height__decimal>0.0</height__decimal>
  <textDirection>0</textDirection>
  <lineSpaceBetween>0</lineSpaceBetween>
  <formatType>0</formatType>
</nc.vo.pub.print.PrintCellExtVO>', null, null, null, '2019-04-13 19:18:42', 'Dialog', null, null);
INSERT INTO PUB_PRINT_CELL (BUNDERLINE, CCELLCODE, CCELLID, CCOMBINEPROPERTY, CCONTENTPROPERTY, CISFROZEN, CISHEADTAIL, CLINEPROPERTY, CTEMPLATEID, DR, FFONTSTYLE, FIXEDSTYLE, FSHADOWTYPE, IBGCOLOR, IBOTLINECOLOR, IFGCOLOR, IFONRSIZE, IHEIGHT, ILEFTLINECOLOR, IRIGHTCOLOR, ISDYCOLGROUP, ISDYNROWHEIGHT, ISLASTPAGETRAIL, ISTARTX, ISTARTY, ITOPLINECOLOR, IWIDTH, OPTIONS, PREPARE1, PREPARE2, TABLE_CODE, TS, VFONTNAME, VTEXT, VVAR) VALUES ('0', '022004022004', '1001ZZ100000000039JG', '1022000', '0020', 'Y ', null, '00000000', '1001ZZ100000000039BH', 0, 1, null, 0, -1, 0, -16777216, 12, 5, 0, 0, null, null, null, 320, 390, 0, 80, '<nc.vo.pub.print.PrintCellExtVO>
  <height__decimal>0.0</height__decimal>
  <textDirection>0</textDirection>
  <lineSpaceBetween>0</lineSpaceBetween>
  <formatType>0</formatType>
</nc.vo.pub.print.PrintCellExtVO>', null, null, null, '2019-04-13 19:18:42', 'Dialog', null, null);
INSERT INTO PUB_PRINT_CELL (BUNDERLINE, CCELLCODE, CCELLID, CCOMBINEPROPERTY, CCONTENTPROPERTY, CISFROZEN, CISHEADTAIL, CLINEPROPERTY, CTEMPLATEID, DR, FFONTSTYLE, FIXEDSTYLE, FSHADOWTYPE, IBGCOLOR, IBOTLINECOLOR, IFGCOLOR, IFONRSIZE, IHEIGHT, ILEFTLINECOLOR, IRIGHTCOLOR, ISDYCOLGROUP, ISDYNROWHEIGHT, ISLASTPAGETRAIL, ISTARTX, ISTARTY, ITOPLINECOLOR, IWIDTH, OPTIONS, PREPARE1, PREPARE2, TABLE_CODE, TS, VFONTNAME, VTEXT, VVAR) VALUES ('0', '022005022005', '1001ZZ100000000039JH', '1022000', '0020', 'Y ', null, '00000000', '1001ZZ100000000039BH', 0, 1, null, 0, -1, 0, -16777216, 12, 5, 0, 0, null, null, null, 400, 390, 0, 80, '<nc.vo.pub.print.PrintCellExtVO>
  <height__decimal>0.0</height__decimal>
  <textDirection>0</textDirection>
  <lineSpaceBetween>0</lineSpaceBetween>
  <formatType>0</formatType>
</nc.vo.pub.print.PrintCellExtVO>', null, null, null, '2019-04-13 19:18:42', 'Dialog', null, null);

DELETE FROM PUB_BILLTEMPLET WHERE PK_BILLTEMPLET = '1001ZZ10000000002IA9';
INSERT INTO PUB_BILLTEMPLET (BILL_TEMPLETCAPTION, BILL_TEMPLETNAME, DEVORG, DIVIDERPROPORTION, DR, FUNCCODE, LAYER, METADATACLASS, MODEL_TYPE, MODULECODE, NODECODE, OPTIONS, PK_BILLTEMPLET, PK_BILLTYPECODE, PK_CORP, PK_ORG, RESID, SHAREFLAG, TS, VALIDATEFORMULA) VALUES ('任务单', 'SYSTEM', null, null, 0, null, -1, 'qcco.task_h', null, 'QCCO', null, null, '1001ZZ10000000002IA9', 'C0J00288', '@@@@', null, null, null, '2019-03-11 02:10:14', null);

DELETE FROM PUB_BILLTEMPLET_T WHERE PK_BILLTEMPLET = '1001ZZ10000000002IA9';
INSERT INTO PUB_BILLTEMPLET_T (BASETAB, DR, METADATACLASS, METADATAPATH, MIXINDEX, PK_BILLTEMPLET, PK_BILLTEMPLET_T, PK_LAYOUT, POS, POSITION, RESID, TABCODE, TABINDEX, TABNAME, TS, VDEF1, VDEF2, VDEF3) VALUES (null, 0, 'qcco.task_s', 'pk_task_s', null, '1001ZZ10000000002IA9', '1001ZZ10000000002IAN', '~', 1, 1, null, 'pk_task_s', 0, '样品行主键', '2019-03-11 02:10:15', null, null, null);
INSERT INTO PUB_BILLTEMPLET_T (BASETAB, DR, METADATACLASS, METADATAPATH, MIXINDEX, PK_BILLTEMPLET, PK_BILLTEMPLET_T, PK_LAYOUT, POS, POSITION, RESID, TABCODE, TABINDEX, TABNAME, TS, VDEF1, VDEF2, VDEF3) VALUES (null, 0, 'qcco.task_r', 'pk_task_b', null, '1001ZZ10000000002IA9', '1001ZZ10000000002IAO', '~', 1, 1, null, 'pk_task_r', 1, '试验后参数主键', '2019-03-11 02:10:15', null, null, null);

DELETE FROM PUB_BILLTEMPLET_B WHERE PK_BILLTEMPLET = '1001ZZ10000000002IA9';
INSERT INTO PUB_BILLTEMPLET_B (CARDFLAG, DATATYPE, DEFAULTSHOWNAME, DEFAULTVALUE, DR, EDITFLAG, EDITFORMULA, FOREGROUND, HYPERLINKFLAG, IDCOLNAME, INPUTLENGTH, ITEMKEY, ITEMTYPE, LEAFFLAG, LISTFLAG, LISTHYPERLINKFLAG, LISTSHOWFLAG, LISTSHOWORDER, LOADFORMULA, LOCKFLAG, METADATAPATH, METADATAPROPERTY, METADATARELATION, NEWLINEFLAG, NULLFLAG, OPTIONS, PK_BILLTEMPLET, PK_BILLTEMPLET_B, PK_CORP, POS, REFTYPE, RESID, RESID_TABNAME, REVISEFLAG, SHOWFLAG, SHOWORDER, TABLE_CODE, TABLE_NAME, TOTALFLAG, TS, USERDEFFLAG, USERDEFINE1, USERDEFINE2, USERDEFINE3, USEREDITFLAG, USERFLAG, USERREVISEFLAG, USERSHOWFLAG, VALIDATEFORMULA, WIDTH) VALUES (1, -1, null, null, 0, 1, null, -1, 'N', null, -1, 'stdmaxvalue', 0, 'N', 1, 'N', 'Y', 3, null, 0, 'stdmaxvalue', 'qcco.task_r.stdmaxvalue', null, 'N', 0, null, '1001ZZ10000000002IA9', '1001ZZ10000000002IAA', '@@@@', 1, null, null, null, 'N', 1, 3, 'pk_task_r', 'pk_task_r', 0, '2019-03-11 02:10:14', 'N', null, null, null, 1, 1, 'N', 1, null, 100);
INSERT INTO PUB_BILLTEMPLET_B (CARDFLAG, DATATYPE, DEFAULTSHOWNAME, DEFAULTVALUE, DR, EDITFLAG, EDITFORMULA, FOREGROUND, HYPERLINKFLAG, IDCOLNAME, INPUTLENGTH, ITEMKEY, ITEMTYPE, LEAFFLAG, LISTFLAG, LISTHYPERLINKFLAG, LISTSHOWFLAG, LISTSHOWORDER, LOADFORMULA, LOCKFLAG, METADATAPATH, METADATAPROPERTY, METADATARELATION, NEWLINEFLAG, NULLFLAG, OPTIONS, PK_BILLTEMPLET, PK_BILLTEMPLET_B, PK_CORP, POS, REFTYPE, RESID, RESID_TABNAME, REVISEFLAG, SHOWFLAG, SHOWORDER, TABLE_CODE, TABLE_NAME, TOTALFLAG, TS, USERDEFFLAG, USERDEFINE1, USERDEFINE2, USERDEFINE3, USEREDITFLAG, USERFLAG, USERREVISEFLAG, USERSHOWFLAG, VALIDATEFORMULA, WIDTH) VALUES (1, -1, null, null, 0, 1, null, -1, 'N', null, -1, 'judgeflag', 0, 'N', 1, 'N', 'Y', 6, null, 0, 'judgeflag', 'qcco.task_r.judgeflag', null, 'N', 0, null, '1001ZZ10000000002IA9', '1001ZZ10000000002IAB', '@@@@', 1, null, null, null, 'N', 1, 6, 'pk_task_r', 'pk_task_r', 0, '2019-03-11 02:10:14', 'N', null, null, null, 1, 1, 'N', 1, null, 100);
INSERT INTO PUB_BILLTEMPLET_B (CARDFLAG, DATATYPE, DEFAULTSHOWNAME, DEFAULTVALUE, DR, EDITFLAG, EDITFORMULA, FOREGROUND, HYPERLINKFLAG, IDCOLNAME, INPUTLENGTH, ITEMKEY, ITEMTYPE, LEAFFLAG, LISTFLAG, LISTHYPERLINKFLAG, LISTSHOWFLAG, LISTSHOWORDER, LOADFORMULA, LOCKFLAG, METADATAPATH, METADATAPROPERTY, METADATARELATION, NEWLINEFLAG, NULLFLAG, OPTIONS, PK_BILLTEMPLET, PK_BILLTEMPLET_B, PK_CORP, POS, REFTYPE, RESID, RESID_TABNAME, REVISEFLAG, SHOWFLAG, SHOWORDER, TABLE_CODE, TABLE_NAME, TOTALFLAG, TS, USERDEFFLAG, USERDEFINE1, USERDEFINE2, USERDEFINE3, USEREDITFLAG, USERFLAG, USERREVISEFLAG, USERSHOWFLAG, VALIDATEFORMULA, WIDTH) VALUES (1, -1, null, null, 0, 1, null, -1, 'N', null, -1, 'ts', 0, 'N', 1, 'N', 'N', 2, null, 0, 'ts', 'qcco.task_s.ts', null, 'N', 0, null, '1001ZZ10000000002IA9', '1001ZZ10000000002IAC', '@@@@', 1, null, null, null, 'N', 0, 2, 'pk_task_s', '样品行主键', 0, '2019-03-11 02:10:14', 'N', null, null, null, 1, 1, 'N', 1, null, 100);
INSERT INTO PUB_BILLTEMPLET_B (CARDFLAG, DATATYPE, DEFAULTSHOWNAME, DEFAULTVALUE, DR, EDITFLAG, EDITFORMULA, FOREGROUND, HYPERLINKFLAG, IDCOLNAME, INPUTLENGTH, ITEMKEY, ITEMTYPE, LEAFFLAG, LISTFLAG, LISTHYPERLINKFLAG, LISTSHOWFLAG, LISTSHOWORDER, LOADFORMULA, LOCKFLAG, METADATAPATH, METADATAPROPERTY, METADATARELATION, NEWLINEFLAG, NULLFLAG, OPTIONS, PK_BILLTEMPLET, PK_BILLTEMPLET_B, PK_CORP, POS, REFTYPE, RESID, RESID_TABNAME, REVISEFLAG, SHOWFLAG, SHOWORDER, TABLE_CODE, TABLE_NAME, TOTALFLAG, TS, USERDEFFLAG, USERDEFINE1, USERDEFINE2, USERDEFINE3, USEREDITFLAG, USERFLAG, USERREVISEFLAG, USERSHOWFLAG, VALIDATEFORMULA, WIDTH) VALUES (1, -1, null, null, 0, 1, null, -1, 'N', null, -1, 'stdminvalue', 0, 'N', 1, 'N', 'Y', 2, null, 0, 'stdminvalue', 'qcco.task_r.stdminvalue', null, 'N', 0, null, '1001ZZ10000000002IA9', '1001ZZ10000000002IAD', '@@@@', 1, null, null, null, 'N', 1, 2, 'pk_task_r', 'pk_task_r', 0, '2019-03-11 02:10:14', 'N', null, null, null, 1, 1, 'N', 1, null, 100);
INSERT INTO PUB_BILLTEMPLET_B (CARDFLAG, DATATYPE, DEFAULTSHOWNAME, DEFAULTVALUE, DR, EDITFLAG, EDITFORMULA, FOREGROUND, HYPERLINKFLAG, IDCOLNAME, INPUTLENGTH, ITEMKEY, ITEMTYPE, LEAFFLAG, LISTFLAG, LISTHYPERLINKFLAG, LISTSHOWFLAG, LISTSHOWORDER, LOADFORMULA, LOCKFLAG, METADATAPATH, METADATAPROPERTY, METADATARELATION, NEWLINEFLAG, NULLFLAG, OPTIONS, PK_BILLTEMPLET, PK_BILLTEMPLET_B, PK_CORP, POS, REFTYPE, RESID, RESID_TABNAME, REVISEFLAG, SHOWFLAG, SHOWORDER, TABLE_CODE, TABLE_NAME, TOTALFLAG, TS, USERDEFFLAG, USERDEFINE1, USERDEFINE2, USERDEFINE3, USEREDITFLAG, USERFLAG, USERREVISEFLAG, USERSHOWFLAG, VALIDATEFORMULA, WIDTH) VALUES (1, -1, null, null, 0, 1, null, -1, 'N', null, -1, 'pk_unit', 0, 'N', 1, 'N', 'Y', 4, null, 0, 'pk_unit', 'qcco.task_r.pk_unit', null, 'N', 0, null, '1001ZZ10000000002IA9', '1001ZZ10000000002IAE', '@@@@', 1, null, null, null, 'N', 1, 4, 'pk_task_r', 'pk_task_r', 0, '2019-03-11 02:10:14', 'N', null, null, null, 1, 1, 'N', 1, null, 100);
INSERT INTO PUB_BILLTEMPLET_B (CARDFLAG, DATATYPE, DEFAULTSHOWNAME, DEFAULTVALUE, DR, EDITFLAG, EDITFORMULA, FOREGROUND, HYPERLINKFLAG, IDCOLNAME, INPUTLENGTH, ITEMKEY, ITEMTYPE, LEAFFLAG, LISTFLAG, LISTHYPERLINKFLAG, LISTSHOWFLAG, LISTSHOWORDER, LOADFORMULA, LOCKFLAG, METADATAPATH, METADATAPROPERTY, METADATARELATION, NEWLINEFLAG, NULLFLAG, OPTIONS, PK_BILLTEMPLET, PK_BILLTEMPLET_B, PK_CORP, POS, REFTYPE, RESID, RESID_TABNAME, REVISEFLAG, SHOWFLAG, SHOWORDER, TABLE_CODE, TABLE_NAME, TOTALFLAG, TS, USERDEFFLAG, USERDEFINE1, USERDEFINE2, USERDEFINE3, USEREDITFLAG, USERFLAG, USERREVISEFLAG, USERSHOWFLAG, VALIDATEFORMULA, WIDTH) VALUES (1, -1, null, null, 0, 1, null, -1, 'N', null, -1, 'ts', 0, 'N', 1, 'N', 'N', 8, null, 0, 'ts', 'qcco.task_r.ts', null, 'N', 0, null, '1001ZZ10000000002IA9', '1001ZZ10000000002IAF', '@@@@', 1, null, null, null, 'N', 0, 8, 'pk_task_r', 'pk_task_r', 0, '2019-03-11 02:10:14', 'N', null, null, null, 1, 1, 'N', 1, null, 100);
INSERT INTO PUB_BILLTEMPLET_B (CARDFLAG, DATATYPE, DEFAULTSHOWNAME, DEFAULTVALUE, DR, EDITFLAG, EDITFORMULA, FOREGROUND, HYPERLINKFLAG, IDCOLNAME, INPUTLENGTH, ITEMKEY, ITEMTYPE, LEAFFLAG, LISTFLAG, LISTHYPERLINKFLAG, LISTSHOWFLAG, LISTSHOWORDER, LOADFORMULA, LOCKFLAG, METADATAPATH, METADATAPROPERTY, METADATARELATION, NEWLINEFLAG, NULLFLAG, OPTIONS, PK_BILLTEMPLET, PK_BILLTEMPLET_B, PK_CORP, POS, REFTYPE, RESID, RESID_TABNAME, REVISEFLAG, SHOWFLAG, SHOWORDER, TABLE_CODE, TABLE_NAME, TOTALFLAG, TS, USERDEFFLAG, USERDEFINE1, USERDEFINE2, USERDEFINE3, USEREDITFLAG, USERFLAG, USERREVISEFLAG, USERSHOWFLAG, VALIDATEFORMULA, WIDTH) VALUES (1, -1, null, null, 0, 1, null, -1, 'N', null, -1, 'pk_testtemperature', 0, 'N', 1, 'N', 'Y', 7, null, 0, 'pk_testtemperature', 'qcco.task_r.pk_testtemperature', null, 'N', 0, null, '1001ZZ10000000002IA9', '1001ZZ10000000002IAG', '@@@@', 1, null, null, null, 'N', 1, 7, 'pk_task_r', 'pk_task_r', 0, '2019-03-11 02:10:14', 'N', null, null, null, 1, 1, 'N', 1, null, 100);
INSERT INTO PUB_BILLTEMPLET_B (CARDFLAG, DATATYPE, DEFAULTSHOWNAME, DEFAULTVALUE, DR, EDITFLAG, EDITFORMULA, FOREGROUND, HYPERLINKFLAG, IDCOLNAME, INPUTLENGTH, ITEMKEY, ITEMTYPE, LEAFFLAG, LISTFLAG, LISTHYPERLINKFLAG, LISTSHOWFLAG, LISTSHOWORDER, LOADFORMULA, LOCKFLAG, METADATAPATH, METADATAPROPERTY, METADATARELATION, NEWLINEFLAG, NULLFLAG, OPTIONS, PK_BILLTEMPLET, PK_BILLTEMPLET_B, PK_CORP, POS, REFTYPE, RESID, RESID_TABNAME, REVISEFLAG, SHOWFLAG, SHOWORDER, TABLE_CODE, TABLE_NAME, TOTALFLAG, TS, USERDEFFLAG, USERDEFINE1, USERDEFINE2, USERDEFINE3, USEREDITFLAG, USERFLAG, USERREVISEFLAG, USERSHOWFLAG, VALIDATEFORMULA, WIDTH) VALUES (1, -1, null, null, 0, 1, null, -1, 'N', null, -1, 'pk_samplegroup', 0, 'N', 1, 'N', 'Y', 1, null, 0, 'pk_samplegroup', 'qcco.task_r.pk_samplegroup', null, 'N', 0, null, '1001ZZ10000000002IA9', '1001ZZ10000000002IAH', '@@@@', 1, null, null, null, 'N', 1, 1, 'pk_task_r', 'pk_task_r', 0, '2019-03-11 02:10:14', 'N', null, null, null, 1, 1, 'N', 1, null, 100);
INSERT INTO PUB_BILLTEMPLET_B (CARDFLAG, DATATYPE, DEFAULTSHOWNAME, DEFAULTVALUE, DR, EDITFLAG, EDITFORMULA, FOREGROUND, HYPERLINKFLAG, IDCOLNAME, INPUTLENGTH, ITEMKEY, ITEMTYPE, LEAFFLAG, LISTFLAG, LISTHYPERLINKFLAG, LISTSHOWFLAG, LISTSHOWORDER, LOADFORMULA, LOCKFLAG, METADATAPATH, METADATAPROPERTY, METADATARELATION, NEWLINEFLAG, NULLFLAG, OPTIONS, PK_BILLTEMPLET, PK_BILLTEMPLET_B, PK_CORP, POS, REFTYPE, RESID, RESID_TABNAME, REVISEFLAG, SHOWFLAG, SHOWORDER, TABLE_CODE, TABLE_NAME, TOTALFLAG, TS, USERDEFFLAG, USERDEFINE1, USERDEFINE2, USERDEFINE3, USEREDITFLAG, USERFLAG, USERREVISEFLAG, USERSHOWFLAG, VALIDATEFORMULA, WIDTH) VALUES (1, -1, null, null, 0, 1, null, -1, 'N', null, -1, 'pk_sample', 0, 'N', 1, 'N', 'N', 0, null, 0, 'pk_sample', 'qcco.task_s.pk_sample', null, 'N', 0, null, '1001ZZ10000000002IA9', '1001ZZ10000000002IAI', '@@@@', 1, null, null, null, 'N', 0, 0, 'pk_task_s', '样品行主键', 0, '2019-03-11 02:10:14', 'N', null, null, null, 1, 1, 'N', 1, null, 100);
INSERT INTO PUB_BILLTEMPLET_B (CARDFLAG, DATATYPE, DEFAULTSHOWNAME, DEFAULTVALUE, DR, EDITFLAG, EDITFORMULA, FOREGROUND, HYPERLINKFLAG, IDCOLNAME, INPUTLENGTH, ITEMKEY, ITEMTYPE, LEAFFLAG, LISTFLAG, LISTHYPERLINKFLAG, LISTSHOWFLAG, LISTSHOWORDER, LOADFORMULA, LOCKFLAG, METADATAPATH, METADATAPROPERTY, METADATARELATION, NEWLINEFLAG, NULLFLAG, OPTIONS, PK_BILLTEMPLET, PK_BILLTEMPLET_B, PK_CORP, POS, REFTYPE, RESID, RESID_TABNAME, REVISEFLAG, SHOWFLAG, SHOWORDER, TABLE_CODE, TABLE_NAME, TOTALFLAG, TS, USERDEFFLAG, USERDEFINE1, USERDEFINE2, USERDEFINE3, USEREDITFLAG, USERFLAG, USERREVISEFLAG, USERSHOWFLAG, VALIDATEFORMULA, WIDTH) VALUES (1, -1, null, null, 0, 1, null, -1, 'N', null, -1, 'pk_task_r', 0, 'N', 1, 'N', 'N', 0, null, 0, 'pk_task_r', 'qcco.task_r.pk_task_r', null, 'N', 0, null, '1001ZZ10000000002IA9', '1001ZZ10000000002IAJ', '@@@@', 1, null, null, null, 'N', 0, 0, 'pk_task_r', 'pk_task_r', 0, '2019-03-11 02:10:14', 'N', null, null, null, 1, 1, 'N', 1, null, 100);
INSERT INTO PUB_BILLTEMPLET_B (CARDFLAG, DATATYPE, DEFAULTSHOWNAME, DEFAULTVALUE, DR, EDITFLAG, EDITFORMULA, FOREGROUND, HYPERLINKFLAG, IDCOLNAME, INPUTLENGTH, ITEMKEY, ITEMTYPE, LEAFFLAG, LISTFLAG, LISTHYPERLINKFLAG, LISTSHOWFLAG, LISTSHOWORDER, LOADFORMULA, LOCKFLAG, METADATAPATH, METADATAPROPERTY, METADATARELATION, NEWLINEFLAG, NULLFLAG, OPTIONS, PK_BILLTEMPLET, PK_BILLTEMPLET_B, PK_CORP, POS, REFTYPE, RESID, RESID_TABNAME, REVISEFLAG, SHOWFLAG, SHOWORDER, TABLE_CODE, TABLE_NAME, TOTALFLAG, TS, USERDEFFLAG, USERDEFINE1, USERDEFINE2, USERDEFINE3, USEREDITFLAG, USERFLAG, USERREVISEFLAG, USERSHOWFLAG, VALIDATEFORMULA, WIDTH) VALUES (1, -1, null, null, 0, 1, null, -1, 'N', null, -1, 'testflag', 0, 'N', 1, 'N', 'Y', 5, null, 0, 'testflag', 'qcco.task_r.testflag', null, 'N', 0, null, '1001ZZ10000000002IA9', '1001ZZ10000000002IAK', '@@@@', 1, null, null, null, 'N', 1, 5, 'pk_task_r', 'pk_task_r', 0, '2019-03-11 02:10:14', 'N', null, null, null, 1, 1, 'N', 1, null, 100);
INSERT INTO PUB_BILLTEMPLET_B (CARDFLAG, DATATYPE, DEFAULTSHOWNAME, DEFAULTVALUE, DR, EDITFLAG, EDITFORMULA, FOREGROUND, HYPERLINKFLAG, IDCOLNAME, INPUTLENGTH, ITEMKEY, ITEMTYPE, LEAFFLAG, LISTFLAG, LISTHYPERLINKFLAG, LISTSHOWFLAG, LISTSHOWORDER, LOADFORMULA, LOCKFLAG, METADATAPATH, METADATAPROPERTY, METADATARELATION, NEWLINEFLAG, NULLFLAG, OPTIONS, PK_BILLTEMPLET, PK_BILLTEMPLET_B, PK_CORP, POS, REFTYPE, RESID, RESID_TABNAME, REVISEFLAG, SHOWFLAG, SHOWORDER, TABLE_CODE, TABLE_NAME, TOTALFLAG, TS, USERDEFFLAG, USERDEFINE1, USERDEFINE2, USERDEFINE3, USEREDITFLAG, USERFLAG, USERREVISEFLAG, USERSHOWFLAG, VALIDATEFORMULA, WIDTH) VALUES (1, -1, null, null, 0, 1, null, -1, 'N', null, -1, 'sampleno', 0, 'N', 1, 'N', 'Y', 1, null, 0, 'sampleno', 'qcco.task_s.sampleno', null, 'N', 0, null, '1001ZZ10000000002IA9', '1001ZZ10000000002IAL', '@@@@', 1, null, null, null, 'N', 1, 1, 'pk_task_s', '样品行主键', 0, '2019-03-11 02:10:14', 'N', null, null, null, 1, 1, 'N', 1, null, 100);


DELETE FROM PUB_SYSTEMPLATE WHERE PK_SYSTEMPLATE IN ('0001ZZ10000000000EJ9','0001ZZ10000000000EO3','0001ZZ10000000000E2Y','1001ZZ100000000039JO');
INSERT INTO PUB_SYSTEMPLATE (DR, FUNNODE, ISCOMM, MODULEID, NODEKEY, OPERATOR, OPERATOR_TYPE, ORGTYPECODE, PK_BUSITYPE, PK_CORP, PK_DEFAULTORG, PK_ORG, PK_SYSTEMPLATE, SYSFLAG, TEMPLATEFLAG, TEMPLATEID, TEMPSTYLE, TS) VALUES (null, 'C0J00203', null, 'C0J0', 'bt', '~', null, null, '~', '0001ZZ100000000004N1', '~', '~', '0001ZZ10000000000EJ9', null, 'Y', '0001ZZ10000000003ALK', 0, '2019-01-31 15:38:26');
INSERT INTO PUB_SYSTEMPLATE (DR, FUNNODE, ISCOMM, MODULEID, NODEKEY, OPERATOR, OPERATOR_TYPE, ORGTYPECODE, PK_BUSITYPE, PK_CORP, PK_DEFAULTORG, PK_ORG, PK_SYSTEMPLATE, SYSFLAG, TEMPLATEFLAG, TEMPLATEID, TEMPSTYLE, TS) VALUES (null, 'C0J00203', null, 'C0J0', 'ot', '~', null, null, '~', '0001ZZ100000000004N1', '~', '~', '0001ZZ10000000000EO3', null, 'Y', '1001ZZ100000000039BH', 3, '2019-01-31 15:38:26');
INSERT INTO PUB_SYSTEMPLATE (DR, FUNNODE, ISCOMM, MODULEID, NODEKEY, OPERATOR, OPERATOR_TYPE, ORGTYPECODE, PK_BUSITYPE, PK_CORP, PK_DEFAULTORG, PK_ORG, PK_SYSTEMPLATE, SYSFLAG, TEMPLATEFLAG, TEMPLATEID, TEMPSTYLE, TS) VALUES (null, 'C0J00203', null, 'C0J0', 'sunparas', '~', null, null, '~', '0001ZZ100000000004N1', '~', '~', '1001ZZ100000000039JO', null, 'Y', '1001ZZ10000000002IA9', 0, '2019-04-13 19:41:00');
INSERT INTO PUB_SYSTEMPLATE (DR, FUNNODE, ISCOMM, MODULEID, NODEKEY, OPERATOR, OPERATOR_TYPE, ORGTYPECODE, PK_BUSITYPE, PK_CORP, PK_DEFAULTORG, PK_ORG, PK_SYSTEMPLATE, SYSFLAG, TEMPLATEFLAG, TEMPLATEID, TEMPSTYLE, TS) VALUES (null, 'C0J00203', null, 'C0J0', 'qt', '~', null, null, '~', '0001ZZ100000000004N1', '~', '~', '0001ZZ10000000000E2Y', null, 'Y', '0001ZZ10000000003AMT', 1, '2019-01-31 15:38:26');

DELETE FROM PUB_SYSTEMPLATE_BASE WHERE PK_SYSTEMPLATE IN ('1001ZZ10000000002IAT', '1001ZZ10000000002IAS', '1001ZZ10000000002IAR', '1001ZZ10000000002IAQ');
INSERT INTO PUB_SYSTEMPLATE_BASE (DEVORG, DR, FUNNODE, LAYER, MODULEID, NODEKEY, PK_COUNTRY, PK_INDUSTRY, PK_SYSTEMPLATE, TEMPLATEID, TEMPSTYLE, TS) VALUES ('yonyouBQ', 0, 'C0J00203', 0, 'C0J0', 'bt', '~', '~', '1001ZZ10000000002IAQ', '0001ZZ10000000003ALK', 0, '2019-03-11 02:11:19');
INSERT INTO PUB_SYSTEMPLATE_BASE (DEVORG, DR, FUNNODE, LAYER, MODULEID, NODEKEY, PK_COUNTRY, PK_INDUSTRY, PK_SYSTEMPLATE, TEMPLATEID, TEMPSTYLE, TS) VALUES ('yonyouBQ', 0, 'C0J00203', 0, 'C0J0', 'qt', '~', '~', '1001ZZ10000000002IAR', '0001ZZ10000000003AMT', 1, '2019-03-11 02:11:19');
INSERT INTO PUB_SYSTEMPLATE_BASE (DEVORG, DR, FUNNODE, LAYER, MODULEID, NODEKEY, PK_COUNTRY, PK_INDUSTRY, PK_SYSTEMPLATE, TEMPLATEID, TEMPSTYLE, TS) VALUES ('yonyouBQ', 0, 'C0J00203', 0, 'C0J0', 'ot', '~', '~', '1001ZZ10000000002IAS', '1001ZZ100000000039BH', 3, '2019-03-11 02:11:19');
INSERT INTO PUB_SYSTEMPLATE_BASE (DEVORG, DR, FUNNODE, LAYER, MODULEID, NODEKEY, PK_COUNTRY, PK_INDUSTRY, PK_SYSTEMPLATE, TEMPLATEID, TEMPSTYLE, TS) VALUES ('~', 0, 'C0J00203', -1, 'C0J0', 'sunparas', '~', '~', '1001ZZ10000000002IAT', '1001ZZ10000000002IA9', 0, '2019-03-11 02:11:19');
