delete from md_property WHERE CLASSID IN ('63699954-c4ee-4e62-b160-00d2b42878f0','d12067e1-90c0-4cf5-9e72-77bc9d7e3354','1544b740-8f39-47e7-94f6-4f52437ac7be','947de03d-2de3-48f7-a3b6-f038138d0487');
delete from bd_refinfo where para1  IN ('63699954-c4ee-4e62-b160-00d2b42878f0','d12067e1-90c0-4cf5-9e72-77bc9d7e3354','1544b740-8f39-47e7-94f6-4f52437ac7be','947de03d-2de3-48f7-a3b6-f038138d0487');
delete from md_bizitfmap where classid IN ('63699954-c4ee-4e62-b160-00d2b42878f0','d12067e1-90c0-4cf5-9e72-77bc9d7e3354','1544b740-8f39-47e7-94f6-4f52437ac7be','947de03d-2de3-48f7-a3b6-f038138d0487');
delete from md_association where startbeanid IN ('63699954-c4ee-4e62-b160-00d2b42878f0','d12067e1-90c0-4cf5-9e72-77bc9d7e3354','1544b740-8f39-47e7-94f6-4f52437ac7be','947de03d-2de3-48f7-a3b6-f038138d0487');
delete from MD_COLUMN where TABLEID in (select tableid from md_ormap where classid IN (select id from md_class where COMPONENTID in ('fc9c262f-4d00-456c-a505-a7cff8626923')));
delete from md_busiop where ownertype IN ('63699954-c4ee-4e62-b160-00d2b42878f0','d12067e1-90c0-4cf5-9e72-77bc9d7e3354','1544b740-8f39-47e7-94f6-4f52437ac7be','947de03d-2de3-48f7-a3b6-f038138d0487');
delete from md_attr_power where beanid IN ('63699954-c4ee-4e62-b160-00d2b42878f0','d12067e1-90c0-4cf5-9e72-77bc9d7e3354','1544b740-8f39-47e7-94f6-4f52437ac7be','947de03d-2de3-48f7-a3b6-f038138d0487');
delete from sm_permission_res where mdid IN ('63699954-c4ee-4e62-b160-00d2b42878f0','d12067e1-90c0-4cf5-9e72-77bc9d7e3354','1544b740-8f39-47e7-94f6-4f52437ac7be','947de03d-2de3-48f7-a3b6-f038138d0487');
delete from bd_mode_all where mdclassid IN ('63699954-c4ee-4e62-b160-00d2b42878f0','d12067e1-90c0-4cf5-9e72-77bc9d7e3354','1544b740-8f39-47e7-94f6-4f52437ac7be','947de03d-2de3-48f7-a3b6-f038138d0487');
delete from bd_mode_selected where mdclassid IN ('63699954-c4ee-4e62-b160-00d2b42878f0','d12067e1-90c0-4cf5-9e72-77bc9d7e3354','1544b740-8f39-47e7-94f6-4f52437ac7be','947de03d-2de3-48f7-a3b6-f038138d0487');
delete from bd_uniquerule where mdclassid IN ('63699954-c4ee-4e62-b160-00d2b42878f0','d12067e1-90c0-4cf5-9e72-77bc9d7e3354','1544b740-8f39-47e7-94f6-4f52437ac7be','947de03d-2de3-48f7-a3b6-f038138d0487');
delete from pub_bcr_nbcr where metaid IN ('63699954-c4ee-4e62-b160-00d2b42878f0','d12067e1-90c0-4cf5-9e72-77bc9d7e3354','1544b740-8f39-47e7-94f6-4f52437ac7be','947de03d-2de3-48f7-a3b6-f038138d0487');
delete from pub_eventtype where sourceid IN ('63699954-c4ee-4e62-b160-00d2b42878f0','d12067e1-90c0-4cf5-9e72-77bc9d7e3354','1544b740-8f39-47e7-94f6-4f52437ac7be','947de03d-2de3-48f7-a3b6-f038138d0487');
delete from md_enumValue where id in (select distinct id from md_class where componentID='fc9c262f-4d00-456c-a505-a7cff8626923'  ) ;
delete from md_accessorPara where id in (select distinct id from md_class where componentID='fc9c262f-4d00-456c-a505-a7cff8626923'  );
delete from md_db_relation where starttableid in (select id from md_table where id  in (select distinct tableid from md_ormap where classid IN ('63699954-c4ee-4e62-b160-00d2b42878f0','d12067e1-90c0-4cf5-9e72-77bc9d7e3354','1544b740-8f39-47e7-94f6-4f52437ac7be','947de03d-2de3-48f7-a3b6-f038138d0487')));
delete from md_table where id  in (select distinct tableid from md_ormap where classid IN ('63699954-c4ee-4e62-b160-00d2b42878f0','d12067e1-90c0-4cf5-9e72-77bc9d7e3354','1544b740-8f39-47e7-94f6-4f52437ac7be','947de03d-2de3-48f7-a3b6-f038138d0487'));
delete from md_ormap where classid IN ('63699954-c4ee-4e62-b160-00d2b42878f0','d12067e1-90c0-4cf5-9e72-77bc9d7e3354','1544b740-8f39-47e7-94f6-4f52437ac7be','947de03d-2de3-48f7-a3b6-f038138d0487');
delete from md_class where componentid like 'fc9c262f-4d00-456c-a505-a7cff8626923';
delete from md_component where id = 'fc9c262f-4d00-456c-a505-a7cff8626923';
delete from md_module where id = 'qcco';

INSERT INTO MD_PROPERTY (ACCESSORCLASSNAME, ACCESSPOWER, ACCESSPOWERGROUP, ATTRLENGTH, ATTRMAXVALUE, ATTRMINVALUE, ATTRSEQUENCE, CALCULATION, CLASSID, CREATEINDUSTRY, CREATETIME, CREATOR, CUSTOMATTR, DATATYPE, DATATYPESTYLE, DEFAULTVALUE, DESCRIPTION, DISPLAYNAME, DR, DYNAMICATTR, DYNAMICTABLE, FIXEDLENGTH, HELP, HIDED, ID, INDUSTRY, ISACTIVE, ISAUTHEN, MODIFIER, MODIFYTIME, NAME, NOTSERIALIZE, NULLABLE, PRECISE, READONLY, REFMODELNAME, RESID, TS, VERSIONTYPE, VISIBILITY) VALUES (null, 'N', null, 20, null, null, 0, 'N', '1544b740-8f39-47e7-94f6-4f52437ac7be', null, null, null, 'N', 'BS000010000100001051', 300, null, null, '测试条件主键', 0, 'N', null, 'N', null, 'N', '9addb240-cf5f-4113-91ec-0bee709ccbe6', '0', 'Y', 'Y', null, null, 'pk_task_s', 'N', 'N', 0, 'N', null, null, '2019-03-17 21:49:59', 0, 0);
INSERT INTO MD_PROPERTY (ACCESSORCLASSNAME, ACCESSPOWER, ACCESSPOWERGROUP, ATTRLENGTH, ATTRMAXVALUE, ATTRMINVALUE, ATTRSEQUENCE, CALCULATION, CLASSID, CREATEINDUSTRY, CREATETIME, CREATOR, CUSTOMATTR, DATATYPE, DATATYPESTYLE, DEFAULTVALUE, DESCRIPTION, DISPLAYNAME, DR, DYNAMICATTR, DYNAMICTABLE, FIXEDLENGTH, HELP, HIDED, ID, INDUSTRY, ISACTIVE, ISAUTHEN, MODIFIER, MODIFYTIME, NAME, NOTSERIALIZE, NULLABLE, PRECISE, READONLY, REFMODELNAME, RESID, TS, VERSIONTYPE, VISIBILITY) VALUES (null, 'N', null, 20, null, null, 1, 'N', '1544b740-8f39-47e7-94f6-4f52437ac7be', null, null, null, 'N', '85efe9e1-3bc2-492e-a92a-f52d3acff25d', 305, null, null, '测试条件项', 0, 'N', null, 'N', null, 'N', '9b32b381-a314-4447-bcc8-868d58d32676', '0', 'Y', 'Y', null, null, 'pk_testconditionitem', 'N', 'Y', 0, 'N', '自定义档案', null, '2019-03-17 21:49:59', 0, 0);
INSERT INTO MD_PROPERTY (ACCESSORCLASSNAME, ACCESSPOWER, ACCESSPOWERGROUP, ATTRLENGTH, ATTRMAXVALUE, ATTRMINVALUE, ATTRSEQUENCE, CALCULATION, CLASSID, CREATEINDUSTRY, CREATETIME, CREATOR, CUSTOMATTR, DATATYPE, DATATYPESTYLE, DEFAULTVALUE, DESCRIPTION, DISPLAYNAME, DR, DYNAMICATTR, DYNAMICTABLE, FIXEDLENGTH, HELP, HIDED, ID, INDUSTRY, ISACTIVE, ISAUTHEN, MODIFIER, MODIFYTIME, NAME, NOTSERIALIZE, NULLABLE, PRECISE, READONLY, REFMODELNAME, RESID, TS, VERSIONTYPE, VISIBILITY) VALUES (null, 'N', null, 1, null, null, 2, 'N', '1544b740-8f39-47e7-94f6-4f52437ac7be', null, null, null, 'N', 'BS000010000100001032', 300, null, null, '状态', 0, 'N', null, 'N', null, 'N', 'ae6c68ba-d46d-4204-b2dc-48be021872d0', '0', 'Y', 'Y', null, null, 'conditionstatus', 'N', 'Y', 0, 'N', null, null, '2019-03-17 21:49:59', 0, 0);
INSERT INTO MD_PROPERTY (ACCESSORCLASSNAME, ACCESSPOWER, ACCESSPOWERGROUP, ATTRLENGTH, ATTRMAXVALUE, ATTRMINVALUE, ATTRSEQUENCE, CALCULATION, CLASSID, CREATEINDUSTRY, CREATETIME, CREATOR, CUSTOMATTR, DATATYPE, DATATYPESTYLE, DEFAULTVALUE, DESCRIPTION, DISPLAYNAME, DR, DYNAMICATTR, DYNAMICTABLE, FIXEDLENGTH, HELP, HIDED, ID, INDUSTRY, ISACTIVE, ISAUTHEN, MODIFIER, MODIFYTIME, NAME, NOTSERIALIZE, NULLABLE, PRECISE, READONLY, REFMODELNAME, RESID, TS, VERSIONTYPE, VISIBILITY) VALUES (null, 'N', null, 1, null, null, 3, 'N', '1544b740-8f39-47e7-94f6-4f52437ac7be', null, null, null, 'N', 'BS000010000100001032', 300, null, null, '是否可选', 0, 'N', null, 'N', null, 'N', 'ba5b1231-1add-4e8a-9e3d-fb326b5aea61', '0', 'Y', 'Y', null, null, 'isoptional', 'N', 'Y', 0, 'N', null, null, '2019-03-17 21:49:59', 0, 0);
INSERT INTO MD_PROPERTY (ACCESSORCLASSNAME, ACCESSPOWER, ACCESSPOWERGROUP, ATTRLENGTH, ATTRMAXVALUE, ATTRMINVALUE, ATTRSEQUENCE, CALCULATION, CLASSID, CREATEINDUSTRY, CREATETIME, CREATOR, CUSTOMATTR, DATATYPE, DATATYPESTYLE, DEFAULTVALUE, DESCRIPTION, DISPLAYNAME, DR, DYNAMICATTR, DYNAMICTABLE, FIXEDLENGTH, HELP, HIDED, ID, INDUSTRY, ISACTIVE, ISAUTHEN, MODIFIER, MODIFYTIME, NAME, NOTSERIALIZE, NULLABLE, PRECISE, READONLY, REFMODELNAME, RESID, TS, VERSIONTYPE, VISIBILITY) VALUES (null, 'N', null, 1, null, null, 4, 'N', '1544b740-8f39-47e7-94f6-4f52437ac7be', null, null, null, 'N', 'BS000010000100001032', 300, null, null, '是否可报告', 0, 'N', null, 'N', null, 'N', '93c21a52-941d-4538-ae85-0ba86e82a110', '0', 'Y', 'Y', null, null, 'isallow_out', 'N', 'Y', 0, 'N', null, null, '2019-03-17 21:49:59', 0, 0);
INSERT INTO MD_PROPERTY (ACCESSORCLASSNAME, ACCESSPOWER, ACCESSPOWERGROUP, ATTRLENGTH, ATTRMAXVALUE, ATTRMINVALUE, ATTRSEQUENCE, CALCULATION, CLASSID, CREATEINDUSTRY, CREATETIME, CREATOR, CUSTOMATTR, DATATYPE, DATATYPESTYLE, DEFAULTVALUE, DESCRIPTION, DISPLAYNAME, DR, DYNAMICATTR, DYNAMICTABLE, FIXEDLENGTH, HELP, HIDED, ID, INDUSTRY, ISACTIVE, ISAUTHEN, MODIFIER, MODIFYTIME, NAME, NOTSERIALIZE, NULLABLE, PRECISE, READONLY, REFMODELNAME, RESID, TS, VERSIONTYPE, VISIBILITY) VALUES (null, 'N', null, 20, null, null, 5, 'N', '1544b740-8f39-47e7-94f6-4f52437ac7be', null, null, null, 'N', '85efe9e1-3bc2-492e-a92a-f52d3acff25d', 305, null, null, '仪器', 0, 'N', null, 'N', null, 'N', '4280abc6-bddd-4935-990c-7f81d6dda07d', '0', 'Y', 'Y', null, null, 'instrument', 'N', 'Y', 0, 'N', '自定义档案', null, '2019-03-17 21:49:59', 0, 0);
INSERT INTO MD_PROPERTY (ACCESSORCLASSNAME, ACCESSPOWER, ACCESSPOWERGROUP, ATTRLENGTH, ATTRMAXVALUE, ATTRMINVALUE, ATTRSEQUENCE, CALCULATION, CLASSID, CREATEINDUSTRY, CREATETIME, CREATOR, CUSTOMATTR, DATATYPE, DATATYPESTYLE, DEFAULTVALUE, DESCRIPTION, DISPLAYNAME, DR, DYNAMICATTR, DYNAMICTABLE, FIXEDLENGTH, HELP, HIDED, ID, INDUSTRY, ISACTIVE, ISAUTHEN, MODIFIER, MODIFYTIME, NAME, NOTSERIALIZE, NULLABLE, PRECISE, READONLY, REFMODELNAME, RESID, TS, VERSIONTYPE, VISIBILITY) VALUES (null, 'N', null, 20, null, null, 6, 'N', '1544b740-8f39-47e7-94f6-4f52437ac7be', null, null, null, 'N', '85efe9e1-3bc2-492e-a92a-f52d3acff25d', 305, null, null, '值类型', 0, 'N', null, 'N', null, 'N', '6a462971-825f-4eaa-a604-db4145a52556', '0', 'Y', 'Y', null, null, 'valuetype', 'N', 'Y', 0, 'N', '自定义档案', null, '2019-03-17 21:49:59', 0, 0);
INSERT INTO MD_PROPERTY (ACCESSORCLASSNAME, ACCESSPOWER, ACCESSPOWERGROUP, ATTRLENGTH, ATTRMAXVALUE, ATTRMINVALUE, ATTRSEQUENCE, CALCULATION, CLASSID, CREATEINDUSTRY, CREATETIME, CREATOR, CUSTOMATTR, DATATYPE, DATATYPESTYLE, DEFAULTVALUE, DESCRIPTION, DISPLAYNAME, DR, DYNAMICATTR, DYNAMICTABLE, FIXEDLENGTH, HELP, HIDED, ID, INDUSTRY, ISACTIVE, ISAUTHEN, MODIFIER, MODIFYTIME, NAME, NOTSERIALIZE, NULLABLE, PRECISE, READONLY, REFMODELNAME, RESID, TS, VERSIONTYPE, VISIBILITY) VALUES (null, 'N', null, 50, null, null, 7, 'N', '1544b740-8f39-47e7-94f6-4f52437ac7be', null, null, null, 'N', 'BS000010000100001001', 300, null, null, '值', 0, 'N', null, 'N', null, 'N', '94a44f30-c9c0-4ba0-9367-abe884159f8c', '0', 'Y', 'Y', null, null, 'entry', 'N', 'Y', 0, 'N', null, null, '2019-03-17 21:49:59', 0, 0);
INSERT INTO MD_PROPERTY (ACCESSORCLASSNAME, ACCESSPOWER, ACCESSPOWERGROUP, ATTRLENGTH, ATTRMAXVALUE, ATTRMINVALUE, ATTRSEQUENCE, CALCULATION, CLASSID, CREATEINDUSTRY, CREATETIME, CREATOR, CUSTOMATTR, DATATYPE, DATATYPESTYLE, DEFAULTVALUE, DESCRIPTION, DISPLAYNAME, DR, DYNAMICATTR, DYNAMICTABLE, FIXEDLENGTH, HELP, HIDED, ID, INDUSTRY, ISACTIVE, ISAUTHEN, MODIFIER, MODIFYTIME, NAME, NOTSERIALIZE, NULLABLE, PRECISE, READONLY, REFMODELNAME, RESID, TS, VERSIONTYPE, VISIBILITY) VALUES (null, 'N', null, 50, null, null, 8, 'N', '1544b740-8f39-47e7-94f6-4f52437ac7be', null, null, null, 'N', 'BS000010000100001001', 300, null, null, '单位', 0, 'N', null, 'N', null, 'N', '5c646640-5fd4-4068-8160-1f1a4bcff05e', '0', 'Y', 'Y', null, null, 'unit', 'N', 'Y', 0, 'N', null, null, '2019-03-17 21:49:59', 0, 0);
INSERT INTO MD_PROPERTY (ACCESSORCLASSNAME, ACCESSPOWER, ACCESSPOWERGROUP, ATTRLENGTH, ATTRMAXVALUE, ATTRMINVALUE, ATTRSEQUENCE, CALCULATION, CLASSID, CREATEINDUSTRY, CREATETIME, CREATOR, CUSTOMATTR, DATATYPE, DATATYPESTYLE, DEFAULTVALUE, DESCRIPTION, DISPLAYNAME, DR, DYNAMICATTR, DYNAMICTABLE, FIXEDLENGTH, HELP, HIDED, ID, INDUSTRY, ISACTIVE, ISAUTHEN, MODIFIER, MODIFYTIME, NAME, NOTSERIALIZE, NULLABLE, PRECISE, READONLY, REFMODELNAME, RESID, TS, VERSIONTYPE, VISIBILITY) VALUES (null, 'N', null, 50, null, null, 9, 'N', '1544b740-8f39-47e7-94f6-4f52437ac7be', null, null, null, 'N', 'BS000010000100001001', 300, null, null, '格式化值', 0, 'N', null, 'N', null, 'N', '9b993213-310b-49ae-8615-dde43b92988d', '0', 'Y', 'Y', null, null, 'formatted_entry', 'N', 'Y', 0, 'N', null, null, '2019-03-17 21:49:59', 0, 0);
INSERT INTO MD_PROPERTY (ACCESSORCLASSNAME, ACCESSPOWER, ACCESSPOWERGROUP, ATTRLENGTH, ATTRMAXVALUE, ATTRMINVALUE, ATTRSEQUENCE, CALCULATION, CLASSID, CREATEINDUSTRY, CREATETIME, CREATOR, CUSTOMATTR, DATATYPE, DATATYPESTYLE, DEFAULTVALUE, DESCRIPTION, DISPLAYNAME, DR, DYNAMICATTR, DYNAMICTABLE, FIXEDLENGTH, HELP, HIDED, ID, INDUSTRY, ISACTIVE, ISAUTHEN, MODIFIER, MODIFYTIME, NAME, NOTSERIALIZE, NULLABLE, PRECISE, READONLY, REFMODELNAME, RESID, TS, VERSIONTYPE, VISIBILITY) VALUES (null, 'N', null, 28, null, null, 10, 'N', '1544b740-8f39-47e7-94f6-4f52437ac7be', null, null, null, 'N', 'BS000010000100001031', 300, null, null, '最小值', 0, 'N', null, 'N', null, 'N', 'f390c789-78fc-42e7-afd2-2ed216fa6273', '0', 'Y', 'Y', null, null, 'min_limit', 'N', 'Y', 8, 'N', null, null, '2019-03-17 21:49:59', 0, 0);
INSERT INTO MD_PROPERTY (ACCESSORCLASSNAME, ACCESSPOWER, ACCESSPOWERGROUP, ATTRLENGTH, ATTRMAXVALUE, ATTRMINVALUE, ATTRSEQUENCE, CALCULATION, CLASSID, CREATEINDUSTRY, CREATETIME, CREATOR, CUSTOMATTR, DATATYPE, DATATYPESTYLE, DEFAULTVALUE, DESCRIPTION, DISPLAYNAME, DR, DYNAMICATTR, DYNAMICTABLE, FIXEDLENGTH, HELP, HIDED, ID, INDUSTRY, ISACTIVE, ISAUTHEN, MODIFIER, MODIFYTIME, NAME, NOTSERIALIZE, NULLABLE, PRECISE, READONLY, REFMODELNAME, RESID, TS, VERSIONTYPE, VISIBILITY) VALUES (null, 'N', null, 28, null, null, 11, 'N', '1544b740-8f39-47e7-94f6-4f52437ac7be', null, null, null, 'N', 'BS000010000100001031', 300, null, null, '最大值', 0, 'N', null, 'N', null, 'N', '49c0f4f7-dfab-45fc-9916-69b4f6e43634', '0', 'Y', 'Y', null, null, 'max_limit', 'N', 'Y', 8, 'N', null, null, '2019-03-17 21:49:59', 0, 0);
INSERT INTO MD_PROPERTY (ACCESSORCLASSNAME, ACCESSPOWER, ACCESSPOWERGROUP, ATTRLENGTH, ATTRMAXVALUE, ATTRMINVALUE, ATTRSEQUENCE, CALCULATION, CLASSID, CREATEINDUSTRY, CREATETIME, CREATOR, CUSTOMATTR, DATATYPE, DATATYPESTYLE, DEFAULTVALUE, DESCRIPTION, DISPLAYNAME, DR, DYNAMICATTR, DYNAMICTABLE, FIXEDLENGTH, HELP, HIDED, ID, INDUSTRY, ISACTIVE, ISAUTHEN, MODIFIER, MODIFYTIME, NAME, NOTSERIALIZE, NULLABLE, PRECISE, READONLY, REFMODELNAME, RESID, TS, VERSIONTYPE, VISIBILITY) VALUES (null, 'N', null, 50, null, null, 12, 'N', '1544b740-8f39-47e7-94f6-4f52437ac7be', null, null, null, 'N', 'BS000010000100001001', 300, null, null, '英文说明', 0, 'N', null, 'N', null, 'N', '775b4c2e-c101-493b-86f9-dcfa0fc4edba', '0', 'Y', 'Y', null, null, 'englishdescription', 'N', 'Y', 0, 'N', null, null, '2019-03-17 21:49:59', 0, 0);
INSERT INTO MD_PROPERTY (ACCESSORCLASSNAME, ACCESSPOWER, ACCESSPOWERGROUP, ATTRLENGTH, ATTRMAXVALUE, ATTRMINVALUE, ATTRSEQUENCE, CALCULATION, CLASSID, CREATEINDUSTRY, CREATETIME, CREATOR, CUSTOMATTR, DATATYPE, DATATYPESTYLE, DEFAULTVALUE, DESCRIPTION, DISPLAYNAME, DR, DYNAMICATTR, DYNAMICTABLE, FIXEDLENGTH, HELP, HIDED, ID, INDUSTRY, ISACTIVE, ISAUTHEN, MODIFIER, MODIFYTIME, NAME, NOTSERIALIZE, NULLABLE, PRECISE, READONLY, REFMODELNAME, RESID, TS, VERSIONTYPE, VISIBILITY) VALUES (null, 'N', null, 20, null, null, 0, 'N', '63699954-c4ee-4e62-b160-00d2b42878f0', null, null, null, 'N', 'BS000010000100001051', 300, null, null, '主表主键', 0, 'N', null, 'N', null, 'N', '18dffa8e-66ca-49ee-baf6-4110078200ba', '0', 'Y', 'Y', null, null, 'pk_task_h', 'N', 'N', 0, 'N', null, null, '2019-03-17 21:49:59', 0, 0);
INSERT INTO MD_PROPERTY (ACCESSORCLASSNAME, ACCESSPOWER, ACCESSPOWERGROUP, ATTRLENGTH, ATTRMAXVALUE, ATTRMINVALUE, ATTRSEQUENCE, CALCULATION, CLASSID, CREATEINDUSTRY, CREATETIME, CREATOR, CUSTOMATTR, DATATYPE, DATATYPESTYLE, DEFAULTVALUE, DESCRIPTION, DISPLAYNAME, DR, DYNAMICATTR, DYNAMICTABLE, FIXEDLENGTH, HELP, HIDED, ID, INDUSTRY, ISACTIVE, ISAUTHEN, MODIFIER, MODIFYTIME, NAME, NOTSERIALIZE, NULLABLE, PRECISE, READONLY, REFMODELNAME, RESID, TS, VERSIONTYPE, VISIBILITY) VALUES ('nc.md.model.access.BodyOfAggVOAccessor', 'N', null, 0, null, null, 1, 'N', '63699954-c4ee-4e62-b160-00d2b42878f0', null, null, null, 'N', 'd12067e1-90c0-4cf5-9e72-77bc9d7e3354', 301, null, null, '任务行主键', 0, 'N', null, 'N', null, 'N', '13afd598-6edf-45eb-a7c0-497a9dde623f', '0', 'Y', 'Y', null, null, 'pk_task_b', 'N', 'Y', 0, 'N', null, null, '2019-03-17 21:49:59', 0, 0);
INSERT INTO MD_PROPERTY (ACCESSORCLASSNAME, ACCESSPOWER, ACCESSPOWERGROUP, ATTRLENGTH, ATTRMAXVALUE, ATTRMINVALUE, ATTRSEQUENCE, CALCULATION, CLASSID, CREATEINDUSTRY, CREATETIME, CREATOR, CUSTOMATTR, DATATYPE, DATATYPESTYLE, DEFAULTVALUE, DESCRIPTION, DISPLAYNAME, DR, DYNAMICATTR, DYNAMICTABLE, FIXEDLENGTH, HELP, HIDED, ID, INDUSTRY, ISACTIVE, ISAUTHEN, MODIFIER, MODIFYTIME, NAME, NOTSERIALIZE, NULLABLE, PRECISE, READONLY, REFMODELNAME, RESID, TS, VERSIONTYPE, VISIBILITY) VALUES (null, 'N', null, 20, null, null, 2, 'N', '63699954-c4ee-4e62-b160-00d2b42878f0', null, null, null, 'N', 'fcbcdbe2-c0e7-4d0d-ac3f-6cfeeb0b036a', 305, null, null, '委托单主键', 0, 'N', null, 'N', null, 'N', 'e167f54f-d416-44ae-ab3e-54572b4093c6', '0', 'Y', 'Y', null, null, 'pk_commission_h', 'N', 'Y', 0, 'N', null, null, '2019-03-17 21:49:59', 0, 0);
INSERT INTO MD_PROPERTY (ACCESSORCLASSNAME, ACCESSPOWER, ACCESSPOWERGROUP, ATTRLENGTH, ATTRMAXVALUE, ATTRMINVALUE, ATTRSEQUENCE, CALCULATION, CLASSID, CREATEINDUSTRY, CREATETIME, CREATOR, CUSTOMATTR, DATATYPE, DATATYPESTYLE, DEFAULTVALUE, DESCRIPTION, DISPLAYNAME, DR, DYNAMICATTR, DYNAMICTABLE, FIXEDLENGTH, HELP, HIDED, ID, INDUSTRY, ISACTIVE, ISAUTHEN, MODIFIER, MODIFYTIME, NAME, NOTSERIALIZE, NULLABLE, PRECISE, READONLY, REFMODELNAME, RESID, TS, VERSIONTYPE, VISIBILITY) VALUES (null, 'N', null, 20, null, null, 3, 'N', '63699954-c4ee-4e62-b160-00d2b42878f0', null, null, null, 'N', '3b6dd171-2900-47f3-bfbe-41e4483a2a65', 305, null, null, '集团', 0, 'N', null, 'N', null, 'N', '24797725-a97a-4b70-bd63-d28abc5ada09', '0', 'Y', 'Y', null, null, 'pk_group', 'N', 'Y', 0, 'N', null, null, '2019-03-17 21:49:59', 0, 0);
INSERT INTO MD_PROPERTY (ACCESSORCLASSNAME, ACCESSPOWER, ACCESSPOWERGROUP, ATTRLENGTH, ATTRMAXVALUE, ATTRMINVALUE, ATTRSEQUENCE, CALCULATION, CLASSID, CREATEINDUSTRY, CREATETIME, CREATOR, CUSTOMATTR, DATATYPE, DATATYPESTYLE, DEFAULTVALUE, DESCRIPTION, DISPLAYNAME, DR, DYNAMICATTR, DYNAMICTABLE, FIXEDLENGTH, HELP, HIDED, ID, INDUSTRY, ISACTIVE, ISAUTHEN, MODIFIER, MODIFYTIME, NAME, NOTSERIALIZE, NULLABLE, PRECISE, READONLY, REFMODELNAME, RESID, TS, VERSIONTYPE, VISIBILITY) VALUES (null, 'N', null, 20, null, null, 4, 'N', '63699954-c4ee-4e62-b160-00d2b42878f0', null, null, null, 'N', '985be8a4-3a36-4778-8afe-2d8ed3902659', 305, null, null, '组织', 0, 'N', null, 'N', null, 'N', 'd1bb0d08-a3be-4217-ae5f-3a1f0ac261f1', '0', 'Y', 'Y', null, null, 'pk_org', 'N', 'Y', 0, 'N', null, null, '2019-03-17 21:49:59', 0, 0);
INSERT INTO MD_PROPERTY (ACCESSORCLASSNAME, ACCESSPOWER, ACCESSPOWERGROUP, ATTRLENGTH, ATTRMAXVALUE, ATTRMINVALUE, ATTRSEQUENCE, CALCULATION, CLASSID, CREATEINDUSTRY, CREATETIME, CREATOR, CUSTOMATTR, DATATYPE, DATATYPESTYLE, DEFAULTVALUE, DESCRIPTION, DISPLAYNAME, DR, DYNAMICATTR, DYNAMICTABLE, FIXEDLENGTH, HELP, HIDED, ID, INDUSTRY, ISACTIVE, ISAUTHEN, MODIFIER, MODIFYTIME, NAME, NOTSERIALIZE, NULLABLE, PRECISE, READONLY, REFMODELNAME, RESID, TS, VERSIONTYPE, VISIBILITY) VALUES (null, 'N', null, 20, null, null, 5, 'N', '63699954-c4ee-4e62-b160-00d2b42878f0', null, null, null, 'N', 'da7bba89-9a59-42d6-a262-c13ef459dbd9', 305, null, null, '组织版本', 0, 'N', null, 'N', null, 'N', '02dd3b84-3ec0-416f-a0e0-c2f5eb652937', '0', 'Y', 'Y', null, null, 'pk_org_v', 'N', 'Y', 0, 'N', null, null, '2019-03-17 21:49:59', 0, 0);
INSERT INTO MD_PROPERTY (ACCESSORCLASSNAME, ACCESSPOWER, ACCESSPOWERGROUP, ATTRLENGTH, ATTRMAXVALUE, ATTRMINVALUE, ATTRSEQUENCE, CALCULATION, CLASSID, CREATEINDUSTRY, CREATETIME, CREATOR, CUSTOMATTR, DATATYPE, DATATYPESTYLE, DEFAULTVALUE, DESCRIPTION, DISPLAYNAME, DR, DYNAMICATTR, DYNAMICTABLE, FIXEDLENGTH, HELP, HIDED, ID, INDUSTRY, ISACTIVE, ISAUTHEN, MODIFIER, MODIFYTIME, NAME, NOTSERIALIZE, NULLABLE, PRECISE, READONLY, REFMODELNAME, RESID, TS, VERSIONTYPE, VISIBILITY) VALUES (null, 'N', null, 19, null, null, 6, 'N', '63699954-c4ee-4e62-b160-00d2b42878f0', null, null, null, 'N', 'BS000010000100001033', 300, null, null, '制单日期', 0, 'N', null, 'N', null, 'N', '8ce494f0-b371-42cb-b3d2-a9434b289cec', '0', 'Y', 'Y', null, null, 'dbilldate', 'N', 'Y', 0, 'N', null, null, '2019-03-17 21:49:59', 0, 0);
INSERT INTO MD_PROPERTY (ACCESSORCLASSNAME, ACCESSPOWER, ACCESSPOWERGROUP, ATTRLENGTH, ATTRMAXVALUE, ATTRMINVALUE, ATTRSEQUENCE, CALCULATION, CLASSID, CREATEINDUSTRY, CREATETIME, CREATOR, CUSTOMATTR, DATATYPE, DATATYPESTYLE, DEFAULTVALUE, DESCRIPTION, DISPLAYNAME, DR, DYNAMICATTR, DYNAMICTABLE, FIXEDLENGTH, HELP, HIDED, ID, INDUSTRY, ISACTIVE, ISAUTHEN, MODIFIER, MODIFYTIME, NAME, NOTSERIALIZE, NULLABLE, PRECISE, READONLY, REFMODELNAME, RESID, TS, VERSIONTYPE, VISIBILITY) VALUES (null, 'N', null, 20, null, null, 7, 'N', '63699954-c4ee-4e62-b160-00d2b42878f0', null, null, null, 'N', 'f6f9a473-56c0-432f-8bc7-fbf8fde54fee', 305, null, null, '创建人', 0, 'N', null, 'N', null, 'N', 'f1ae5072-7b02-4111-9a2b-fc0e5214b3be', '0', 'Y', 'Y', null, null, 'creator', 'N', 'Y', 0, 'N', '用户', null, '2019-03-17 21:49:59', 0, 0);
INSERT INTO MD_PROPERTY (ACCESSORCLASSNAME, ACCESSPOWER, ACCESSPOWERGROUP, ATTRLENGTH, ATTRMAXVALUE, ATTRMINVALUE, ATTRSEQUENCE, CALCULATION, CLASSID, CREATEINDUSTRY, CREATETIME, CREATOR, CUSTOMATTR, DATATYPE, DATATYPESTYLE, DEFAULTVALUE, DESCRIPTION, DISPLAYNAME, DR, DYNAMICATTR, DYNAMICTABLE, FIXEDLENGTH, HELP, HIDED, ID, INDUSTRY, ISACTIVE, ISAUTHEN, MODIFIER, MODIFYTIME, NAME, NOTSERIALIZE, NULLABLE, PRECISE, READONLY, REFMODELNAME, RESID, TS, VERSIONTYPE, VISIBILITY) VALUES (null, 'N', null, 19, null, null, 8, 'N', '63699954-c4ee-4e62-b160-00d2b42878f0', null, null, null, 'N', 'BS000010000100001034', 300, null, null, '创建时间', 0, 'N', null, 'N', null, 'N', 'a0090f9a-d028-42c2-b1cd-778ad230a391', '0', 'Y', 'Y', null, null, 'creationtime', 'N', 'Y', 0, 'N', null, null, '2019-03-17 21:49:59', 0, 0);
INSERT INTO MD_PROPERTY (ACCESSORCLASSNAME, ACCESSPOWER, ACCESSPOWERGROUP, ATTRLENGTH, ATTRMAXVALUE, ATTRMINVALUE, ATTRSEQUENCE, CALCULATION, CLASSID, CREATEINDUSTRY, CREATETIME, CREATOR, CUSTOMATTR, DATATYPE, DATATYPESTYLE, DEFAULTVALUE, DESCRIPTION, DISPLAYNAME, DR, DYNAMICATTR, DYNAMICTABLE, FIXEDLENGTH, HELP, HIDED, ID, INDUSTRY, ISACTIVE, ISAUTHEN, MODIFIER, MODIFYTIME, NAME, NOTSERIALIZE, NULLABLE, PRECISE, READONLY, REFMODELNAME, RESID, TS, VERSIONTYPE, VISIBILITY) VALUES (null, 'N', null, 20, null, null, 9, 'N', '63699954-c4ee-4e62-b160-00d2b42878f0', null, null, null, 'N', 'f6f9a473-56c0-432f-8bc7-fbf8fde54fee', 305, null, null, '修改人', 0, 'N', null, 'N', null, 'N', '1ae44395-d9fd-4d67-9600-26e77f4c9f0d', '0', 'Y', 'Y', null, null, 'modifier', 'N', 'Y', 0, 'N', '用户', null, '2019-03-17 21:49:59', 0, 0);
INSERT INTO MD_PROPERTY (ACCESSORCLASSNAME, ACCESSPOWER, ACCESSPOWERGROUP, ATTRLENGTH, ATTRMAXVALUE, ATTRMINVALUE, ATTRSEQUENCE, CALCULATION, CLASSID, CREATEINDUSTRY, CREATETIME, CREATOR, CUSTOMATTR, DATATYPE, DATATYPESTYLE, DEFAULTVALUE, DESCRIPTION, DISPLAYNAME, DR, DYNAMICATTR, DYNAMICTABLE, FIXEDLENGTH, HELP, HIDED, ID, INDUSTRY, ISACTIVE, ISAUTHEN, MODIFIER, MODIFYTIME, NAME, NOTSERIALIZE, NULLABLE, PRECISE, READONLY, REFMODELNAME, RESID, TS, VERSIONTYPE, VISIBILITY) VALUES (null, 'N', null, 19, null, null, 10, 'N', '63699954-c4ee-4e62-b160-00d2b42878f0', null, null, null, 'N', 'BS000010000100001034', 300, null, null, '修改时间', 0, 'N', null, 'N', null, 'N', '91631470-e0ef-4bdc-8c74-6f4bf10092a9', '0', 'Y', 'Y', null, null, 'modifiedtime', 'N', 'Y', 0, 'N', null, null, '2019-03-17 21:49:59', 0, 0);
INSERT INTO MD_PROPERTY (ACCESSORCLASSNAME, ACCESSPOWER, ACCESSPOWERGROUP, ATTRLENGTH, ATTRMAXVALUE, ATTRMINVALUE, ATTRSEQUENCE, CALCULATION, CLASSID, CREATEINDUSTRY, CREATETIME, CREATOR, CUSTOMATTR, DATATYPE, DATATYPESTYLE, DEFAULTVALUE, DESCRIPTION, DISPLAYNAME, DR, DYNAMICATTR, DYNAMICTABLE, FIXEDLENGTH, HELP, HIDED, ID, INDUSTRY, ISACTIVE, ISAUTHEN, MODIFIER, MODIFYTIME, NAME, NOTSERIALIZE, NULLABLE, PRECISE, READONLY, REFMODELNAME, RESID, TS, VERSIONTYPE, VISIBILITY) VALUES (null, 'N', null, 19, null, null, 11, 'N', '63699954-c4ee-4e62-b160-00d2b42878f0', null, null, null, 'N', 'BS000010000100001034', 300, null, null, '制单时间', 0, 'N', null, 'N', null, 'N', '3321901c-0a5c-4165-86cc-ce00fa7f08e5', '0', 'Y', 'Y', null, null, 'maketime', 'N', 'Y', 0, 'N', null, null, '2019-03-17 21:49:59', 0, 0);
INSERT INTO MD_PROPERTY (ACCESSORCLASSNAME, ACCESSPOWER, ACCESSPOWERGROUP, ATTRLENGTH, ATTRMAXVALUE, ATTRMINVALUE, ATTRSEQUENCE, CALCULATION, CLASSID, CREATEINDUSTRY, CREATETIME, CREATOR, CUSTOMATTR, DATATYPE, DATATYPESTYLE, DEFAULTVALUE, DESCRIPTION, DISPLAYNAME, DR, DYNAMICATTR, DYNAMICTABLE, FIXEDLENGTH, HELP, HIDED, ID, INDUSTRY, ISACTIVE, ISAUTHEN, MODIFIER, MODIFYTIME, NAME, NOTSERIALIZE, NULLABLE, PRECISE, READONLY, REFMODELNAME, RESID, TS, VERSIONTYPE, VISIBILITY) VALUES (null, 'N', null, 19, null, null, 12, 'N', '63699954-c4ee-4e62-b160-00d2b42878f0', null, null, null, 'N', 'BS000010000100001034', 300, null, null, '最后修改时间', 0, 'N', null, 'N', null, 'N', '82b80986-ba3c-49ba-b0e0-f1360d97d4a0', '0', 'Y', 'Y', null, null, 'lastmaketime', 'N', 'Y', 0, 'N', null, null, '2019-03-17 21:49:59', 0, 0);
INSERT INTO MD_PROPERTY (ACCESSORCLASSNAME, ACCESSPOWER, ACCESSPOWERGROUP, ATTRLENGTH, ATTRMAXVALUE, ATTRMINVALUE, ATTRSEQUENCE, CALCULATION, CLASSID, CREATEINDUSTRY, CREATETIME, CREATOR, CUSTOMATTR, DATATYPE, DATATYPESTYLE, DEFAULTVALUE, DESCRIPTION, DISPLAYNAME, DR, DYNAMICATTR, DYNAMICTABLE, FIXEDLENGTH, HELP, HIDED, ID, INDUSTRY, ISACTIVE, ISAUTHEN, MODIFIER, MODIFYTIME, NAME, NOTSERIALIZE, NULLABLE, PRECISE, READONLY, REFMODELNAME, RESID, TS, VERSIONTYPE, VISIBILITY) VALUES (null, 'N', null, 50, null, null, 13, 'N', '63699954-c4ee-4e62-b160-00d2b42878f0', null, null, null, 'N', 'BS000010000100001001', 300, null, null, '单据ID', 0, 'N', null, 'N', null, 'N', '17dbc022-4977-4af4-9eb9-7fb685316998', '0', 'Y', 'Y', null, null, 'billid', 'N', 'Y', 0, 'N', null, null, '2019-03-17 21:49:59', 0, 0);
INSERT INTO MD_PROPERTY (ACCESSORCLASSNAME, ACCESSPOWER, ACCESSPOWERGROUP, ATTRLENGTH, ATTRMAXVALUE, ATTRMINVALUE, ATTRSEQUENCE, CALCULATION, CLASSID, CREATEINDUSTRY, CREATETIME, CREATOR, CUSTOMATTR, DATATYPE, DATATYPESTYLE, DEFAULTVALUE, DESCRIPTION, DISPLAYNAME, DR, DYNAMICATTR, DYNAMICTABLE, FIXEDLENGTH, HELP, HIDED, ID, INDUSTRY, ISACTIVE, ISAUTHEN, MODIFIER, MODIFYTIME, NAME, NOTSERIALIZE, NULLABLE, PRECISE, READONLY, REFMODELNAME, RESID, TS, VERSIONTYPE, VISIBILITY) VALUES (null, 'N', null, 50, null, null, 14, 'N', '63699954-c4ee-4e62-b160-00d2b42878f0', null, null, null, 'N', 'BS000010000100001001', 300, null, null, '单据号', 0, 'N', null, 'N', null, 'N', '4f7e120d-51a3-491c-9878-5540faba9f30', '0', 'Y', 'Y', null, null, 'billno', 'N', 'Y', 0, 'N', null, null, '2019-03-17 21:49:59', 0, 0);
INSERT INTO MD_PROPERTY (ACCESSORCLASSNAME, ACCESSPOWER, ACCESSPOWERGROUP, ATTRLENGTH, ATTRMAXVALUE, ATTRMINVALUE, ATTRSEQUENCE, CALCULATION, CLASSID, CREATEINDUSTRY, CREATETIME, CREATOR, CUSTOMATTR, DATATYPE, DATATYPESTYLE, DEFAULTVALUE, DESCRIPTION, DISPLAYNAME, DR, DYNAMICATTR, DYNAMICTABLE, FIXEDLENGTH, HELP, HIDED, ID, INDUSTRY, ISACTIVE, ISAUTHEN, MODIFIER, MODIFYTIME, NAME, NOTSERIALIZE, NULLABLE, PRECISE, READONLY, REFMODELNAME, RESID, TS, VERSIONTYPE, VISIBILITY) VALUES (null, 'N', null, 50, null, null, 15, 'N', '63699954-c4ee-4e62-b160-00d2b42878f0', null, null, null, 'N', 'BS000010000100001001', 300, null, null, '业务类型', 0, 'N', null, 'N', null, 'N', '8d88fd05-23d6-4afd-8b0a-d7f94595e0a0', '0', 'Y', 'Y', null, null, 'busitype', 'N', 'Y', 0, 'N', null, null, '2019-03-17 21:49:59', 0, 0);
INSERT INTO MD_PROPERTY (ACCESSORCLASSNAME, ACCESSPOWER, ACCESSPOWERGROUP, ATTRLENGTH, ATTRMAXVALUE, ATTRMINVALUE, ATTRSEQUENCE, CALCULATION, CLASSID, CREATEINDUSTRY, CREATETIME, CREATOR, CUSTOMATTR, DATATYPE, DATATYPESTYLE, DEFAULTVALUE, DESCRIPTION, DISPLAYNAME, DR, DYNAMICATTR, DYNAMICTABLE, FIXEDLENGTH, HELP, HIDED, ID, INDUSTRY, ISACTIVE, ISAUTHEN, MODIFIER, MODIFYTIME, NAME, NOTSERIALIZE, NULLABLE, PRECISE, READONLY, REFMODELNAME, RESID, TS, VERSIONTYPE, VISIBILITY) VALUES (null, 'N', null, 50, null, null, 16, 'N', '63699954-c4ee-4e62-b160-00d2b42878f0', null, null, null, 'N', 'BS000010000100001001', 300, null, null, '制单人', 0, 'N', null, 'N', null, 'N', 'be405ee6-cfb4-480b-8448-247a1aa1deb4', '0', 'Y', 'Y', null, null, 'billmaker', 'N', 'Y', 0, 'N', null, null, '2019-03-17 21:49:59', 0, 0);
INSERT INTO MD_PROPERTY (ACCESSORCLASSNAME, ACCESSPOWER, ACCESSPOWERGROUP, ATTRLENGTH, ATTRMAXVALUE, ATTRMINVALUE, ATTRSEQUENCE, CALCULATION, CLASSID, CREATEINDUSTRY, CREATETIME, CREATOR, CUSTOMATTR, DATATYPE, DATATYPESTYLE, DEFAULTVALUE, DESCRIPTION, DISPLAYNAME, DR, DYNAMICATTR, DYNAMICTABLE, FIXEDLENGTH, HELP, HIDED, ID, INDUSTRY, ISACTIVE, ISAUTHEN, MODIFIER, MODIFYTIME, NAME, NOTSERIALIZE, NULLABLE, PRECISE, READONLY, REFMODELNAME, RESID, TS, VERSIONTYPE, VISIBILITY) VALUES (null, 'N', null, 50, null, null, 17, 'N', '63699954-c4ee-4e62-b160-00d2b42878f0', null, null, null, 'N', 'BS000010000100001001', 300, null, null, '审批人', 0, 'N', null, 'N', null, 'N', '091f6fe9-0fa1-4ba2-b9d8-798fdebe662a', '0', 'Y', 'Y', null, null, 'approver', 'N', 'Y', 0, 'N', null, null, '2019-03-17 21:49:59', 0, 0);
INSERT INTO MD_PROPERTY (ACCESSORCLASSNAME, ACCESSPOWER, ACCESSPOWERGROUP, ATTRLENGTH, ATTRMAXVALUE, ATTRMINVALUE, ATTRSEQUENCE, CALCULATION, CLASSID, CREATEINDUSTRY, CREATETIME, CREATOR, CUSTOMATTR, DATATYPE, DATATYPESTYLE, DEFAULTVALUE, DESCRIPTION, DISPLAYNAME, DR, DYNAMICATTR, DYNAMICTABLE, FIXEDLENGTH, HELP, HIDED, ID, INDUSTRY, ISACTIVE, ISAUTHEN, MODIFIER, MODIFYTIME, NAME, NOTSERIALIZE, NULLABLE, PRECISE, READONLY, REFMODELNAME, RESID, TS, VERSIONTYPE, VISIBILITY) VALUES (null, 'N', null, 50, null, null, 18, 'N', '63699954-c4ee-4e62-b160-00d2b42878f0', null, null, null, 'N', '2ed33012-890c-4e5f-82a0-40ef0eeb4b45', 300, null, null, '审批状态', 0, 'N', null, 'N', null, 'N', 'b9097a3b-1499-423d-8210-8e60bf402c97', '0', 'Y', 'Y', null, null, 'approvestatus', 'N', 'Y', 0, 'N', null, null, '2019-03-17 21:49:59', 0, 0);
INSERT INTO MD_PROPERTY (ACCESSORCLASSNAME, ACCESSPOWER, ACCESSPOWERGROUP, ATTRLENGTH, ATTRMAXVALUE, ATTRMINVALUE, ATTRSEQUENCE, CALCULATION, CLASSID, CREATEINDUSTRY, CREATETIME, CREATOR, CUSTOMATTR, DATATYPE, DATATYPESTYLE, DEFAULTVALUE, DESCRIPTION, DISPLAYNAME, DR, DYNAMICATTR, DYNAMICTABLE, FIXEDLENGTH, HELP, HIDED, ID, INDUSTRY, ISACTIVE, ISAUTHEN, MODIFIER, MODIFYTIME, NAME, NOTSERIALIZE, NULLABLE, PRECISE, READONLY, REFMODELNAME, RESID, TS, VERSIONTYPE, VISIBILITY) VALUES (null, 'N', null, 50, null, null, 19, 'N', '63699954-c4ee-4e62-b160-00d2b42878f0', null, null, null, 'N', 'BS000010000100001001', 300, null, null, '审批批语', 0, 'N', null, 'N', null, 'N', '49e738dc-33a5-4a8e-89b1-8ca0281a9435', '0', 'Y', 'Y', null, null, 'approvenote', 'N', 'Y', 0, 'N', null, null, '2019-03-17 21:49:59', 0, 0);
INSERT INTO MD_PROPERTY (ACCESSORCLASSNAME, ACCESSPOWER, ACCESSPOWERGROUP, ATTRLENGTH, ATTRMAXVALUE, ATTRMINVALUE, ATTRSEQUENCE, CALCULATION, CLASSID, CREATEINDUSTRY, CREATETIME, CREATOR, CUSTOMATTR, DATATYPE, DATATYPESTYLE, DEFAULTVALUE, DESCRIPTION, DISPLAYNAME, DR, DYNAMICATTR, DYNAMICTABLE, FIXEDLENGTH, HELP, HIDED, ID, INDUSTRY, ISACTIVE, ISAUTHEN, MODIFIER, MODIFYTIME, NAME, NOTSERIALIZE, NULLABLE, PRECISE, READONLY, REFMODELNAME, RESID, TS, VERSIONTYPE, VISIBILITY) VALUES (null, 'N', null, 19, null, null, 20, 'N', '63699954-c4ee-4e62-b160-00d2b42878f0', null, null, null, 'N', 'BS000010000100001034', 300, null, null, '审批时间', 0, 'N', null, 'N', null, 'N', '14b8c4b0-3024-40c7-93fb-7f0d8506a642', '0', 'Y', 'Y', null, null, 'approvedate', 'N', 'Y', 0, 'N', null, null, '2019-03-17 21:49:59', 0, 0);
INSERT INTO MD_PROPERTY (ACCESSORCLASSNAME, ACCESSPOWER, ACCESSPOWERGROUP, ATTRLENGTH, ATTRMAXVALUE, ATTRMINVALUE, ATTRSEQUENCE, CALCULATION, CLASSID, CREATEINDUSTRY, CREATETIME, CREATOR, CUSTOMATTR, DATATYPE, DATATYPESTYLE, DEFAULTVALUE, DESCRIPTION, DISPLAYNAME, DR, DYNAMICATTR, DYNAMICTABLE, FIXEDLENGTH, HELP, HIDED, ID, INDUSTRY, ISACTIVE, ISAUTHEN, MODIFIER, MODIFYTIME, NAME, NOTSERIALIZE, NULLABLE, PRECISE, READONLY, REFMODELNAME, RESID, TS, VERSIONTYPE, VISIBILITY) VALUES (null, 'N', null, 50, null, null, 21, 'N', '63699954-c4ee-4e62-b160-00d2b42878f0', null, null, null, 'N', 'BS000010000100001001', 300, null, null, '交易类型', 0, 'N', null, 'N', null, 'N', 'f9e776f7-ad04-40f1-8164-04fa09a12f72', '0', 'Y', 'Y', null, null, 'transtype', 'N', 'Y', 0, 'N', null, null, '2019-03-17 21:49:59', 0, 0);
INSERT INTO MD_PROPERTY (ACCESSORCLASSNAME, ACCESSPOWER, ACCESSPOWERGROUP, ATTRLENGTH, ATTRMAXVALUE, ATTRMINVALUE, ATTRSEQUENCE, CALCULATION, CLASSID, CREATEINDUSTRY, CREATETIME, CREATOR, CUSTOMATTR, DATATYPE, DATATYPESTYLE, DEFAULTVALUE, DESCRIPTION, DISPLAYNAME, DR, DYNAMICATTR, DYNAMICTABLE, FIXEDLENGTH, HELP, HIDED, ID, INDUSTRY, ISACTIVE, ISAUTHEN, MODIFIER, MODIFYTIME, NAME, NOTSERIALIZE, NULLABLE, PRECISE, READONLY, REFMODELNAME, RESID, TS, VERSIONTYPE, VISIBILITY) VALUES (null, 'N', null, 50, null, null, 22, 'N', '63699954-c4ee-4e62-b160-00d2b42878f0', null, null, null, 'N', 'BS000010000100001001', 300, null, null, '单据类型', 0, 'N', null, 'N', null, 'N', '1a47f49f-3b80-4616-b530-9a2955627a66', '0', 'Y', 'Y', null, null, 'billtype', 'N', 'Y', 0, 'N', null, null, '2019-03-17 21:49:59', 0, 0);
INSERT INTO MD_PROPERTY (ACCESSORCLASSNAME, ACCESSPOWER, ACCESSPOWERGROUP, ATTRLENGTH, ATTRMAXVALUE, ATTRMINVALUE, ATTRSEQUENCE, CALCULATION, CLASSID, CREATEINDUSTRY, CREATETIME, CREATOR, CUSTOMATTR, DATATYPE, DATATYPESTYLE, DEFAULTVALUE, DESCRIPTION, DISPLAYNAME, DR, DYNAMICATTR, DYNAMICTABLE, FIXEDLENGTH, HELP, HIDED, ID, INDUSTRY, ISACTIVE, ISAUTHEN, MODIFIER, MODIFYTIME, NAME, NOTSERIALIZE, NULLABLE, PRECISE, READONLY, REFMODELNAME, RESID, TS, VERSIONTYPE, VISIBILITY) VALUES (null, 'N', null, 20, null, null, 23, 'N', '63699954-c4ee-4e62-b160-00d2b42878f0', null, null, null, 'N', 'BS000010000100001051', 300, null, null, '交易类型pk', 0, 'N', null, 'N', null, 'N', '4ef450d9-d469-4abf-b7be-10097418decf', '0', 'Y', 'Y', null, null, 'transtypepk', 'N', 'Y', 0, 'N', null, null, '2019-03-17 21:49:59', 0, 0);
INSERT INTO MD_PROPERTY (ACCESSORCLASSNAME, ACCESSPOWER, ACCESSPOWERGROUP, ATTRLENGTH, ATTRMAXVALUE, ATTRMINVALUE, ATTRSEQUENCE, CALCULATION, CLASSID, CREATEINDUSTRY, CREATETIME, CREATOR, CUSTOMATTR, DATATYPE, DATATYPESTYLE, DEFAULTVALUE, DESCRIPTION, DISPLAYNAME, DR, DYNAMICATTR, DYNAMICTABLE, FIXEDLENGTH, HELP, HIDED, ID, INDUSTRY, ISACTIVE, ISAUTHEN, MODIFIER, MODIFYTIME, NAME, NOTSERIALIZE, NULLABLE, PRECISE, READONLY, REFMODELNAME, RESID, TS, VERSIONTYPE, VISIBILITY) VALUES (null, 'N', null, 50, null, null, 24, 'N', '63699954-c4ee-4e62-b160-00d2b42878f0', null, null, null, 'N', 'BS000010000100001001', 300, null, null, '来源单据类型', 0, 'N', null, 'N', null, 'N', '09659706-f3c8-454e-90c4-737a071a2741', '0', 'Y', 'Y', null, null, 'srcbilltype', 'N', 'Y', 0, 'N', null, null, '2019-03-17 21:49:59', 0, 0);
INSERT INTO MD_PROPERTY (ACCESSORCLASSNAME, ACCESSPOWER, ACCESSPOWERGROUP, ATTRLENGTH, ATTRMAXVALUE, ATTRMINVALUE, ATTRSEQUENCE, CALCULATION, CLASSID, CREATEINDUSTRY, CREATETIME, CREATOR, CUSTOMATTR, DATATYPE, DATATYPESTYLE, DEFAULTVALUE, DESCRIPTION, DISPLAYNAME, DR, DYNAMICATTR, DYNAMICTABLE, FIXEDLENGTH, HELP, HIDED, ID, INDUSTRY, ISACTIVE, ISAUTHEN, MODIFIER, MODIFYTIME, NAME, NOTSERIALIZE, NULLABLE, PRECISE, READONLY, REFMODELNAME, RESID, TS, VERSIONTYPE, VISIBILITY) VALUES (null, 'N', null, 50, null, null, 25, 'N', '63699954-c4ee-4e62-b160-00d2b42878f0', null, null, null, 'N', 'BS000010000100001001', 300, null, null, '来源单据id', 0, 'N', null, 'N', null, 'N', '30b97079-9c90-48d3-951c-37bd0d6c3436', '0', 'Y', 'Y', null, null, 'srcbillid', 'N', 'Y', 0, 'N', null, null, '2019-03-17 21:49:59', 0, 0);
INSERT INTO MD_PROPERTY (ACCESSORCLASSNAME, ACCESSPOWER, ACCESSPOWERGROUP, ATTRLENGTH, ATTRMAXVALUE, ATTRMINVALUE, ATTRSEQUENCE, CALCULATION, CLASSID, CREATEINDUSTRY, CREATETIME, CREATOR, CUSTOMATTR, DATATYPE, DATATYPESTYLE, DEFAULTVALUE, DESCRIPTION, DISPLAYNAME, DR, DYNAMICATTR, DYNAMICTABLE, FIXEDLENGTH, HELP, HIDED, ID, INDUSTRY, ISACTIVE, ISAUTHEN, MODIFIER, MODIFYTIME, NAME, NOTSERIALIZE, NULLABLE, PRECISE, READONLY, REFMODELNAME, RESID, TS, VERSIONTYPE, VISIBILITY) VALUES (null, 'N', null, 50, null, null, 26, 'N', '63699954-c4ee-4e62-b160-00d2b42878f0', null, null, null, 'N', 'BS000010000100001004', 300, null, null, '修订枚举', 0, 'N', null, 'N', null, 'N', '0612cd04-35b4-48fc-a4ea-ba3765771077', '0', 'Y', 'Y', null, null, 'emendenum', 'N', 'Y', 0, 'N', null, null, '2019-03-17 21:49:59', 0, 0);
INSERT INTO MD_PROPERTY (ACCESSORCLASSNAME, ACCESSPOWER, ACCESSPOWERGROUP, ATTRLENGTH, ATTRMAXVALUE, ATTRMINVALUE, ATTRSEQUENCE, CALCULATION, CLASSID, CREATEINDUSTRY, CREATETIME, CREATOR, CUSTOMATTR, DATATYPE, DATATYPESTYLE, DEFAULTVALUE, DESCRIPTION, DISPLAYNAME, DR, DYNAMICATTR, DYNAMICTABLE, FIXEDLENGTH, HELP, HIDED, ID, INDUSTRY, ISACTIVE, ISAUTHEN, MODIFIER, MODIFYTIME, NAME, NOTSERIALIZE, NULLABLE, PRECISE, READONLY, REFMODELNAME, RESID, TS, VERSIONTYPE, VISIBILITY) VALUES (null, 'N', null, 50, null, null, 27, 'N', '63699954-c4ee-4e62-b160-00d2b42878f0', null, null, null, 'N', 'BS000010000100001001', 300, null, null, '单据版本pk', 0, 'N', null, 'N', null, 'N', 'daac6afa-da0b-4d4b-b31f-711e037d0d75', '0', 'Y', 'Y', null, null, 'billversionpk', 'N', 'Y', 0, 'N', null, null, '2019-03-17 21:49:59', 0, 0);
INSERT INTO MD_PROPERTY (ACCESSORCLASSNAME, ACCESSPOWER, ACCESSPOWERGROUP, ATTRLENGTH, ATTRMAXVALUE, ATTRMINVALUE, ATTRSEQUENCE, CALCULATION, CLASSID, CREATEINDUSTRY, CREATETIME, CREATOR, CUSTOMATTR, DATATYPE, DATATYPESTYLE, DEFAULTVALUE, DESCRIPTION, DISPLAYNAME, DR, DYNAMICATTR, DYNAMICTABLE, FIXEDLENGTH, HELP, HIDED, ID, INDUSTRY, ISACTIVE, ISAUTHEN, MODIFIER, MODIFYTIME, NAME, NOTSERIALIZE, NULLABLE, PRECISE, READONLY, REFMODELNAME, RESID, TS, VERSIONTYPE, VISIBILITY) VALUES (null, 'N', null, 20, null, null, 0, 'N', '947de03d-2de3-48f7-a3b6-f038138d0487', null, null, null, 'N', 'BS000010000100001051', 300, null, null, '参数行主键', 0, 'N', null, 'N', null, 'N', 'b8138fe0-9ebd-4d4f-949a-c6a1659502f1', '0', 'Y', 'Y', null, null, 'pk_task_r', 'N', 'N', 0, 'N', null, null, '2019-03-17 21:49:59', 0, 0);
INSERT INTO MD_PROPERTY (ACCESSORCLASSNAME, ACCESSPOWER, ACCESSPOWERGROUP, ATTRLENGTH, ATTRMAXVALUE, ATTRMINVALUE, ATTRSEQUENCE, CALCULATION, CLASSID, CREATEINDUSTRY, CREATETIME, CREATOR, CUSTOMATTR, DATATYPE, DATATYPESTYLE, DEFAULTVALUE, DESCRIPTION, DISPLAYNAME, DR, DYNAMICATTR, DYNAMICTABLE, FIXEDLENGTH, HELP, HIDED, ID, INDUSTRY, ISACTIVE, ISAUTHEN, MODIFIER, MODIFYTIME, NAME, NOTSERIALIZE, NULLABLE, PRECISE, READONLY, REFMODELNAME, RESID, TS, VERSIONTYPE, VISIBILITY) VALUES (null, 'N', null, 20, null, null, 1, 'N', '947de03d-2de3-48f7-a3b6-f038138d0487', null, null, null, 'N', '85efe9e1-3bc2-492e-a92a-f52d3acff25d', 305, null, null, '样品组别', 0, 'N', null, 'N', null, 'N', 'a76c1e7e-198a-485b-88a5-40c5079900a2', '0', 'Y', 'Y', null, null, 'pk_samplegroup', 'N', 'Y', 0, 'N', '自定义档案', null, '2019-03-17 21:49:59', 0, 0);
INSERT INTO MD_PROPERTY (ACCESSORCLASSNAME, ACCESSPOWER, ACCESSPOWERGROUP, ATTRLENGTH, ATTRMAXVALUE, ATTRMINVALUE, ATTRSEQUENCE, CALCULATION, CLASSID, CREATEINDUSTRY, CREATETIME, CREATOR, CUSTOMATTR, DATATYPE, DATATYPESTYLE, DEFAULTVALUE, DESCRIPTION, DISPLAYNAME, DR, DYNAMICATTR, DYNAMICTABLE, FIXEDLENGTH, HELP, HIDED, ID, INDUSTRY, ISACTIVE, ISAUTHEN, MODIFIER, MODIFYTIME, NAME, NOTSERIALIZE, NULLABLE, PRECISE, READONLY, REFMODELNAME, RESID, TS, VERSIONTYPE, VISIBILITY) VALUES (null, 'N', null, 28, null, null, 2, 'N', '947de03d-2de3-48f7-a3b6-f038138d0487', null, null, null, 'N', 'BS000010000100001031', 300, null, null, '最小值', 0, 'N', null, 'N', null, 'N', '54f10dcf-0d77-479c-9aad-d087133ed664', '0', 'Y', 'Y', null, null, 'stdminvalue', 'N', 'Y', 8, 'N', null, null, '2019-03-17 21:49:59', 0, 0);
INSERT INTO MD_PROPERTY (ACCESSORCLASSNAME, ACCESSPOWER, ACCESSPOWERGROUP, ATTRLENGTH, ATTRMAXVALUE, ATTRMINVALUE, ATTRSEQUENCE, CALCULATION, CLASSID, CREATEINDUSTRY, CREATETIME, CREATOR, CUSTOMATTR, DATATYPE, DATATYPESTYLE, DEFAULTVALUE, DESCRIPTION, DISPLAYNAME, DR, DYNAMICATTR, DYNAMICTABLE, FIXEDLENGTH, HELP, HIDED, ID, INDUSTRY, ISACTIVE, ISAUTHEN, MODIFIER, MODIFYTIME, NAME, NOTSERIALIZE, NULLABLE, PRECISE, READONLY, REFMODELNAME, RESID, TS, VERSIONTYPE, VISIBILITY) VALUES (null, 'N', null, 28, null, null, 3, 'N', '947de03d-2de3-48f7-a3b6-f038138d0487', null, null, null, 'N', 'BS000010000100001031', 300, null, null, '最大值', 0, 'N', null, 'N', null, 'N', '41d0e016-56c0-4320-966e-58efc004dbc9', '0', 'Y', 'Y', null, null, 'stdmaxvalue', 'N', 'Y', 8, 'N', null, null, '2019-03-17 21:49:59', 0, 0);
INSERT INTO MD_PROPERTY (ACCESSORCLASSNAME, ACCESSPOWER, ACCESSPOWERGROUP, ATTRLENGTH, ATTRMAXVALUE, ATTRMINVALUE, ATTRSEQUENCE, CALCULATION, CLASSID, CREATEINDUSTRY, CREATETIME, CREATOR, CUSTOMATTR, DATATYPE, DATATYPESTYLE, DEFAULTVALUE, DESCRIPTION, DISPLAYNAME, DR, DYNAMICATTR, DYNAMICTABLE, FIXEDLENGTH, HELP, HIDED, ID, INDUSTRY, ISACTIVE, ISAUTHEN, MODIFIER, MODIFYTIME, NAME, NOTSERIALIZE, NULLABLE, PRECISE, READONLY, REFMODELNAME, RESID, TS, VERSIONTYPE, VISIBILITY) VALUES (null, 'N', null, 50, null, null, 4, 'N', '947de03d-2de3-48f7-a3b6-f038138d0487', null, null, null, 'N', 'BS000010000100001001', 300, null, null, '单位', 0, 'N', null, 'N', null, 'N', '906f9abc-6127-4be0-b4db-25d47784c197', '0', 'Y', 'Y', null, null, 'pk_unit', 'N', 'Y', 0, 'N', null, null, '2019-03-17 21:49:59', 0, 0);
INSERT INTO MD_PROPERTY (ACCESSORCLASSNAME, ACCESSPOWER, ACCESSPOWERGROUP, ATTRLENGTH, ATTRMAXVALUE, ATTRMINVALUE, ATTRSEQUENCE, CALCULATION, CLASSID, CREATEINDUSTRY, CREATETIME, CREATOR, CUSTOMATTR, DATATYPE, DATATYPESTYLE, DEFAULTVALUE, DESCRIPTION, DISPLAYNAME, DR, DYNAMICATTR, DYNAMICTABLE, FIXEDLENGTH, HELP, HIDED, ID, INDUSTRY, ISACTIVE, ISAUTHEN, MODIFIER, MODIFYTIME, NAME, NOTSERIALIZE, NULLABLE, PRECISE, READONLY, REFMODELNAME, RESID, TS, VERSIONTYPE, VISIBILITY) VALUES (null, 'N', null, 1, null, null, 5, 'N', '947de03d-2de3-48f7-a3b6-f038138d0487', null, null, null, 'N', 'BS000010000100001032', 300, null, null, '测试标记', 0, 'N', null, 'N', null, 'N', '4c00a806-d457-4ba3-90d0-ea444530fc3d', '0', 'Y', 'Y', null, null, 'testflag', 'N', 'Y', 0, 'N', null, null, '2019-03-17 21:49:59', 0, 0);
INSERT INTO MD_PROPERTY (ACCESSORCLASSNAME, ACCESSPOWER, ACCESSPOWERGROUP, ATTRLENGTH, ATTRMAXVALUE, ATTRMINVALUE, ATTRSEQUENCE, CALCULATION, CLASSID, CREATEINDUSTRY, CREATETIME, CREATOR, CUSTOMATTR, DATATYPE, DATATYPESTYLE, DEFAULTVALUE, DESCRIPTION, DISPLAYNAME, DR, DYNAMICATTR, DYNAMICTABLE, FIXEDLENGTH, HELP, HIDED, ID, INDUSTRY, ISACTIVE, ISAUTHEN, MODIFIER, MODIFYTIME, NAME, NOTSERIALIZE, NULLABLE, PRECISE, READONLY, REFMODELNAME, RESID, TS, VERSIONTYPE, VISIBILITY) VALUES (null, 'N', null, 1, null, null, 6, 'N', '947de03d-2de3-48f7-a3b6-f038138d0487', null, null, null, 'N', 'BS000010000100001032', 300, null, null, '判定标记', 0, 'N', null, 'N', null, 'N', '1507eb03-74e5-4581-819d-b125656ffea0', '0', 'Y', 'Y', null, null, 'judgeflag', 'N', 'Y', 0, 'N', null, null, '2019-03-17 21:49:59', 0, 0);
INSERT INTO MD_PROPERTY (ACCESSORCLASSNAME, ACCESSPOWER, ACCESSPOWERGROUP, ATTRLENGTH, ATTRMAXVALUE, ATTRMINVALUE, ATTRSEQUENCE, CALCULATION, CLASSID, CREATEINDUSTRY, CREATETIME, CREATOR, CUSTOMATTR, DATATYPE, DATATYPESTYLE, DEFAULTVALUE, DESCRIPTION, DISPLAYNAME, DR, DYNAMICATTR, DYNAMICTABLE, FIXEDLENGTH, HELP, HIDED, ID, INDUSTRY, ISACTIVE, ISAUTHEN, MODIFIER, MODIFYTIME, NAME, NOTSERIALIZE, NULLABLE, PRECISE, READONLY, REFMODELNAME, RESID, TS, VERSIONTYPE, VISIBILITY) VALUES (null, 'N', null, 50, null, null, 7, 'N', '947de03d-2de3-48f7-a3b6-f038138d0487', null, null, null, 'N', 'BS000010000100001001', 300, null, null, '测试温度', 0, 'N', null, 'N', null, 'N', 'b9382d82-416a-4b12-be23-5414155a35fd', '0', 'Y', 'Y', null, null, 'pk_testtemperature', 'N', 'Y', 0, 'N', null, null, '2019-03-17 21:49:59', 0, 0);
INSERT INTO MD_PROPERTY (ACCESSORCLASSNAME, ACCESSPOWER, ACCESSPOWERGROUP, ATTRLENGTH, ATTRMAXVALUE, ATTRMINVALUE, ATTRSEQUENCE, CALCULATION, CLASSID, CREATEINDUSTRY, CREATETIME, CREATOR, CUSTOMATTR, DATATYPE, DATATYPESTYLE, DEFAULTVALUE, DESCRIPTION, DISPLAYNAME, DR, DYNAMICATTR, DYNAMICTABLE, FIXEDLENGTH, HELP, HIDED, ID, INDUSTRY, ISACTIVE, ISAUTHEN, MODIFIER, MODIFYTIME, NAME, NOTSERIALIZE, NULLABLE, PRECISE, READONLY, REFMODELNAME, RESID, TS, VERSIONTYPE, VISIBILITY) VALUES (null, 'N', null, 50, null, null, 8, 'N', '947de03d-2de3-48f7-a3b6-f038138d0487', null, null, null, 'N', 'BS000010000100001001', 300, null, null, '实验参数名称', 0, 'N', null, 'N', null, 'N', '17cd7127-d2fe-412c-94a0-6dd07f6bc374', '0', 'Y', 'Y', null, null, 'analysisname', 'N', 'Y', 0, 'N', null, null, '2019-03-17 21:49:59', 0, 0);
INSERT INTO MD_PROPERTY (ACCESSORCLASSNAME, ACCESSPOWER, ACCESSPOWERGROUP, ATTRLENGTH, ATTRMAXVALUE, ATTRMINVALUE, ATTRSEQUENCE, CALCULATION, CLASSID, CREATEINDUSTRY, CREATETIME, CREATOR, CUSTOMATTR, DATATYPE, DATATYPESTYLE, DEFAULTVALUE, DESCRIPTION, DISPLAYNAME, DR, DYNAMICATTR, DYNAMICTABLE, FIXEDLENGTH, HELP, HIDED, ID, INDUSTRY, ISACTIVE, ISAUTHEN, MODIFIER, MODIFYTIME, NAME, NOTSERIALIZE, NULLABLE, PRECISE, READONLY, REFMODELNAME, RESID, TS, VERSIONTYPE, VISIBILITY) VALUES (null, 'N', null, 20, null, null, 9, 'N', '947de03d-2de3-48f7-a3b6-f038138d0487', null, null, null, 'N', '85efe9e1-3bc2-492e-a92a-f52d3acff25d', 305, null, null, '参数项', 0, 'N', null, 'N', null, 'N', '333673d4-851f-4631-9227-2ed0b96d5035', '0', 'Y', 'Y', null, null, 'pk_component', 'N', 'Y', 0, 'N', '自定义档案', null, '2019-03-17 21:49:59', 0, 0);
INSERT INTO MD_PROPERTY (ACCESSORCLASSNAME, ACCESSPOWER, ACCESSPOWERGROUP, ATTRLENGTH, ATTRMAXVALUE, ATTRMINVALUE, ATTRSEQUENCE, CALCULATION, CLASSID, CREATEINDUSTRY, CREATETIME, CREATOR, CUSTOMATTR, DATATYPE, DATATYPESTYLE, DEFAULTVALUE, DESCRIPTION, DISPLAYNAME, DR, DYNAMICATTR, DYNAMICTABLE, FIXEDLENGTH, HELP, HIDED, ID, INDUSTRY, ISACTIVE, ISAUTHEN, MODIFIER, MODIFYTIME, NAME, NOTSERIALIZE, NULLABLE, PRECISE, READONLY, REFMODELNAME, RESID, TS, VERSIONTYPE, VISIBILITY) VALUES (null, 'N', null, 20, null, null, 10, 'N', '947de03d-2de3-48f7-a3b6-f038138d0487', null, null, null, 'N', '85efe9e1-3bc2-492e-a92a-f52d3acff25d', 305, null, null, '值类型', 0, 'N', null, 'N', null, 'N', '7be799da-bf6b-4b3d-9fa0-5cb0d2fbdb50', '0', 'Y', 'Y', null, null, 'valuetype', 'N', 'Y', 0, 'N', '自定义档案', null, '2019-03-17 21:49:59', 0, 0);
INSERT INTO MD_PROPERTY (ACCESSORCLASSNAME, ACCESSPOWER, ACCESSPOWERGROUP, ATTRLENGTH, ATTRMAXVALUE, ATTRMINVALUE, ATTRSEQUENCE, CALCULATION, CLASSID, CREATEINDUSTRY, CREATETIME, CREATOR, CUSTOMATTR, DATATYPE, DATATYPESTYLE, DEFAULTVALUE, DESCRIPTION, DISPLAYNAME, DR, DYNAMICATTR, DYNAMICTABLE, FIXEDLENGTH, HELP, HIDED, ID, INDUSTRY, ISACTIVE, ISAUTHEN, MODIFIER, MODIFYTIME, NAME, NOTSERIALIZE, NULLABLE, PRECISE, READONLY, REFMODELNAME, RESID, TS, VERSIONTYPE, VISIBILITY) VALUES (null, 'N', null, 20, null, null, 0, 'N', 'd12067e1-90c0-4cf5-9e72-77bc9d7e3354', null, null, null, 'N', 'BS000010000100001051', 300, null, null, '任务行主键', 0, 'N', null, 'N', null, 'N', 'a273330d-83bf-48a7-9463-634352b81c09', '0', 'Y', 'Y', null, null, 'pk_task_b', 'N', 'N', 0, 'N', null, null, '2019-03-17 21:49:59', 0, 0);
INSERT INTO MD_PROPERTY (ACCESSORCLASSNAME, ACCESSPOWER, ACCESSPOWERGROUP, ATTRLENGTH, ATTRMAXVALUE, ATTRMINVALUE, ATTRSEQUENCE, CALCULATION, CLASSID, CREATEINDUSTRY, CREATETIME, CREATOR, CUSTOMATTR, DATATYPE, DATATYPESTYLE, DEFAULTVALUE, DESCRIPTION, DISPLAYNAME, DR, DYNAMICATTR, DYNAMICTABLE, FIXEDLENGTH, HELP, HIDED, ID, INDUSTRY, ISACTIVE, ISAUTHEN, MODIFIER, MODIFYTIME, NAME, NOTSERIALIZE, NULLABLE, PRECISE, READONLY, REFMODELNAME, RESID, TS, VERSIONTYPE, VISIBILITY) VALUES (null, 'N', null, 50, null, null, 1, 'N', 'd12067e1-90c0-4cf5-9e72-77bc9d7e3354', null, null, null, 'N', 'BS000010000100001001', 300, null, null, '任务编号', 0, 'N', null, 'N', null, 'N', 'd21bfdea-e8cc-48e2-9f3a-cb07d9038220', '0', 'Y', 'Y', null, null, 'taskcode', 'N', 'Y', 0, 'N', null, null, '2019-03-17 21:49:59', 0, 0);
INSERT INTO MD_PROPERTY (ACCESSORCLASSNAME, ACCESSPOWER, ACCESSPOWERGROUP, ATTRLENGTH, ATTRMAXVALUE, ATTRMINVALUE, ATTRSEQUENCE, CALCULATION, CLASSID, CREATEINDUSTRY, CREATETIME, CREATOR, CUSTOMATTR, DATATYPE, DATATYPESTYLE, DEFAULTVALUE, DESCRIPTION, DISPLAYNAME, DR, DYNAMICATTR, DYNAMICTABLE, FIXEDLENGTH, HELP, HIDED, ID, INDUSTRY, ISACTIVE, ISAUTHEN, MODIFIER, MODIFYTIME, NAME, NOTSERIALIZE, NULLABLE, PRECISE, READONLY, REFMODELNAME, RESID, TS, VERSIONTYPE, VISIBILITY) VALUES (null, 'N', null, 20, null, null, 2, 'N', 'd12067e1-90c0-4cf5-9e72-77bc9d7e3354', null, null, null, 'N', '85efe9e1-3bc2-492e-a92a-f52d3acff25d', 305, null, null, '任务名称', 0, 'N', null, 'N', null, 'N', '1e4d0f6b-cc40-4619-ad96-68158569a0ba', '0', 'Y', 'Y', null, null, 'taskname', 'N', 'Y', 0, 'N', '自定义档案', null, '2019-03-17 21:49:59', 0, 0);
INSERT INTO MD_PROPERTY (ACCESSORCLASSNAME, ACCESSPOWER, ACCESSPOWERGROUP, ATTRLENGTH, ATTRMAXVALUE, ATTRMINVALUE, ATTRSEQUENCE, CALCULATION, CLASSID, CREATEINDUSTRY, CREATETIME, CREATOR, CUSTOMATTR, DATATYPE, DATATYPESTYLE, DEFAULTVALUE, DESCRIPTION, DISPLAYNAME, DR, DYNAMICATTR, DYNAMICTABLE, FIXEDLENGTH, HELP, HIDED, ID, INDUSTRY, ISACTIVE, ISAUTHEN, MODIFIER, MODIFYTIME, NAME, NOTSERIALIZE, NULLABLE, PRECISE, READONLY, REFMODELNAME, RESID, TS, VERSIONTYPE, VISIBILITY) VALUES (null, 'N', null, 16, null, null, 3, 'N', 'd12067e1-90c0-4cf5-9e72-77bc9d7e3354', null, null, null, 'N', 'BS000010000100001004', 300, null, null, '执行顺序', 0, 'N', null, 'N', null, 'N', '823d820a-f788-4850-b02c-9c0fb1ed4ea3', '0', 'Y', 'Y', null, null, 'runorder', 'N', 'Y', 0, 'N', null, null, '2019-03-17 21:49:59', 0, 0);
INSERT INTO MD_PROPERTY (ACCESSORCLASSNAME, ACCESSPOWER, ACCESSPOWERGROUP, ATTRLENGTH, ATTRMAXVALUE, ATTRMINVALUE, ATTRSEQUENCE, CALCULATION, CLASSID, CREATEINDUSTRY, CREATETIME, CREATOR, CUSTOMATTR, DATATYPE, DATATYPESTYLE, DEFAULTVALUE, DESCRIPTION, DISPLAYNAME, DR, DYNAMICATTR, DYNAMICTABLE, FIXEDLENGTH, HELP, HIDED, ID, INDUSTRY, ISACTIVE, ISAUTHEN, MODIFIER, MODIFYTIME, NAME, NOTSERIALIZE, NULLABLE, PRECISE, READONLY, REFMODELNAME, RESID, TS, VERSIONTYPE, VISIBILITY) VALUES (null, 'N', null, 50, null, null, 4, 'N', 'd12067e1-90c0-4cf5-9e72-77bc9d7e3354', null, null, null, 'N', 'BS000010000100001001', 300, null, null, '行号', 0, 'N', null, 'N', null, 'N', 'b8c6fc01-5b00-4b26-9956-1ac6c631104b', '0', 'Y', 'Y', null, null, 'rowno', 'N', 'Y', 0, 'N', null, null, '2019-03-17 21:49:59', 0, 0);
INSERT INTO MD_PROPERTY (ACCESSORCLASSNAME, ACCESSPOWER, ACCESSPOWERGROUP, ATTRLENGTH, ATTRMAXVALUE, ATTRMINVALUE, ATTRSEQUENCE, CALCULATION, CLASSID, CREATEINDUSTRY, CREATETIME, CREATOR, CUSTOMATTR, DATATYPE, DATATYPESTYLE, DEFAULTVALUE, DESCRIPTION, DISPLAYNAME, DR, DYNAMICATTR, DYNAMICTABLE, FIXEDLENGTH, HELP, HIDED, ID, INDUSTRY, ISACTIVE, ISAUTHEN, MODIFIER, MODIFYTIME, NAME, NOTSERIALIZE, NULLABLE, PRECISE, READONLY, REFMODELNAME, RESID, TS, VERSIONTYPE, VISIBILITY) VALUES (null, 'N', null, 20, null, null, 5, 'N', 'd12067e1-90c0-4cf5-9e72-77bc9d7e3354', null, null, null, 'N', '85efe9e1-3bc2-492e-a92a-f52d3acff25d', 305, null, null, '测试条件', 0, 'N', null, 'N', null, 'N', 'd04103ed-4f33-46f4-8090-e6be3a34860c', '0', 'Y', 'Y', null, null, 'pk_testcondition', 'N', 'Y', 0, 'N', '自定义档案', null, '2019-03-17 21:49:59', 0, 0);
INSERT INTO MD_PROPERTY (ACCESSORCLASSNAME, ACCESSPOWER, ACCESSPOWERGROUP, ATTRLENGTH, ATTRMAXVALUE, ATTRMINVALUE, ATTRSEQUENCE, CALCULATION, CLASSID, CREATEINDUSTRY, CREATETIME, CREATOR, CUSTOMATTR, DATATYPE, DATATYPESTYLE, DEFAULTVALUE, DESCRIPTION, DISPLAYNAME, DR, DYNAMICATTR, DYNAMICTABLE, FIXEDLENGTH, HELP, HIDED, ID, INDUSTRY, ISACTIVE, ISAUTHEN, MODIFIER, MODIFYTIME, NAME, NOTSERIALIZE, NULLABLE, PRECISE, READONLY, REFMODELNAME, RESID, TS, VERSIONTYPE, VISIBILITY) VALUES (null, 'N', null, 20, null, null, 6, 'N', 'd12067e1-90c0-4cf5-9e72-77bc9d7e3354', null, null, null, 'N', '85efe9e1-3bc2-492e-a92a-f52d3acff25d', 305, null, null, '测试结果名称', 0, 'N', null, 'N', null, 'N', 'ae72ce7b-bb2c-4d62-aea9-0e921ddf2ed4', '0', 'Y', 'Y', null, null, 'pk_testresultname', 'N', 'Y', 0, 'N', '自定义档案', null, '2019-03-17 21:49:59', 0, 0);
INSERT INTO MD_PROPERTY (ACCESSORCLASSNAME, ACCESSPOWER, ACCESSPOWERGROUP, ATTRLENGTH, ATTRMAXVALUE, ATTRMINVALUE, ATTRSEQUENCE, CALCULATION, CLASSID, CREATEINDUSTRY, CREATETIME, CREATOR, CUSTOMATTR, DATATYPE, DATATYPESTYLE, DEFAULTVALUE, DESCRIPTION, DISPLAYNAME, DR, DYNAMICATTR, DYNAMICTABLE, FIXEDLENGTH, HELP, HIDED, ID, INDUSTRY, ISACTIVE, ISAUTHEN, MODIFIER, MODIFYTIME, NAME, NOTSERIALIZE, NULLABLE, PRECISE, READONLY, REFMODELNAME, RESID, TS, VERSIONTYPE, VISIBILITY) VALUES (null, 'N', null, 50, null, null, 7, 'N', 'd12067e1-90c0-4cf5-9e72-77bc9d7e3354', null, null, null, 'N', 'BS000010000100001001', 300, null, null, '测试结果短名称', 0, 'N', null, 'N', null, 'N', '9b447023-b0f7-4593-9645-9b07f6d0d66b', '0', 'Y', 'Y', null, null, 'testresultshortname', 'N', 'Y', 0, 'N', null, null, '2019-03-17 21:49:59', 0, 0);
INSERT INTO MD_PROPERTY (ACCESSORCLASSNAME, ACCESSPOWER, ACCESSPOWERGROUP, ATTRLENGTH, ATTRMAXVALUE, ATTRMINVALUE, ATTRSEQUENCE, CALCULATION, CLASSID, CREATEINDUSTRY, CREATETIME, CREATOR, CUSTOMATTR, DATATYPE, DATATYPESTYLE, DEFAULTVALUE, DESCRIPTION, DISPLAYNAME, DR, DYNAMICATTR, DYNAMICTABLE, FIXEDLENGTH, HELP, HIDED, ID, INDUSTRY, ISACTIVE, ISAUTHEN, MODIFIER, MODIFYTIME, NAME, NOTSERIALIZE, NULLABLE, PRECISE, READONLY, REFMODELNAME, RESID, TS, VERSIONTYPE, VISIBILITY) VALUES (null, 'N', null, 50, null, null, 8, 'N', 'd12067e1-90c0-4cf5-9e72-77bc9d7e3354', null, null, null, 'N', 'BS000010000100001001', 300, null, null, 'testnumber', 0, 'N', null, 'N', null, 'N', 'd65c5de9-2bbd-49fe-bd1d-792b9afadd1c', '0', 'Y', 'Y', null, null, 'testnumber', 'N', 'Y', 0, 'N', null, null, '2019-03-17 21:49:59', 0, 0);
INSERT INTO MD_PROPERTY (ACCESSORCLASSNAME, ACCESSPOWER, ACCESSPOWERGROUP, ATTRLENGTH, ATTRMAXVALUE, ATTRMINVALUE, ATTRSEQUENCE, CALCULATION, CLASSID, CREATEINDUSTRY, CREATETIME, CREATOR, CUSTOMATTR, DATATYPE, DATATYPESTYLE, DEFAULTVALUE, DESCRIPTION, DISPLAYNAME, DR, DYNAMICATTR, DYNAMICTABLE, FIXEDLENGTH, HELP, HIDED, ID, INDUSTRY, ISACTIVE, ISAUTHEN, MODIFIER, MODIFYTIME, NAME, NOTSERIALIZE, NULLABLE, PRECISE, READONLY, REFMODELNAME, RESID, TS, VERSIONTYPE, VISIBILITY) VALUES (null, 'N', null, 50, null, null, 9, 'N', 'd12067e1-90c0-4cf5-9e72-77bc9d7e3354', null, null, null, 'N', 'BS000010000100001001', 300, null, null, '样品分配', 0, 'N', null, 'N', null, 'N', '2ef4d289-ec9a-4584-a340-c508962e494f', '0', 'Y', 'Y', null, null, 'sampleallocation', 'N', 'Y', 0, 'N', null, null, '2019-03-17 21:49:59', 0, 0);
INSERT INTO MD_PROPERTY (ACCESSORCLASSNAME, ACCESSPOWER, ACCESSPOWERGROUP, ATTRLENGTH, ATTRMAXVALUE, ATTRMINVALUE, ATTRSEQUENCE, CALCULATION, CLASSID, CREATEINDUSTRY, CREATETIME, CREATOR, CUSTOMATTR, DATATYPE, DATATYPESTYLE, DEFAULTVALUE, DESCRIPTION, DISPLAYNAME, DR, DYNAMICATTR, DYNAMICTABLE, FIXEDLENGTH, HELP, HIDED, ID, INDUSTRY, ISACTIVE, ISAUTHEN, MODIFIER, MODIFYTIME, NAME, NOTSERIALIZE, NULLABLE, PRECISE, READONLY, REFMODELNAME, RESID, TS, VERSIONTYPE, VISIBILITY) VALUES (null, 'N', null, 28, null, null, 10, 'N', 'd12067e1-90c0-4cf5-9e72-77bc9d7e3354', null, null, null, 'N', 'BS000010000100001031', 300, null, null, '样品数量', 0, 'N', null, 'N', null, 'N', '2a609886-a32e-456b-bad0-9a35485e787a', '0', 'Y', 'Y', null, null, 'samplequantity', 'N', 'Y', 8, 'N', null, null, '2019-03-17 21:49:59', 0, 0);
INSERT INTO MD_PROPERTY (ACCESSORCLASSNAME, ACCESSPOWER, ACCESSPOWERGROUP, ATTRLENGTH, ATTRMAXVALUE, ATTRMINVALUE, ATTRSEQUENCE, CALCULATION, CLASSID, CREATEINDUSTRY, CREATETIME, CREATOR, CUSTOMATTR, DATATYPE, DATATYPESTYLE, DEFAULTVALUE, DESCRIPTION, DISPLAYNAME, DR, DYNAMICATTR, DYNAMICTABLE, FIXEDLENGTH, HELP, HIDED, ID, INDUSTRY, ISACTIVE, ISAUTHEN, MODIFIER, MODIFYTIME, NAME, NOTSERIALIZE, NULLABLE, PRECISE, READONLY, REFMODELNAME, RESID, TS, VERSIONTYPE, VISIBILITY) VALUES (null, 'N', null, 0, null, null, 11, 'N', 'd12067e1-90c0-4cf5-9e72-77bc9d7e3354', null, null, null, 'N', '947de03d-2de3-48f7-a3b6-f038138d0487', 301, null, null, '试验后参数主键', 0, 'N', null, 'N', null, 'N', '24018f11-c6dd-479c-9528-e40e6443f039', '0', 'Y', 'Y', null, null, 'pk_task_r', 'N', 'Y', 0, 'N', null, null, '2019-03-17 21:49:59', 0, 0);
INSERT INTO MD_PROPERTY (ACCESSORCLASSNAME, ACCESSPOWER, ACCESSPOWERGROUP, ATTRLENGTH, ATTRMAXVALUE, ATTRMINVALUE, ATTRSEQUENCE, CALCULATION, CLASSID, CREATEINDUSTRY, CREATETIME, CREATOR, CUSTOMATTR, DATATYPE, DATATYPESTYLE, DEFAULTVALUE, DESCRIPTION, DISPLAYNAME, DR, DYNAMICATTR, DYNAMICTABLE, FIXEDLENGTH, HELP, HIDED, ID, INDUSTRY, ISACTIVE, ISAUTHEN, MODIFIER, MODIFYTIME, NAME, NOTSERIALIZE, NULLABLE, PRECISE, READONLY, REFMODELNAME, RESID, TS, VERSIONTYPE, VISIBILITY) VALUES (null, 'N', null, 0, null, null, 12, 'N', 'd12067e1-90c0-4cf5-9e72-77bc9d7e3354', null, null, null, 'N', '1544b740-8f39-47e7-94f6-4f52437ac7be', 301, null, null, '样品行主键', 0, 'N', null, 'N', null, 'N', '851b9214-eb10-497b-9e59-d8a1580f978c', '0', 'Y', 'Y', null, null, 'pk_task_s', 'N', 'Y', 0, 'N', null, null, '2019-03-17 21:49:59', 0, 0);


INSERT INTO MD_BIZITFMAP (BIZINTERFACEID, BIZITFIMPCLASSNAME, CLASSATTRID, CLASSATTRPATH, CLASSID, DR, INDUSTRY, INTATTRID, TS, VERSIONTYPE) VALUES ('ede1e93f-a86e-4588-b441-9db78f30219f', null, 'd1bb0d08-a3be-4217-ae5f-3a1f0ac261f1', null, '63699954-c4ee-4e62-b160-00d2b42878f0', 0, null, '72145ab5-b7fa-448e-ad62-8e13cd547191', '2019-03-17 21:49:59', null);
INSERT INTO MD_BIZITFMAP (BIZINTERFACEID, BIZITFIMPCLASSNAME, CLASSATTRID, CLASSATTRPATH, CLASSID, DR, INDUSTRY, INTATTRID, TS, VERSIONTYPE) VALUES ('ede1e93f-a86e-4588-b441-9db78f30219f', null, '02dd3b84-3ec0-416f-a0e0-c2f5eb652937', null, '63699954-c4ee-4e62-b160-00d2b42878f0', 0, null, '0c37faa9-6e38-4e27-b596-dabc8d5ad732', '2019-03-17 21:49:59', null);
INSERT INTO MD_BIZITFMAP (BIZINTERFACEID, BIZITFIMPCLASSNAME, CLASSATTRID, CLASSATTRPATH, CLASSID, DR, INDUSTRY, INTATTRID, TS, VERSIONTYPE) VALUES ('2b226ae1-aad9-4abe-a405-36bcacaa94a8', null, 'f1ae5072-7b02-4111-9a2b-fc0e5214b3be', null, '63699954-c4ee-4e62-b160-00d2b42878f0', 0, null, 'e5a2aef6-8d58-416a-b8b7-4dd10e13d788', '2019-03-17 21:49:59', null);
INSERT INTO MD_BIZITFMAP (BIZINTERFACEID, BIZITFIMPCLASSNAME, CLASSATTRID, CLASSATTRPATH, CLASSID, DR, INDUSTRY, INTATTRID, TS, VERSIONTYPE) VALUES ('2b226ae1-aad9-4abe-a405-36bcacaa94a8', null, 'a0090f9a-d028-42c2-b1cd-778ad230a391', null, '63699954-c4ee-4e62-b160-00d2b42878f0', 0, null, '49b6b1ae-cd5b-4b54-99cd-a6bb9fee7343', '2019-03-17 21:49:59', null);
INSERT INTO MD_BIZITFMAP (BIZINTERFACEID, BIZITFIMPCLASSNAME, CLASSATTRID, CLASSATTRPATH, CLASSID, DR, INDUSTRY, INTATTRID, TS, VERSIONTYPE) VALUES ('2b226ae1-aad9-4abe-a405-36bcacaa94a8', null, '1ae44395-d9fd-4d67-9600-26e77f4c9f0d', null, '63699954-c4ee-4e62-b160-00d2b42878f0', 0, null, '54c42368-5a43-4295-a7d4-74d276eed522', '2019-03-17 21:49:59', null);
INSERT INTO MD_BIZITFMAP (BIZINTERFACEID, BIZITFIMPCLASSNAME, CLASSATTRID, CLASSATTRPATH, CLASSID, DR, INDUSTRY, INTATTRID, TS, VERSIONTYPE) VALUES ('2b226ae1-aad9-4abe-a405-36bcacaa94a8', null, '91631470-e0ef-4bdc-8c74-6f4bf10092a9', null, '63699954-c4ee-4e62-b160-00d2b42878f0', 0, null, '0abfd569-b9cf-4c44-a8d9-45979c083b08', '2019-03-17 21:49:59', null);
INSERT INTO MD_BIZITFMAP (BIZINTERFACEID, BIZITFIMPCLASSNAME, CLASSATTRID, CLASSATTRPATH, CLASSID, DR, INDUSTRY, INTATTRID, TS, VERSIONTYPE) VALUES ('6c8722b9-911a-489b-8d0d-18bd3734fcf6', null, '18dffa8e-66ca-49ee-baf6-4110078200ba', null, '63699954-c4ee-4e62-b160-00d2b42878f0', 0, null, '5dd3c721-22ad-42b1-9c10-4351c236bc77', '2019-03-17 21:49:59', null);
INSERT INTO MD_BIZITFMAP (BIZINTERFACEID, BIZITFIMPCLASSNAME, CLASSATTRID, CLASSATTRPATH, CLASSID, DR, INDUSTRY, INTATTRID, TS, VERSIONTYPE) VALUES ('6c8722b9-911a-489b-8d0d-18bd3734fcf6', null, null, null, '63699954-c4ee-4e62-b160-00d2b42878f0', 0, null, 'c8334364-7ab9-4266-8d4b-e74537935e46', '2019-03-17 21:49:59', null);
INSERT INTO MD_BIZITFMAP (BIZINTERFACEID, BIZITFIMPCLASSNAME, CLASSATTRID, CLASSATTRPATH, CLASSID, DR, INDUSTRY, INTATTRID, TS, VERSIONTYPE) VALUES ('6c8722b9-911a-489b-8d0d-18bd3734fcf6', null, 'd1bb0d08-a3be-4217-ae5f-3a1f0ac261f1', null, '63699954-c4ee-4e62-b160-00d2b42878f0', 0, null, 'ecf1b76a-6e44-42e2-a55e-87596504775b', '2019-03-17 21:49:59', null);
INSERT INTO MD_BIZITFMAP (BIZINTERFACEID, BIZITFIMPCLASSNAME, CLASSATTRID, CLASSATTRPATH, CLASSID, DR, INDUSTRY, INTATTRID, TS, VERSIONTYPE) VALUES ('6c8722b9-911a-489b-8d0d-18bd3734fcf6', null, null, null, '63699954-c4ee-4e62-b160-00d2b42878f0', 0, null, 'd32cc17b-f415-415a-923f-0764443eb102', '2019-03-17 21:49:59', null);
INSERT INTO MD_BIZITFMAP (BIZINTERFACEID, BIZITFIMPCLASSNAME, CLASSATTRID, CLASSATTRPATH, CLASSID, DR, INDUSTRY, INTATTRID, TS, VERSIONTYPE) VALUES ('6c8722b9-911a-489b-8d0d-18bd3734fcf6', null, null, null, '63699954-c4ee-4e62-b160-00d2b42878f0', 0, null, '89578a97-42fe-439b-827c-8eabd9e3604c', '2019-03-17 21:49:59', null);
INSERT INTO MD_BIZITFMAP (BIZINTERFACEID, BIZITFIMPCLASSNAME, CLASSATTRID, CLASSATTRPATH, CLASSID, DR, INDUSTRY, INTATTRID, TS, VERSIONTYPE) VALUES ('6c8722b9-911a-489b-8d0d-18bd3734fcf6', null, 'd1bb0d08-a3be-4217-ae5f-3a1f0ac261f1', null, '63699954-c4ee-4e62-b160-00d2b42878f0', 0, null, 'a47e6cda-09e4-480b-923f-ec6f41e3e06c', '2019-03-17 21:49:59', null);
INSERT INTO MD_BIZITFMAP (BIZINTERFACEID, BIZITFIMPCLASSNAME, CLASSATTRID, CLASSATTRPATH, CLASSID, DR, INDUSTRY, INTATTRID, TS, VERSIONTYPE) VALUES ('cc8a1739-1dca-454c-b8ef-b175b79a3426', null, '3321901c-0a5c-4165-86cc-ce00fa7f08e5', null, '63699954-c4ee-4e62-b160-00d2b42878f0', 0, null, '2d2ee0e2-05b9-4bf5-b263-a39796d4f26b', '2019-03-17 21:49:59', null);
INSERT INTO MD_BIZITFMAP (BIZINTERFACEID, BIZITFIMPCLASSNAME, CLASSATTRID, CLASSATTRPATH, CLASSID, DR, INDUSTRY, INTATTRID, TS, VERSIONTYPE) VALUES ('cc8a1739-1dca-454c-b8ef-b175b79a3426', null, '82b80986-ba3c-49ba-b0e0-f1360d97d4a0', null, '63699954-c4ee-4e62-b160-00d2b42878f0', 0, null, 'da02e89c-df72-4c8c-bfb4-c3ba94a7268c', '2019-03-17 21:49:59', null);
INSERT INTO MD_BIZITFMAP (BIZINTERFACEID, BIZITFIMPCLASSNAME, CLASSATTRID, CLASSATTRPATH, CLASSID, DR, INDUSTRY, INTATTRID, TS, VERSIONTYPE) VALUES ('2fd714f0-b6b0-4aeb-906e-ead92767ce32', null, '17dbc022-4977-4af4-9eb9-7fb685316998', null, '63699954-c4ee-4e62-b160-00d2b42878f0', 0, null, 'eb4f78a8-7a2d-4aa4-9817-f4418d11f25e', '2019-03-17 21:49:59', null);
INSERT INTO MD_BIZITFMAP (BIZINTERFACEID, BIZITFIMPCLASSNAME, CLASSATTRID, CLASSATTRPATH, CLASSID, DR, INDUSTRY, INTATTRID, TS, VERSIONTYPE) VALUES ('2fd714f0-b6b0-4aeb-906e-ead92767ce32', null, '4f7e120d-51a3-491c-9878-5540faba9f30', null, '63699954-c4ee-4e62-b160-00d2b42878f0', 0, null, 'd0eab74e-d8cd-4bba-bfa1-4920b307b565', '2019-03-17 21:49:59', null);
INSERT INTO MD_BIZITFMAP (BIZINTERFACEID, BIZITFIMPCLASSNAME, CLASSATTRID, CLASSATTRPATH, CLASSID, DR, INDUSTRY, INTATTRID, TS, VERSIONTYPE) VALUES ('2fd714f0-b6b0-4aeb-906e-ead92767ce32', null, 'd1bb0d08-a3be-4217-ae5f-3a1f0ac261f1', null, '63699954-c4ee-4e62-b160-00d2b42878f0', 0, null, 'ef7713f8-4707-456a-92fe-091785b0c65e', '2019-03-17 21:49:59', null);
INSERT INTO MD_BIZITFMAP (BIZINTERFACEID, BIZITFIMPCLASSNAME, CLASSATTRID, CLASSATTRPATH, CLASSID, DR, INDUSTRY, INTATTRID, TS, VERSIONTYPE) VALUES ('2fd714f0-b6b0-4aeb-906e-ead92767ce32', null, '8d88fd05-23d6-4afd-8b0a-d7f94595e0a0', null, '63699954-c4ee-4e62-b160-00d2b42878f0', 0, null, 'aa80f66e-f1e3-47cd-818c-e3218b7e207e', '2019-03-17 21:49:59', null);
INSERT INTO MD_BIZITFMAP (BIZINTERFACEID, BIZITFIMPCLASSNAME, CLASSATTRID, CLASSATTRPATH, CLASSID, DR, INDUSTRY, INTATTRID, TS, VERSIONTYPE) VALUES ('2fd714f0-b6b0-4aeb-906e-ead92767ce32', null, 'be405ee6-cfb4-480b-8448-247a1aa1deb4', null, '63699954-c4ee-4e62-b160-00d2b42878f0', 0, null, '4458032b-f71e-46f5-9826-ce458009d21d', '2019-03-17 21:49:59', null);
INSERT INTO MD_BIZITFMAP (BIZINTERFACEID, BIZITFIMPCLASSNAME, CLASSATTRID, CLASSATTRPATH, CLASSID, DR, INDUSTRY, INTATTRID, TS, VERSIONTYPE) VALUES ('2fd714f0-b6b0-4aeb-906e-ead92767ce32', null, '091f6fe9-0fa1-4ba2-b9d8-798fdebe662a', null, '63699954-c4ee-4e62-b160-00d2b42878f0', 0, null, '826357b1-1210-4ecf-8ebc-4d2dc0ab2813', '2019-03-17 21:49:59', null);
INSERT INTO MD_BIZITFMAP (BIZINTERFACEID, BIZITFIMPCLASSNAME, CLASSATTRID, CLASSATTRPATH, CLASSID, DR, INDUSTRY, INTATTRID, TS, VERSIONTYPE) VALUES ('2fd714f0-b6b0-4aeb-906e-ead92767ce32', null, 'b9097a3b-1499-423d-8210-8e60bf402c97', null, '63699954-c4ee-4e62-b160-00d2b42878f0', 0, null, '0d045cc9-c178-489d-abbf-17c997e3b790', '2019-03-17 21:49:59', null);
INSERT INTO MD_BIZITFMAP (BIZINTERFACEID, BIZITFIMPCLASSNAME, CLASSATTRID, CLASSATTRPATH, CLASSID, DR, INDUSTRY, INTATTRID, TS, VERSIONTYPE) VALUES ('2fd714f0-b6b0-4aeb-906e-ead92767ce32', null, '49e738dc-33a5-4a8e-89b1-8ca0281a9435', null, '63699954-c4ee-4e62-b160-00d2b42878f0', 0, null, 'bf83cd87-aafe-40b1-9545-ed506c8b7214', '2019-03-17 21:49:59', null);
INSERT INTO MD_BIZITFMAP (BIZINTERFACEID, BIZITFIMPCLASSNAME, CLASSATTRID, CLASSATTRPATH, CLASSID, DR, INDUSTRY, INTATTRID, TS, VERSIONTYPE) VALUES ('2fd714f0-b6b0-4aeb-906e-ead92767ce32', null, '14b8c4b0-3024-40c7-93fb-7f0d8506a642', null, '63699954-c4ee-4e62-b160-00d2b42878f0', 0, null, '7d07c873-b21f-4d4c-a21c-92c43b9b7786', '2019-03-17 21:49:59', null);
INSERT INTO MD_BIZITFMAP (BIZINTERFACEID, BIZITFIMPCLASSNAME, CLASSATTRID, CLASSATTRPATH, CLASSID, DR, INDUSTRY, INTATTRID, TS, VERSIONTYPE) VALUES ('2fd714f0-b6b0-4aeb-906e-ead92767ce32', null, 'f9e776f7-ad04-40f1-8164-04fa09a12f72', null, '63699954-c4ee-4e62-b160-00d2b42878f0', 0, null, '9d7601f0-4ed7-4dca-868d-1c2a976fe458', '2019-03-17 21:49:59', null);
INSERT INTO MD_BIZITFMAP (BIZINTERFACEID, BIZITFIMPCLASSNAME, CLASSATTRID, CLASSATTRPATH, CLASSID, DR, INDUSTRY, INTATTRID, TS, VERSIONTYPE) VALUES ('2fd714f0-b6b0-4aeb-906e-ead92767ce32', null, '1a47f49f-3b80-4616-b530-9a2955627a66', null, '63699954-c4ee-4e62-b160-00d2b42878f0', 0, null, 'f82d84cd-d01d-4861-b4f4-4c708ded0c5b', '2019-03-17 21:49:59', null);
INSERT INTO MD_BIZITFMAP (BIZINTERFACEID, BIZITFIMPCLASSNAME, CLASSATTRID, CLASSATTRPATH, CLASSID, DR, INDUSTRY, INTATTRID, TS, VERSIONTYPE) VALUES ('2fd714f0-b6b0-4aeb-906e-ead92767ce32', null, '4ef450d9-d469-4abf-b7be-10097418decf', null, '63699954-c4ee-4e62-b160-00d2b42878f0', 0, null, '06e835cd-ea1d-4fea-b592-b702e228ae57', '2019-03-17 21:49:59', null);
INSERT INTO MD_BIZITFMAP (BIZINTERFACEID, BIZITFIMPCLASSNAME, CLASSATTRID, CLASSATTRPATH, CLASSID, DR, INDUSTRY, INTATTRID, TS, VERSIONTYPE) VALUES ('2fd714f0-b6b0-4aeb-906e-ead92767ce32', null, '09659706-f3c8-454e-90c4-737a071a2741', null, '63699954-c4ee-4e62-b160-00d2b42878f0', 0, null, 'af163711-e50e-4692-8245-7694137d8896', '2019-03-17 21:49:59', null);
INSERT INTO MD_BIZITFMAP (BIZINTERFACEID, BIZITFIMPCLASSNAME, CLASSATTRID, CLASSATTRPATH, CLASSID, DR, INDUSTRY, INTATTRID, TS, VERSIONTYPE) VALUES ('2fd714f0-b6b0-4aeb-906e-ead92767ce32', null, '30b97079-9c90-48d3-951c-37bd0d6c3436', null, '63699954-c4ee-4e62-b160-00d2b42878f0', 0, null, '0bcd812c-4a13-4e86-83a9-24dbbf6e9cc2', '2019-03-17 21:49:59', null);
INSERT INTO MD_BIZITFMAP (BIZINTERFACEID, BIZITFIMPCLASSNAME, CLASSATTRID, CLASSATTRPATH, CLASSID, DR, INDUSTRY, INTATTRID, TS, VERSIONTYPE) VALUES ('2fd714f0-b6b0-4aeb-906e-ead92767ce32', null, '0612cd04-35b4-48fc-a4ea-ba3765771077', null, '63699954-c4ee-4e62-b160-00d2b42878f0', 0, null, 'e47f4da8-b109-472e-b4d9-f70ede7ef35f', '2019-03-17 21:49:59', null);
INSERT INTO MD_BIZITFMAP (BIZINTERFACEID, BIZITFIMPCLASSNAME, CLASSATTRID, CLASSATTRPATH, CLASSID, DR, INDUSTRY, INTATTRID, TS, VERSIONTYPE) VALUES ('2fd714f0-b6b0-4aeb-906e-ead92767ce32', null, 'daac6afa-da0b-4d4b-b31f-711e037d0d75', null, '63699954-c4ee-4e62-b160-00d2b42878f0', 0, null, 'e112362d-181f-48d1-9e04-a96c95ec894a', '2019-03-17 21:49:59', null);
INSERT INTO MD_BIZITFMAP (BIZINTERFACEID, BIZITFIMPCLASSNAME, CLASSATTRID, CLASSATTRPATH, CLASSID, DR, INDUSTRY, INTATTRID, TS, VERSIONTYPE) VALUES ('60bdf1fb-95e3-43dc-8feb-f874de9293eb', null, '18dffa8e-66ca-49ee-baf6-4110078200ba', null, '63699954-c4ee-4e62-b160-00d2b42878f0', 0, null, '25bd08e0-96da-40a6-bfc0-1298b2399f4a', '2019-03-17 21:49:59', null);
INSERT INTO MD_BIZITFMAP (BIZINTERFACEID, BIZITFIMPCLASSNAME, CLASSATTRID, CLASSATTRPATH, CLASSID, DR, INDUSTRY, INTATTRID, TS, VERSIONTYPE) VALUES ('5205ef20-5eae-4c75-bad8-16639152e622', null, null, null, '63699954-c4ee-4e62-b160-00d2b42878f0', 0, null, '5205ef20-5eae-4c75-bad8-16639152e622', '2019-03-17 21:49:59', null);
INSERT INTO MD_BIZITFMAP (BIZINTERFACEID, BIZITFIMPCLASSNAME, CLASSATTRID, CLASSATTRPATH, CLASSID, DR, INDUSTRY, INTATTRID, TS, VERSIONTYPE) VALUES ('ca510be7-0329-4e1f-9ca9-b9d0a6d71ede', null, 'b8c6fc01-5b00-4b26-9956-1ac6c631104b', null, 'd12067e1-90c0-4cf5-9e72-77bc9d7e3354', 0, null, '595de635-7ecb-4cb0-9300-c9e47ffc25f4', '2019-03-17 21:49:59', null);
INSERT INTO MD_BIZITFMAP (BIZINTERFACEID, BIZITFIMPCLASSNAME, CLASSATTRID, CLASSATTRPATH, CLASSID, DR, INDUSTRY, INTATTRID, TS, VERSIONTYPE) VALUES ('ca510be7-0329-4e1f-9ca9-b9d0a6d71ede', null, null, null, 'd12067e1-90c0-4cf5-9e72-77bc9d7e3354', 0, null, '2d99f85f-17d8-4653-849e-f51cf6cfb827', '2019-03-17 21:49:59', null);

INSERT INTO MD_ASSOCIATION (CASCADEDELETE, CASCADEUPDATE, COMPONENTID, CREATETIME, CREATOR, DR, ENDCARDINALITY, ENDELEMENTID, ID, INDUSTRY, ISACTIVE, MODIFIER, MODIFYTIME, NAME, STARTBEANID, STARTCARDINALITY, STARTELEMENTID, TS, TYPE, VERSIONTYPE) VALUES (null, null, 'fc9c262f-4d00-456c-a505-a7cff8626923', '2018-11-12 22:15:24', null, 0, '1..n', 'd12067e1-90c0-4cf5-9e72-77bc9d7e3354', '2eb35b98-8f78-4b9a-91ab-44fc0e4086e1', '0', null, 'YONYOU NC', '2018-11-12 22:15:24', 'Aggregation Relation', '63699954-c4ee-4e62-b160-00d2b42878f0', '1', '13afd598-6edf-45eb-a7c0-497a9dde623f', '2019-03-17 21:49:59', 1, 0);
INSERT INTO MD_ASSOCIATION (CASCADEDELETE, CASCADEUPDATE, COMPONENTID, CREATETIME, CREATOR, DR, ENDCARDINALITY, ENDELEMENTID, ID, INDUSTRY, ISACTIVE, MODIFIER, MODIFYTIME, NAME, STARTBEANID, STARTCARDINALITY, STARTELEMENTID, TS, TYPE, VERSIONTYPE) VALUES (null, null, 'fc9c262f-4d00-456c-a505-a7cff8626923', '2018-11-12 22:25:04', null, 0, '1..n', '1544b740-8f39-47e7-94f6-4f52437ac7be', 'fa74fae5-89bf-406e-81ef-f9e86f838f6d', '0', null, 'YONYOU NC', '2018-11-12 22:25:04', 'Aggregation Relation', 'd12067e1-90c0-4cf5-9e72-77bc9d7e3354', '1', '851b9214-eb10-497b-9e59-d8a1580f978c', '2019-03-17 21:49:59', 1, 0);
INSERT INTO MD_ASSOCIATION (CASCADEDELETE, CASCADEUPDATE, COMPONENTID, CREATETIME, CREATOR, DR, ENDCARDINALITY, ENDELEMENTID, ID, INDUSTRY, ISACTIVE, MODIFIER, MODIFYTIME, NAME, STARTBEANID, STARTCARDINALITY, STARTELEMENTID, TS, TYPE, VERSIONTYPE) VALUES (null, null, 'fc9c262f-4d00-456c-a505-a7cff8626923', '2018-11-12 22:27:27', null, 0, '1..n', '947de03d-2de3-48f7-a3b6-f038138d0487', '1cc5f457-afdb-4175-9c63-e4020041e2d6', '0', null, 'YONYOU NC', '2018-11-12 22:27:27', 'Aggregation Relation', 'd12067e1-90c0-4cf5-9e72-77bc9d7e3354', '1', '24018f11-c6dd-479c-9528-e40e6443f039', '2019-03-17 21:49:59', 1, 0);
INSERT INTO MD_ASSOCIATION (CASCADEDELETE, CASCADEUPDATE, COMPONENTID, CREATETIME, CREATOR, DR, ENDCARDINALITY, ENDELEMENTID, ID, INDUSTRY, ISACTIVE, MODIFIER, MODIFYTIME, NAME, STARTBEANID, STARTCARDINALITY, STARTELEMENTID, TS, TYPE, VERSIONTYPE) VALUES (null, null, 'fc9c262f-4d00-456c-a505-a7cff8626923', null, null, 0, '1', 'fcbcdbe2-c0e7-4d0d-ac3f-6cfeeb0b036a', 'd78aa43c-92cc-4813-a086-84f9e5a64a5e', '0', 'Y', null, null, 'task_h_pk_commission_h', '63699954-c4ee-4e62-b160-00d2b42878f0', '1', 'e167f54f-d416-44ae-ab3e-54572b4093c6', '2019-03-17 21:49:59', 3, 0);
INSERT INTO MD_ASSOCIATION (CASCADEDELETE, CASCADEUPDATE, COMPONENTID, CREATETIME, CREATOR, DR, ENDCARDINALITY, ENDELEMENTID, ID, INDUSTRY, ISACTIVE, MODIFIER, MODIFYTIME, NAME, STARTBEANID, STARTCARDINALITY, STARTELEMENTID, TS, TYPE, VERSIONTYPE) VALUES (null, null, 'fc9c262f-4d00-456c-a505-a7cff8626923', null, null, 0, '1', '3b6dd171-2900-47f3-bfbe-41e4483a2a65', 'af8e7743-3386-4404-814c-22939d3dfcbc', '0', 'Y', null, null, 'task_h_pk_group', '63699954-c4ee-4e62-b160-00d2b42878f0', '1', '24797725-a97a-4b70-bd63-d28abc5ada09', '2019-03-17 21:49:59', 3, 0);
INSERT INTO MD_ASSOCIATION (CASCADEDELETE, CASCADEUPDATE, COMPONENTID, CREATETIME, CREATOR, DR, ENDCARDINALITY, ENDELEMENTID, ID, INDUSTRY, ISACTIVE, MODIFIER, MODIFYTIME, NAME, STARTBEANID, STARTCARDINALITY, STARTELEMENTID, TS, TYPE, VERSIONTYPE) VALUES (null, null, 'fc9c262f-4d00-456c-a505-a7cff8626923', null, null, 0, '1', '985be8a4-3a36-4778-8afe-2d8ed3902659', '86af93cd-b532-4f42-bb6a-1c6a2e5e3d61', '0', 'Y', null, null, 'task_h_pk_org', '63699954-c4ee-4e62-b160-00d2b42878f0', '1', 'd1bb0d08-a3be-4217-ae5f-3a1f0ac261f1', '2019-03-17 21:49:59', 3, 0);
INSERT INTO MD_ASSOCIATION (CASCADEDELETE, CASCADEUPDATE, COMPONENTID, CREATETIME, CREATOR, DR, ENDCARDINALITY, ENDELEMENTID, ID, INDUSTRY, ISACTIVE, MODIFIER, MODIFYTIME, NAME, STARTBEANID, STARTCARDINALITY, STARTELEMENTID, TS, TYPE, VERSIONTYPE) VALUES (null, null, 'fc9c262f-4d00-456c-a505-a7cff8626923', null, null, 0, '1', 'da7bba89-9a59-42d6-a262-c13ef459dbd9', 'bfb8a0cb-f5b8-4a02-8a71-e050cf2414a6', '0', 'Y', null, null, 'task_h_pk_org_v', '63699954-c4ee-4e62-b160-00d2b42878f0', '1', '02dd3b84-3ec0-416f-a0e0-c2f5eb652937', '2019-03-17 21:49:59', 3, 0);
INSERT INTO MD_ASSOCIATION (CASCADEDELETE, CASCADEUPDATE, COMPONENTID, CREATETIME, CREATOR, DR, ENDCARDINALITY, ENDELEMENTID, ID, INDUSTRY, ISACTIVE, MODIFIER, MODIFYTIME, NAME, STARTBEANID, STARTCARDINALITY, STARTELEMENTID, TS, TYPE, VERSIONTYPE) VALUES (null, null, 'fc9c262f-4d00-456c-a505-a7cff8626923', null, null, 0, '1', 'f6f9a473-56c0-432f-8bc7-fbf8fde54fee', 'd5619fbc-cc6e-4135-bbcd-8d6dd6c55252', '0', 'Y', null, null, 'task_h_creator', '63699954-c4ee-4e62-b160-00d2b42878f0', '1', 'f1ae5072-7b02-4111-9a2b-fc0e5214b3be', '2019-03-17 21:49:59', 3, 0);
INSERT INTO MD_ASSOCIATION (CASCADEDELETE, CASCADEUPDATE, COMPONENTID, CREATETIME, CREATOR, DR, ENDCARDINALITY, ENDELEMENTID, ID, INDUSTRY, ISACTIVE, MODIFIER, MODIFYTIME, NAME, STARTBEANID, STARTCARDINALITY, STARTELEMENTID, TS, TYPE, VERSIONTYPE) VALUES (null, null, 'fc9c262f-4d00-456c-a505-a7cff8626923', null, null, 0, '1', 'f6f9a473-56c0-432f-8bc7-fbf8fde54fee', 'f18d37a0-d347-4442-a80b-6a14feceba40', '0', 'Y', null, null, 'task_h_modifier', '63699954-c4ee-4e62-b160-00d2b42878f0', '1', '1ae44395-d9fd-4d67-9600-26e77f4c9f0d', '2019-03-17 21:49:59', 3, 0);
INSERT INTO MD_ASSOCIATION (CASCADEDELETE, CASCADEUPDATE, COMPONENTID, CREATETIME, CREATOR, DR, ENDCARDINALITY, ENDELEMENTID, ID, INDUSTRY, ISACTIVE, MODIFIER, MODIFYTIME, NAME, STARTBEANID, STARTCARDINALITY, STARTELEMENTID, TS, TYPE, VERSIONTYPE) VALUES (null, null, 'fc9c262f-4d00-456c-a505-a7cff8626923', null, null, 0, '1', '85efe9e1-3bc2-492e-a92a-f52d3acff25d', '8e039d56-eb02-4aec-9de3-4f3adc72da1f', '0', 'Y', null, null, 'task_b_taskname', 'd12067e1-90c0-4cf5-9e72-77bc9d7e3354', '1', '1e4d0f6b-cc40-4619-ad96-68158569a0ba', '2019-03-17 21:49:59', 3, 0);
INSERT INTO MD_ASSOCIATION (CASCADEDELETE, CASCADEUPDATE, COMPONENTID, CREATETIME, CREATOR, DR, ENDCARDINALITY, ENDELEMENTID, ID, INDUSTRY, ISACTIVE, MODIFIER, MODIFYTIME, NAME, STARTBEANID, STARTCARDINALITY, STARTELEMENTID, TS, TYPE, VERSIONTYPE) VALUES (null, null, 'fc9c262f-4d00-456c-a505-a7cff8626923', null, null, 0, '1', '85efe9e1-3bc2-492e-a92a-f52d3acff25d', '80a99e0d-9a68-40d8-8f69-bca61474af8e', '0', 'Y', null, null, 'task_b_pk_testcondition', 'd12067e1-90c0-4cf5-9e72-77bc9d7e3354', '1', 'd04103ed-4f33-46f4-8090-e6be3a34860c', '2019-03-17 21:49:59', 3, 0);
INSERT INTO MD_ASSOCIATION (CASCADEDELETE, CASCADEUPDATE, COMPONENTID, CREATETIME, CREATOR, DR, ENDCARDINALITY, ENDELEMENTID, ID, INDUSTRY, ISACTIVE, MODIFIER, MODIFYTIME, NAME, STARTBEANID, STARTCARDINALITY, STARTELEMENTID, TS, TYPE, VERSIONTYPE) VALUES (null, null, 'fc9c262f-4d00-456c-a505-a7cff8626923', null, null, 0, '1', '85efe9e1-3bc2-492e-a92a-f52d3acff25d', 'b2ba3fa0-d4ac-460b-aba9-83a467a266bf', '0', 'Y', null, null, 'task_b_pk_testresultname', 'd12067e1-90c0-4cf5-9e72-77bc9d7e3354', '1', 'ae72ce7b-bb2c-4d62-aea9-0e921ddf2ed4', '2019-03-17 21:49:59', 3, 0);
INSERT INTO MD_ASSOCIATION (CASCADEDELETE, CASCADEUPDATE, COMPONENTID, CREATETIME, CREATOR, DR, ENDCARDINALITY, ENDELEMENTID, ID, INDUSTRY, ISACTIVE, MODIFIER, MODIFYTIME, NAME, STARTBEANID, STARTCARDINALITY, STARTELEMENTID, TS, TYPE, VERSIONTYPE) VALUES (null, null, 'fc9c262f-4d00-456c-a505-a7cff8626923', null, null, 0, '1', '85efe9e1-3bc2-492e-a92a-f52d3acff25d', 'f9e2e47e-fc32-4e2e-95cf-76b0258bcbe6', '0', 'Y', null, null, 'task_s_pk_testconditionitem', '1544b740-8f39-47e7-94f6-4f52437ac7be', '1', '9b32b381-a314-4447-bcc8-868d58d32676', '2019-03-17 21:49:59', 3, 0);
INSERT INTO MD_ASSOCIATION (CASCADEDELETE, CASCADEUPDATE, COMPONENTID, CREATETIME, CREATOR, DR, ENDCARDINALITY, ENDELEMENTID, ID, INDUSTRY, ISACTIVE, MODIFIER, MODIFYTIME, NAME, STARTBEANID, STARTCARDINALITY, STARTELEMENTID, TS, TYPE, VERSIONTYPE) VALUES (null, null, 'fc9c262f-4d00-456c-a505-a7cff8626923', null, null, 0, '1', '85efe9e1-3bc2-492e-a92a-f52d3acff25d', 'b96671b2-0d71-4450-a70f-53be215cbfb9', '0', 'Y', null, null, 'task_s_instrument', '1544b740-8f39-47e7-94f6-4f52437ac7be', '1', '4280abc6-bddd-4935-990c-7f81d6dda07d', '2019-03-17 21:49:59', 3, 0);
INSERT INTO MD_ASSOCIATION (CASCADEDELETE, CASCADEUPDATE, COMPONENTID, CREATETIME, CREATOR, DR, ENDCARDINALITY, ENDELEMENTID, ID, INDUSTRY, ISACTIVE, MODIFIER, MODIFYTIME, NAME, STARTBEANID, STARTCARDINALITY, STARTELEMENTID, TS, TYPE, VERSIONTYPE) VALUES (null, null, 'fc9c262f-4d00-456c-a505-a7cff8626923', null, null, 0, '1', '85efe9e1-3bc2-492e-a92a-f52d3acff25d', 'b9782454-ddac-41d3-8b84-65ebc94bb61a', '0', 'Y', null, null, 'task_s_valuetype', '1544b740-8f39-47e7-94f6-4f52437ac7be', '1', '6a462971-825f-4eaa-a604-db4145a52556', '2019-03-17 21:49:59', 3, 0);
INSERT INTO MD_ASSOCIATION (CASCADEDELETE, CASCADEUPDATE, COMPONENTID, CREATETIME, CREATOR, DR, ENDCARDINALITY, ENDELEMENTID, ID, INDUSTRY, ISACTIVE, MODIFIER, MODIFYTIME, NAME, STARTBEANID, STARTCARDINALITY, STARTELEMENTID, TS, TYPE, VERSIONTYPE) VALUES (null, null, 'fc9c262f-4d00-456c-a505-a7cff8626923', null, null, 0, '1', '85efe9e1-3bc2-492e-a92a-f52d3acff25d', 'd151faaf-9376-4ae6-9d1f-726f5426d275', '0', 'Y', null, null, 'task_r_pk_samplegroup', '947de03d-2de3-48f7-a3b6-f038138d0487', '1', 'a76c1e7e-198a-485b-88a5-40c5079900a2', '2019-03-17 21:49:59', 3, 0);
INSERT INTO MD_ASSOCIATION (CASCADEDELETE, CASCADEUPDATE, COMPONENTID, CREATETIME, CREATOR, DR, ENDCARDINALITY, ENDELEMENTID, ID, INDUSTRY, ISACTIVE, MODIFIER, MODIFYTIME, NAME, STARTBEANID, STARTCARDINALITY, STARTELEMENTID, TS, TYPE, VERSIONTYPE) VALUES (null, null, 'fc9c262f-4d00-456c-a505-a7cff8626923', null, null, 0, '1', '85efe9e1-3bc2-492e-a92a-f52d3acff25d', '1caf6e84-d496-43da-bd1e-d0406f2c6061', '0', 'Y', null, null, 'task_r_pk_component', '947de03d-2de3-48f7-a3b6-f038138d0487', '1', '333673d4-851f-4631-9227-2ed0b96d5035', '2019-03-17 21:49:59', 3, 0);
INSERT INTO MD_ASSOCIATION (CASCADEDELETE, CASCADEUPDATE, COMPONENTID, CREATETIME, CREATOR, DR, ENDCARDINALITY, ENDELEMENTID, ID, INDUSTRY, ISACTIVE, MODIFIER, MODIFYTIME, NAME, STARTBEANID, STARTCARDINALITY, STARTELEMENTID, TS, TYPE, VERSIONTYPE) VALUES (null, null, 'fc9c262f-4d00-456c-a505-a7cff8626923', null, null, 0, '1', '85efe9e1-3bc2-492e-a92a-f52d3acff25d', '54f1ee63-ba6f-414f-88d7-9837b509e795', '0', 'Y', null, null, 'task_r_valuetype', '947de03d-2de3-48f7-a3b6-f038138d0487', '1', '7be799da-bf6b-4b3d-9fa0-5cb0d2fbdb50', '2019-03-17 21:49:59', 3, 0);

INSERT INTO MD_COLUMN (COLUMNLENGTH, COLUMNSEQUENCE, COLUMNTYPE, CREATETIME, CREATOR, DEFAULTVALUE, DESCRIPTION, DISPLAYNAME, DR, FORLOCALE, GROUPID, HELP, ID, IDENTITIED, INCREMENTSEED, INCREMENTSTEP, ISACTIVE, MODIFIER, MODIFYTIME, NAME, NULLABLE, PKEY, PRECISE, RESID, SQLDATETYPE, TABLEID, TS, VERSIONTYPE) VALUES (20, 0, 0, null, null, null, null, '主表主键', 0, 'N', null, null, 'qc_task_h@@PK@@', null, null, null, 'Y', null, null, 'pk_task_h', 'N', 'Y', 0, null, 'char', 'qc_task_h', '2019-03-17 21:49:59', 0);
INSERT INTO MD_COLUMN (COLUMNLENGTH, COLUMNSEQUENCE, COLUMNTYPE, CREATETIME, CREATOR, DEFAULTVALUE, DESCRIPTION, DISPLAYNAME, DR, FORLOCALE, GROUPID, HELP, ID, IDENTITIED, INCREMENTSEED, INCREMENTSTEP, ISACTIVE, MODIFIER, MODIFYTIME, NAME, NULLABLE, PKEY, PRECISE, RESID, SQLDATETYPE, TABLEID, TS, VERSIONTYPE) VALUES (20, 2, 0, null, null, '*~', null, '委托单主键', 0, 'N', null, null, 'qc_task_h@@@pk_commission_h', null, null, null, 'Y', null, null, 'pk_commission_h', 'Y', 'N', 0, null, 'varchar', 'qc_task_h', '2019-03-17 21:49:59', 0);
INSERT INTO MD_COLUMN (COLUMNLENGTH, COLUMNSEQUENCE, COLUMNTYPE, CREATETIME, CREATOR, DEFAULTVALUE, DESCRIPTION, DISPLAYNAME, DR, FORLOCALE, GROUPID, HELP, ID, IDENTITIED, INCREMENTSEED, INCREMENTSTEP, ISACTIVE, MODIFIER, MODIFYTIME, NAME, NULLABLE, PKEY, PRECISE, RESID, SQLDATETYPE, TABLEID, TS, VERSIONTYPE) VALUES (20, 3, 0, null, null, '*~', null, '集团', 0, 'N', null, null, 'qc_task_h@@@pk_group', null, null, null, 'Y', null, null, 'pk_group', 'Y', 'N', 0, null, 'varchar', 'qc_task_h', '2019-03-17 21:49:59', 0);
INSERT INTO MD_COLUMN (COLUMNLENGTH, COLUMNSEQUENCE, COLUMNTYPE, CREATETIME, CREATOR, DEFAULTVALUE, DESCRIPTION, DISPLAYNAME, DR, FORLOCALE, GROUPID, HELP, ID, IDENTITIED, INCREMENTSEED, INCREMENTSTEP, ISACTIVE, MODIFIER, MODIFYTIME, NAME, NULLABLE, PKEY, PRECISE, RESID, SQLDATETYPE, TABLEID, TS, VERSIONTYPE) VALUES (20, 4, 0, null, null, '*~', null, '组织', 0, 'N', null, null, 'qc_task_h@@@pk_org', null, null, null, 'Y', null, null, 'pk_org', 'Y', 'N', 0, null, 'varchar', 'qc_task_h', '2019-03-17 21:49:59', 0);
INSERT INTO MD_COLUMN (COLUMNLENGTH, COLUMNSEQUENCE, COLUMNTYPE, CREATETIME, CREATOR, DEFAULTVALUE, DESCRIPTION, DISPLAYNAME, DR, FORLOCALE, GROUPID, HELP, ID, IDENTITIED, INCREMENTSEED, INCREMENTSTEP, ISACTIVE, MODIFIER, MODIFYTIME, NAME, NULLABLE, PKEY, PRECISE, RESID, SQLDATETYPE, TABLEID, TS, VERSIONTYPE) VALUES (20, 5, 0, null, null, '*~', null, '组织版本', 0, 'N', null, null, 'qc_task_h@@@pk_org_v', null, null, null, 'Y', null, null, 'pk_org_v', 'Y', 'N', 0, null, 'varchar', 'qc_task_h', '2019-03-17 21:49:59', 0);
INSERT INTO MD_COLUMN (COLUMNLENGTH, COLUMNSEQUENCE, COLUMNTYPE, CREATETIME, CREATOR, DEFAULTVALUE, DESCRIPTION, DISPLAYNAME, DR, FORLOCALE, GROUPID, HELP, ID, IDENTITIED, INCREMENTSEED, INCREMENTSTEP, ISACTIVE, MODIFIER, MODIFYTIME, NAME, NULLABLE, PKEY, PRECISE, RESID, SQLDATETYPE, TABLEID, TS, VERSIONTYPE) VALUES (19, 6, 0, null, null, null, null, '制单日期', 0, 'N', null, null, 'qc_task_h@@@dbilldate', null, null, null, 'Y', null, null, 'dbilldate', 'Y', 'N', 0, null, 'char', 'qc_task_h', '2019-03-17 21:49:59', 0);
INSERT INTO MD_COLUMN (COLUMNLENGTH, COLUMNSEQUENCE, COLUMNTYPE, CREATETIME, CREATOR, DEFAULTVALUE, DESCRIPTION, DISPLAYNAME, DR, FORLOCALE, GROUPID, HELP, ID, IDENTITIED, INCREMENTSEED, INCREMENTSTEP, ISACTIVE, MODIFIER, MODIFYTIME, NAME, NULLABLE, PKEY, PRECISE, RESID, SQLDATETYPE, TABLEID, TS, VERSIONTYPE) VALUES (20, 7, 0, null, null, '*~', null, '创建人', 0, 'N', null, null, 'qc_task_h@@@creator', null, null, null, 'Y', null, null, 'creator', 'Y', 'N', 0, null, 'varchar', 'qc_task_h', '2019-03-17 21:49:59', 0);
INSERT INTO MD_COLUMN (COLUMNLENGTH, COLUMNSEQUENCE, COLUMNTYPE, CREATETIME, CREATOR, DEFAULTVALUE, DESCRIPTION, DISPLAYNAME, DR, FORLOCALE, GROUPID, HELP, ID, IDENTITIED, INCREMENTSEED, INCREMENTSTEP, ISACTIVE, MODIFIER, MODIFYTIME, NAME, NULLABLE, PKEY, PRECISE, RESID, SQLDATETYPE, TABLEID, TS, VERSIONTYPE) VALUES (19, 8, 0, null, null, null, null, '创建时间', 0, 'N', null, null, 'qc_task_h@@@creationtime', null, null, null, 'Y', null, null, 'creationtime', 'Y', 'N', 0, null, 'char', 'qc_task_h', '2019-03-17 21:49:59', 0);
INSERT INTO MD_COLUMN (COLUMNLENGTH, COLUMNSEQUENCE, COLUMNTYPE, CREATETIME, CREATOR, DEFAULTVALUE, DESCRIPTION, DISPLAYNAME, DR, FORLOCALE, GROUPID, HELP, ID, IDENTITIED, INCREMENTSEED, INCREMENTSTEP, ISACTIVE, MODIFIER, MODIFYTIME, NAME, NULLABLE, PKEY, PRECISE, RESID, SQLDATETYPE, TABLEID, TS, VERSIONTYPE) VALUES (20, 9, 0, null, null, '*~', null, '修改人', 0, 'N', null, null, 'qc_task_h@@@modifier', null, null, null, 'Y', null, null, 'modifier', 'Y', 'N', 0, null, 'varchar', 'qc_task_h', '2019-03-17 21:49:59', 0);
INSERT INTO MD_COLUMN (COLUMNLENGTH, COLUMNSEQUENCE, COLUMNTYPE, CREATETIME, CREATOR, DEFAULTVALUE, DESCRIPTION, DISPLAYNAME, DR, FORLOCALE, GROUPID, HELP, ID, IDENTITIED, INCREMENTSEED, INCREMENTSTEP, ISACTIVE, MODIFIER, MODIFYTIME, NAME, NULLABLE, PKEY, PRECISE, RESID, SQLDATETYPE, TABLEID, TS, VERSIONTYPE) VALUES (19, 10, 0, null, null, null, null, '修改时间', 0, 'N', null, null, 'qc_task_h@@@modifiedtime', null, null, null, 'Y', null, null, 'modifiedtime', 'Y', 'N', 0, null, 'char', 'qc_task_h', '2019-03-17 21:49:59', 0);
INSERT INTO MD_COLUMN (COLUMNLENGTH, COLUMNSEQUENCE, COLUMNTYPE, CREATETIME, CREATOR, DEFAULTVALUE, DESCRIPTION, DISPLAYNAME, DR, FORLOCALE, GROUPID, HELP, ID, IDENTITIED, INCREMENTSEED, INCREMENTSTEP, ISACTIVE, MODIFIER, MODIFYTIME, NAME, NULLABLE, PKEY, PRECISE, RESID, SQLDATETYPE, TABLEID, TS, VERSIONTYPE) VALUES (19, 11, 0, null, null, null, null, '制单时间', 0, 'N', null, null, 'qc_task_h@@@maketime', null, null, null, 'Y', null, null, 'maketime', 'Y', 'N', 0, null, 'char', 'qc_task_h', '2019-03-17 21:49:59', 0);
INSERT INTO MD_COLUMN (COLUMNLENGTH, COLUMNSEQUENCE, COLUMNTYPE, CREATETIME, CREATOR, DEFAULTVALUE, DESCRIPTION, DISPLAYNAME, DR, FORLOCALE, GROUPID, HELP, ID, IDENTITIED, INCREMENTSEED, INCREMENTSTEP, ISACTIVE, MODIFIER, MODIFYTIME, NAME, NULLABLE, PKEY, PRECISE, RESID, SQLDATETYPE, TABLEID, TS, VERSIONTYPE) VALUES (19, 12, 0, null, null, null, null, '最后修改时间', 0, 'N', null, null, 'qc_task_h@@@lastmaketime', null, null, null, 'Y', null, null, 'lastmaketime', 'Y', 'N', 0, null, 'char', 'qc_task_h', '2019-03-17 21:49:59', 0);
INSERT INTO MD_COLUMN (COLUMNLENGTH, COLUMNSEQUENCE, COLUMNTYPE, CREATETIME, CREATOR, DEFAULTVALUE, DESCRIPTION, DISPLAYNAME, DR, FORLOCALE, GROUPID, HELP, ID, IDENTITIED, INCREMENTSEED, INCREMENTSTEP, ISACTIVE, MODIFIER, MODIFYTIME, NAME, NULLABLE, PKEY, PRECISE, RESID, SQLDATETYPE, TABLEID, TS, VERSIONTYPE) VALUES (50, 13, 0, null, null, null, null, '单据ID', 0, 'N', null, null, 'qc_task_h@@@billid', null, null, null, 'Y', null, null, 'billid', 'Y', 'N', 0, null, 'varchar', 'qc_task_h', '2019-03-17 21:49:59', 0);
INSERT INTO MD_COLUMN (COLUMNLENGTH, COLUMNSEQUENCE, COLUMNTYPE, CREATETIME, CREATOR, DEFAULTVALUE, DESCRIPTION, DISPLAYNAME, DR, FORLOCALE, GROUPID, HELP, ID, IDENTITIED, INCREMENTSEED, INCREMENTSTEP, ISACTIVE, MODIFIER, MODIFYTIME, NAME, NULLABLE, PKEY, PRECISE, RESID, SQLDATETYPE, TABLEID, TS, VERSIONTYPE) VALUES (50, 14, 0, null, null, null, null, '单据号', 0, 'N', null, null, 'qc_task_h@@@billno', null, null, null, 'Y', null, null, 'billno', 'Y', 'N', 0, null, 'varchar', 'qc_task_h', '2019-03-17 21:49:59', 0);
INSERT INTO MD_COLUMN (COLUMNLENGTH, COLUMNSEQUENCE, COLUMNTYPE, CREATETIME, CREATOR, DEFAULTVALUE, DESCRIPTION, DISPLAYNAME, DR, FORLOCALE, GROUPID, HELP, ID, IDENTITIED, INCREMENTSEED, INCREMENTSTEP, ISACTIVE, MODIFIER, MODIFYTIME, NAME, NULLABLE, PKEY, PRECISE, RESID, SQLDATETYPE, TABLEID, TS, VERSIONTYPE) VALUES (50, 15, 0, null, null, null, null, '业务类型', 0, 'N', null, null, 'qc_task_h@@@busitype', null, null, null, 'Y', null, null, 'busitype', 'Y', 'N', 0, null, 'varchar', 'qc_task_h', '2019-03-17 21:49:59', 0);
INSERT INTO MD_COLUMN (COLUMNLENGTH, COLUMNSEQUENCE, COLUMNTYPE, CREATETIME, CREATOR, DEFAULTVALUE, DESCRIPTION, DISPLAYNAME, DR, FORLOCALE, GROUPID, HELP, ID, IDENTITIED, INCREMENTSEED, INCREMENTSTEP, ISACTIVE, MODIFIER, MODIFYTIME, NAME, NULLABLE, PKEY, PRECISE, RESID, SQLDATETYPE, TABLEID, TS, VERSIONTYPE) VALUES (50, 16, 0, null, null, null, null, '制单人', 0, 'N', null, null, 'qc_task_h@@@billmaker', null, null, null, 'Y', null, null, 'billmaker', 'Y', 'N', 0, null, 'varchar', 'qc_task_h', '2019-03-17 21:49:59', 0);
INSERT INTO MD_COLUMN (COLUMNLENGTH, COLUMNSEQUENCE, COLUMNTYPE, CREATETIME, CREATOR, DEFAULTVALUE, DESCRIPTION, DISPLAYNAME, DR, FORLOCALE, GROUPID, HELP, ID, IDENTITIED, INCREMENTSEED, INCREMENTSTEP, ISACTIVE, MODIFIER, MODIFYTIME, NAME, NULLABLE, PKEY, PRECISE, RESID, SQLDATETYPE, TABLEID, TS, VERSIONTYPE) VALUES (50, 17, 0, null, null, null, null, '审批人', 0, 'N', null, null, 'qc_task_h@@@approver', null, null, null, 'Y', null, null, 'approver', 'Y', 'N', 0, null, 'varchar', 'qc_task_h', '2019-03-17 21:49:59', 0);
INSERT INTO MD_COLUMN (COLUMNLENGTH, COLUMNSEQUENCE, COLUMNTYPE, CREATETIME, CREATOR, DEFAULTVALUE, DESCRIPTION, DISPLAYNAME, DR, FORLOCALE, GROUPID, HELP, ID, IDENTITIED, INCREMENTSEED, INCREMENTSTEP, ISACTIVE, MODIFIER, MODIFYTIME, NAME, NULLABLE, PKEY, PRECISE, RESID, SQLDATETYPE, TABLEID, TS, VERSIONTYPE) VALUES (50, 18, 0, null, null, null, null, '审批状态', 0, 'N', null, null, 'qc_task_h@@@approvestatus', null, null, null, 'Y', null, null, 'approvestatus', 'Y', 'N', 0, null, 'int', 'qc_task_h', '2019-03-17 21:49:59', 0);
INSERT INTO MD_COLUMN (COLUMNLENGTH, COLUMNSEQUENCE, COLUMNTYPE, CREATETIME, CREATOR, DEFAULTVALUE, DESCRIPTION, DISPLAYNAME, DR, FORLOCALE, GROUPID, HELP, ID, IDENTITIED, INCREMENTSEED, INCREMENTSTEP, ISACTIVE, MODIFIER, MODIFYTIME, NAME, NULLABLE, PKEY, PRECISE, RESID, SQLDATETYPE, TABLEID, TS, VERSIONTYPE) VALUES (50, 19, 0, null, null, null, null, '审批批语', 0, 'N', null, null, 'qc_task_h@@@approvenote', null, null, null, 'Y', null, null, 'approvenote', 'Y', 'N', 0, null, 'varchar', 'qc_task_h', '2019-03-17 21:49:59', 0);
INSERT INTO MD_COLUMN (COLUMNLENGTH, COLUMNSEQUENCE, COLUMNTYPE, CREATETIME, CREATOR, DEFAULTVALUE, DESCRIPTION, DISPLAYNAME, DR, FORLOCALE, GROUPID, HELP, ID, IDENTITIED, INCREMENTSEED, INCREMENTSTEP, ISACTIVE, MODIFIER, MODIFYTIME, NAME, NULLABLE, PKEY, PRECISE, RESID, SQLDATETYPE, TABLEID, TS, VERSIONTYPE) VALUES (19, 20, 0, null, null, null, null, '审批时间', 0, 'N', null, null, 'qc_task_h@@@approvedate', null, null, null, 'Y', null, null, 'approvedate', 'Y', 'N', 0, null, 'char', 'qc_task_h', '2019-03-17 21:49:59', 0);
INSERT INTO MD_COLUMN (COLUMNLENGTH, COLUMNSEQUENCE, COLUMNTYPE, CREATETIME, CREATOR, DEFAULTVALUE, DESCRIPTION, DISPLAYNAME, DR, FORLOCALE, GROUPID, HELP, ID, IDENTITIED, INCREMENTSEED, INCREMENTSTEP, ISACTIVE, MODIFIER, MODIFYTIME, NAME, NULLABLE, PKEY, PRECISE, RESID, SQLDATETYPE, TABLEID, TS, VERSIONTYPE) VALUES (50, 21, 0, null, null, null, null, '交易类型', 0, 'N', null, null, 'qc_task_h@@@transtype', null, null, null, 'Y', null, null, 'transtype', 'Y', 'N', 0, null, 'varchar', 'qc_task_h', '2019-03-17 21:49:59', 0);
INSERT INTO MD_COLUMN (COLUMNLENGTH, COLUMNSEQUENCE, COLUMNTYPE, CREATETIME, CREATOR, DEFAULTVALUE, DESCRIPTION, DISPLAYNAME, DR, FORLOCALE, GROUPID, HELP, ID, IDENTITIED, INCREMENTSEED, INCREMENTSTEP, ISACTIVE, MODIFIER, MODIFYTIME, NAME, NULLABLE, PKEY, PRECISE, RESID, SQLDATETYPE, TABLEID, TS, VERSIONTYPE) VALUES (50, 22, 0, null, null, null, null, '单据类型', 0, 'N', null, null, 'qc_task_h@@@billtype', null, null, null, 'Y', null, null, 'billtype', 'Y', 'N', 0, null, 'varchar', 'qc_task_h', '2019-03-17 21:49:59', 0);
INSERT INTO MD_COLUMN (COLUMNLENGTH, COLUMNSEQUENCE, COLUMNTYPE, CREATETIME, CREATOR, DEFAULTVALUE, DESCRIPTION, DISPLAYNAME, DR, FORLOCALE, GROUPID, HELP, ID, IDENTITIED, INCREMENTSEED, INCREMENTSTEP, ISACTIVE, MODIFIER, MODIFYTIME, NAME, NULLABLE, PKEY, PRECISE, RESID, SQLDATETYPE, TABLEID, TS, VERSIONTYPE) VALUES (20, 23, 0, null, null, null, null, '交易类型pk', 0, 'N', null, null, 'qc_task_h@@@transtypepk', null, null, null, 'Y', null, null, 'transtypepk', 'Y', 'N', 0, null, 'char', 'qc_task_h', '2019-03-17 21:49:59', 0);
INSERT INTO MD_COLUMN (COLUMNLENGTH, COLUMNSEQUENCE, COLUMNTYPE, CREATETIME, CREATOR, DEFAULTVALUE, DESCRIPTION, DISPLAYNAME, DR, FORLOCALE, GROUPID, HELP, ID, IDENTITIED, INCREMENTSEED, INCREMENTSTEP, ISACTIVE, MODIFIER, MODIFYTIME, NAME, NULLABLE, PKEY, PRECISE, RESID, SQLDATETYPE, TABLEID, TS, VERSIONTYPE) VALUES (50, 24, 0, null, null, null, null, '来源单据类型', 0, 'N', null, null, 'qc_task_h@@@srcbilltype', null, null, null, 'Y', null, null, 'srcbilltype', 'Y', 'N', 0, null, 'varchar', 'qc_task_h', '2019-03-17 21:49:59', 0);
INSERT INTO MD_COLUMN (COLUMNLENGTH, COLUMNSEQUENCE, COLUMNTYPE, CREATETIME, CREATOR, DEFAULTVALUE, DESCRIPTION, DISPLAYNAME, DR, FORLOCALE, GROUPID, HELP, ID, IDENTITIED, INCREMENTSEED, INCREMENTSTEP, ISACTIVE, MODIFIER, MODIFYTIME, NAME, NULLABLE, PKEY, PRECISE, RESID, SQLDATETYPE, TABLEID, TS, VERSIONTYPE) VALUES (50, 25, 0, null, null, null, null, '来源单据id', 0, 'N', null, null, 'qc_task_h@@@srcbillid', null, null, null, 'Y', null, null, 'srcbillid', 'Y', 'N', 0, null, 'varchar', 'qc_task_h', '2019-03-17 21:49:59', 0);
INSERT INTO MD_COLUMN (COLUMNLENGTH, COLUMNSEQUENCE, COLUMNTYPE, CREATETIME, CREATOR, DEFAULTVALUE, DESCRIPTION, DISPLAYNAME, DR, FORLOCALE, GROUPID, HELP, ID, IDENTITIED, INCREMENTSEED, INCREMENTSTEP, ISACTIVE, MODIFIER, MODIFYTIME, NAME, NULLABLE, PKEY, PRECISE, RESID, SQLDATETYPE, TABLEID, TS, VERSIONTYPE) VALUES (50, 26, 0, null, null, null, null, '修订枚举', 0, 'N', null, null, 'qc_task_h@@@emendenum', null, null, null, 'Y', null, null, 'emendenum', 'Y', 'N', 0, null, 'int', 'qc_task_h', '2019-03-17 21:49:59', 0);
INSERT INTO MD_COLUMN (COLUMNLENGTH, COLUMNSEQUENCE, COLUMNTYPE, CREATETIME, CREATOR, DEFAULTVALUE, DESCRIPTION, DISPLAYNAME, DR, FORLOCALE, GROUPID, HELP, ID, IDENTITIED, INCREMENTSEED, INCREMENTSTEP, ISACTIVE, MODIFIER, MODIFYTIME, NAME, NULLABLE, PKEY, PRECISE, RESID, SQLDATETYPE, TABLEID, TS, VERSIONTYPE) VALUES (50, 27, 0, null, null, null, null, '单据版本pk', 0, 'N', null, null, 'qc_task_h@@@billversionpk', null, null, null, 'Y', null, null, 'billversionpk', 'Y', 'N', 0, null, 'varchar', 'qc_task_h', '2019-03-17 21:49:59', 0);
INSERT INTO MD_COLUMN (COLUMNLENGTH, COLUMNSEQUENCE, COLUMNTYPE, CREATETIME, CREATOR, DEFAULTVALUE, DESCRIPTION, DISPLAYNAME, DR, FORLOCALE, GROUPID, HELP, ID, IDENTITIED, INCREMENTSEED, INCREMENTSTEP, ISACTIVE, MODIFIER, MODIFYTIME, NAME, NULLABLE, PKEY, PRECISE, RESID, SQLDATETYPE, TABLEID, TS, VERSIONTYPE) VALUES (1, 5, 0, null, null, null, null, '测试标记', 0, 'N', null, null, 'qc_task_r@@@testflag', null, null, null, 'Y', null, null, 'testflag', 'Y', 'N', 0, null, 'char', 'qc_task_r', '2019-03-17 21:49:59', 0);
INSERT INTO MD_COLUMN (COLUMNLENGTH, COLUMNSEQUENCE, COLUMNTYPE, CREATETIME, CREATOR, DEFAULTVALUE, DESCRIPTION, DISPLAYNAME, DR, FORLOCALE, GROUPID, HELP, ID, IDENTITIED, INCREMENTSEED, INCREMENTSTEP, ISACTIVE, MODIFIER, MODIFYTIME, NAME, NULLABLE, PKEY, PRECISE, RESID, SQLDATETYPE, TABLEID, TS, VERSIONTYPE) VALUES (1, 6, 0, null, null, null, null, '判定标记', 0, 'N', null, null, 'qc_task_r@@@judgeflag', null, null, null, 'Y', null, null, 'judgeflag', 'Y', 'N', 0, null, 'char', 'qc_task_r', '2019-03-17 21:49:59', 0);
INSERT INTO MD_COLUMN (COLUMNLENGTH, COLUMNSEQUENCE, COLUMNTYPE, CREATETIME, CREATOR, DEFAULTVALUE, DESCRIPTION, DISPLAYNAME, DR, FORLOCALE, GROUPID, HELP, ID, IDENTITIED, INCREMENTSEED, INCREMENTSTEP, ISACTIVE, MODIFIER, MODIFYTIME, NAME, NULLABLE, PKEY, PRECISE, RESID, SQLDATETYPE, TABLEID, TS, VERSIONTYPE) VALUES (50, 7, 0, null, null, null, null, '测试温度', 0, 'N', null, null, 'qc_task_r@@@pk_testtemperature', null, null, null, 'Y', null, null, 'pk_testtemperature', 'Y', 'N', 0, null, 'varchar', 'qc_task_r', '2019-03-17 21:49:59', 0);
INSERT INTO MD_COLUMN (COLUMNLENGTH, COLUMNSEQUENCE, COLUMNTYPE, CREATETIME, CREATOR, DEFAULTVALUE, DESCRIPTION, DISPLAYNAME, DR, FORLOCALE, GROUPID, HELP, ID, IDENTITIED, INCREMENTSEED, INCREMENTSTEP, ISACTIVE, MODIFIER, MODIFYTIME, NAME, NULLABLE, PKEY, PRECISE, RESID, SQLDATETYPE, TABLEID, TS, VERSIONTYPE) VALUES (50, 8, 0, null, null, null, null, '实验参数名称', 0, 'N', null, null, 'qc_task_r@@@analysisname', null, null, null, 'Y', null, null, 'analysisname', 'Y', 'N', 0, null, 'varchar', 'qc_task_r', '2019-03-17 21:49:59', 0);
INSERT INTO MD_COLUMN (COLUMNLENGTH, COLUMNSEQUENCE, COLUMNTYPE, CREATETIME, CREATOR, DEFAULTVALUE, DESCRIPTION, DISPLAYNAME, DR, FORLOCALE, GROUPID, HELP, ID, IDENTITIED, INCREMENTSEED, INCREMENTSTEP, ISACTIVE, MODIFIER, MODIFYTIME, NAME, NULLABLE, PKEY, PRECISE, RESID, SQLDATETYPE, TABLEID, TS, VERSIONTYPE) VALUES (20, 9, 0, null, null, '*~', null, '参数项', 0, 'N', null, null, 'qc_task_r@@@pk_component', null, null, null, 'Y', null, null, 'pk_component', 'Y', 'N', 0, null, 'varchar', 'qc_task_r', '2019-03-17 21:49:59', 0);
INSERT INTO MD_COLUMN (COLUMNLENGTH, COLUMNSEQUENCE, COLUMNTYPE, CREATETIME, CREATOR, DEFAULTVALUE, DESCRIPTION, DISPLAYNAME, DR, FORLOCALE, GROUPID, HELP, ID, IDENTITIED, INCREMENTSEED, INCREMENTSTEP, ISACTIVE, MODIFIER, MODIFYTIME, NAME, NULLABLE, PKEY, PRECISE, RESID, SQLDATETYPE, TABLEID, TS, VERSIONTYPE) VALUES (20, 10, 0, null, null, '*~', null, '值类型', 0, 'N', null, null, 'qc_task_r@@@valuetype', null, null, null, 'Y', null, null, 'valuetype', 'Y', 'N', 0, null, 'varchar', 'qc_task_r', '2019-03-17 21:49:59', 0);
INSERT INTO MD_COLUMN (COLUMNLENGTH, COLUMNSEQUENCE, COLUMNTYPE, CREATETIME, CREATOR, DEFAULTVALUE, DESCRIPTION, DISPLAYNAME, DR, FORLOCALE, GROUPID, HELP, ID, IDENTITIED, INCREMENTSEED, INCREMENTSTEP, ISACTIVE, MODIFIER, MODIFYTIME, NAME, NULLABLE, PKEY, PRECISE, RESID, SQLDATETYPE, TABLEID, TS, VERSIONTYPE) VALUES (20, null, 0, null, null, null, null, '任务行_主键', 0, null, null, null, 'qc_task_r@@@pk_task_b', null, null, null, 'Y', null, null, 'pk_task_b', 'N', 'N', null, '2UC000-000003', 'char', 'qc_task_r', '2019-03-17 21:49:59', 0);
INSERT INTO MD_COLUMN (COLUMNLENGTH, COLUMNSEQUENCE, COLUMNTYPE, CREATETIME, CREATOR, DEFAULTVALUE, DESCRIPTION, DISPLAYNAME, DR, FORLOCALE, GROUPID, HELP, ID, IDENTITIED, INCREMENTSEED, INCREMENTSTEP, ISACTIVE, MODIFIER, MODIFYTIME, NAME, NULLABLE, PKEY, PRECISE, RESID, SQLDATETYPE, TABLEID, TS, VERSIONTYPE) VALUES (20, 0, 0, null, null, null, null, '参数行主键', 0, 'N', null, null, 'qc_task_r@@PK@@', null, null, null, 'Y', null, null, 'pk_task_r', 'N', 'Y', 0, null, 'char', 'qc_task_r', '2019-03-17 21:49:59', 0);
INSERT INTO MD_COLUMN (COLUMNLENGTH, COLUMNSEQUENCE, COLUMNTYPE, CREATETIME, CREATOR, DEFAULTVALUE, DESCRIPTION, DISPLAYNAME, DR, FORLOCALE, GROUPID, HELP, ID, IDENTITIED, INCREMENTSEED, INCREMENTSTEP, ISACTIVE, MODIFIER, MODIFYTIME, NAME, NULLABLE, PKEY, PRECISE, RESID, SQLDATETYPE, TABLEID, TS, VERSIONTYPE) VALUES (20, 1, 0, null, null, '*~', null, '样品组别', 0, 'N', null, null, 'qc_task_r@@@pk_samplegroup', null, null, null, 'Y', null, null, 'pk_samplegroup', 'Y', 'N', 0, null, 'varchar', 'qc_task_r', '2019-03-17 21:49:59', 0);
INSERT INTO MD_COLUMN (COLUMNLENGTH, COLUMNSEQUENCE, COLUMNTYPE, CREATETIME, CREATOR, DEFAULTVALUE, DESCRIPTION, DISPLAYNAME, DR, FORLOCALE, GROUPID, HELP, ID, IDENTITIED, INCREMENTSEED, INCREMENTSTEP, ISACTIVE, MODIFIER, MODIFYTIME, NAME, NULLABLE, PKEY, PRECISE, RESID, SQLDATETYPE, TABLEID, TS, VERSIONTYPE) VALUES (28, 2, 0, null, null, null, null, '最小值', 0, 'N', null, null, 'qc_task_r@@@stdminvalue', null, null, null, 'Y', null, null, 'stdminvalue', 'Y', 'N', 8, null, 'decimal', 'qc_task_r', '2019-03-17 21:49:59', 0);
INSERT INTO MD_COLUMN (COLUMNLENGTH, COLUMNSEQUENCE, COLUMNTYPE, CREATETIME, CREATOR, DEFAULTVALUE, DESCRIPTION, DISPLAYNAME, DR, FORLOCALE, GROUPID, HELP, ID, IDENTITIED, INCREMENTSEED, INCREMENTSTEP, ISACTIVE, MODIFIER, MODIFYTIME, NAME, NULLABLE, PKEY, PRECISE, RESID, SQLDATETYPE, TABLEID, TS, VERSIONTYPE) VALUES (28, 3, 0, null, null, null, null, '最大值', 0, 'N', null, null, 'qc_task_r@@@stdmaxvalue', null, null, null, 'Y', null, null, 'stdmaxvalue', 'Y', 'N', 8, null, 'decimal', 'qc_task_r', '2019-03-17 21:49:59', 0);
INSERT INTO MD_COLUMN (COLUMNLENGTH, COLUMNSEQUENCE, COLUMNTYPE, CREATETIME, CREATOR, DEFAULTVALUE, DESCRIPTION, DISPLAYNAME, DR, FORLOCALE, GROUPID, HELP, ID, IDENTITIED, INCREMENTSEED, INCREMENTSTEP, ISACTIVE, MODIFIER, MODIFYTIME, NAME, NULLABLE, PKEY, PRECISE, RESID, SQLDATETYPE, TABLEID, TS, VERSIONTYPE) VALUES (50, 4, 0, null, null, null, null, '单位', 0, 'N', null, null, 'qc_task_r@@@pk_unit', null, null, null, 'Y', null, null, 'pk_unit', 'Y', 'N', 0, null, 'varchar', 'qc_task_r', '2019-03-17 21:49:59', 0);
INSERT INTO MD_COLUMN (COLUMNLENGTH, COLUMNSEQUENCE, COLUMNTYPE, CREATETIME, CREATOR, DEFAULTVALUE, DESCRIPTION, DISPLAYNAME, DR, FORLOCALE, GROUPID, HELP, ID, IDENTITIED, INCREMENTSEED, INCREMENTSTEP, ISACTIVE, MODIFIER, MODIFYTIME, NAME, NULLABLE, PKEY, PRECISE, RESID, SQLDATETYPE, TABLEID, TS, VERSIONTYPE) VALUES (20, 0, 0, null, null, null, null, '任务行主键', 0, 'N', null, null, 'qc_task_b@@PK@@', null, null, null, 'Y', null, null, 'pk_task_b', 'N', 'Y', 0, null, 'char', 'qc_task_b', '2019-03-17 21:49:59', 0);
INSERT INTO MD_COLUMN (COLUMNLENGTH, COLUMNSEQUENCE, COLUMNTYPE, CREATETIME, CREATOR, DEFAULTVALUE, DESCRIPTION, DISPLAYNAME, DR, FORLOCALE, GROUPID, HELP, ID, IDENTITIED, INCREMENTSEED, INCREMENTSTEP, ISACTIVE, MODIFIER, MODIFYTIME, NAME, NULLABLE, PKEY, PRECISE, RESID, SQLDATETYPE, TABLEID, TS, VERSIONTYPE) VALUES (50, 1, 0, null, null, null, null, '任务编号', 0, 'N', null, null, 'qc_task_b@@@taskcode', null, null, null, 'Y', null, null, 'taskcode', 'Y', 'N', 0, null, 'varchar', 'qc_task_b', '2019-03-17 21:49:59', 0);
INSERT INTO MD_COLUMN (COLUMNLENGTH, COLUMNSEQUENCE, COLUMNTYPE, CREATETIME, CREATOR, DEFAULTVALUE, DESCRIPTION, DISPLAYNAME, DR, FORLOCALE, GROUPID, HELP, ID, IDENTITIED, INCREMENTSEED, INCREMENTSTEP, ISACTIVE, MODIFIER, MODIFYTIME, NAME, NULLABLE, PKEY, PRECISE, RESID, SQLDATETYPE, TABLEID, TS, VERSIONTYPE) VALUES (20, null, 0, null, null, null, null, '任务单_主键', 0, null, null, null, 'qc_task_b@@@pk_task_h', null, null, null, 'Y', null, null, 'pk_task_h', 'N', 'N', null, '2UC000-000003', 'char', 'qc_task_b', '2019-03-17 21:49:59', 0);
INSERT INTO MD_COLUMN (COLUMNLENGTH, COLUMNSEQUENCE, COLUMNTYPE, CREATETIME, CREATOR, DEFAULTVALUE, DESCRIPTION, DISPLAYNAME, DR, FORLOCALE, GROUPID, HELP, ID, IDENTITIED, INCREMENTSEED, INCREMENTSTEP, ISACTIVE, MODIFIER, MODIFYTIME, NAME, NULLABLE, PKEY, PRECISE, RESID, SQLDATETYPE, TABLEID, TS, VERSIONTYPE) VALUES (20, 2, 0, null, null, '*~', null, '任务名称', 0, 'N', null, null, 'qc_task_b@@@taskname', null, null, null, 'Y', null, null, 'taskname', 'Y', 'N', 0, null, 'varchar', 'qc_task_b', '2019-03-17 21:49:59', 0);
INSERT INTO MD_COLUMN (COLUMNLENGTH, COLUMNSEQUENCE, COLUMNTYPE, CREATETIME, CREATOR, DEFAULTVALUE, DESCRIPTION, DISPLAYNAME, DR, FORLOCALE, GROUPID, HELP, ID, IDENTITIED, INCREMENTSEED, INCREMENTSTEP, ISACTIVE, MODIFIER, MODIFYTIME, NAME, NULLABLE, PKEY, PRECISE, RESID, SQLDATETYPE, TABLEID, TS, VERSIONTYPE) VALUES (16, 3, 0, null, null, null, null, '执行顺序', 0, 'N', null, null, 'qc_task_b@@@runorder', null, null, null, 'Y', null, null, 'runorder', 'Y', 'N', 0, null, 'int', 'qc_task_b', '2019-03-17 21:49:59', 0);
INSERT INTO MD_COLUMN (COLUMNLENGTH, COLUMNSEQUENCE, COLUMNTYPE, CREATETIME, CREATOR, DEFAULTVALUE, DESCRIPTION, DISPLAYNAME, DR, FORLOCALE, GROUPID, HELP, ID, IDENTITIED, INCREMENTSEED, INCREMENTSTEP, ISACTIVE, MODIFIER, MODIFYTIME, NAME, NULLABLE, PKEY, PRECISE, RESID, SQLDATETYPE, TABLEID, TS, VERSIONTYPE) VALUES (50, 4, 0, null, null, null, null, '行号', 0, 'N', null, null, 'qc_task_b@@@rowno', null, null, null, 'Y', null, null, 'rowno', 'Y', 'N', 0, null, 'varchar', 'qc_task_b', '2019-03-17 21:49:59', 0);
INSERT INTO MD_COLUMN (COLUMNLENGTH, COLUMNSEQUENCE, COLUMNTYPE, CREATETIME, CREATOR, DEFAULTVALUE, DESCRIPTION, DISPLAYNAME, DR, FORLOCALE, GROUPID, HELP, ID, IDENTITIED, INCREMENTSEED, INCREMENTSTEP, ISACTIVE, MODIFIER, MODIFYTIME, NAME, NULLABLE, PKEY, PRECISE, RESID, SQLDATETYPE, TABLEID, TS, VERSIONTYPE) VALUES (20, 5, 0, null, null, '*~', null, '测试条件', 0, 'N', null, null, 'qc_task_b@@@pk_testcondition', null, null, null, 'Y', null, null, 'pk_testcondition', 'Y', 'N', 0, null, 'varchar', 'qc_task_b', '2019-03-17 21:49:59', 0);
INSERT INTO MD_COLUMN (COLUMNLENGTH, COLUMNSEQUENCE, COLUMNTYPE, CREATETIME, CREATOR, DEFAULTVALUE, DESCRIPTION, DISPLAYNAME, DR, FORLOCALE, GROUPID, HELP, ID, IDENTITIED, INCREMENTSEED, INCREMENTSTEP, ISACTIVE, MODIFIER, MODIFYTIME, NAME, NULLABLE, PKEY, PRECISE, RESID, SQLDATETYPE, TABLEID, TS, VERSIONTYPE) VALUES (20, 6, 0, null, null, '*~', null, '测试结果名称', 0, 'N', null, null, 'qc_task_b@@@pk_testresultname', null, null, null, 'Y', null, null, 'pk_testresultname', 'Y', 'N', 0, null, 'varchar', 'qc_task_b', '2019-03-17 21:49:59', 0);
INSERT INTO MD_COLUMN (COLUMNLENGTH, COLUMNSEQUENCE, COLUMNTYPE, CREATETIME, CREATOR, DEFAULTVALUE, DESCRIPTION, DISPLAYNAME, DR, FORLOCALE, GROUPID, HELP, ID, IDENTITIED, INCREMENTSEED, INCREMENTSTEP, ISACTIVE, MODIFIER, MODIFYTIME, NAME, NULLABLE, PKEY, PRECISE, RESID, SQLDATETYPE, TABLEID, TS, VERSIONTYPE) VALUES (50, 7, 0, null, null, null, null, '测试结果短名称', 0, 'N', null, null, 'qc_task_b@@@testresultshortname', null, null, null, 'Y', null, null, 'testresultshortname', 'Y', 'N', 0, null, 'varchar', 'qc_task_b', '2019-03-17 21:49:59', 0);
INSERT INTO MD_COLUMN (COLUMNLENGTH, COLUMNSEQUENCE, COLUMNTYPE, CREATETIME, CREATOR, DEFAULTVALUE, DESCRIPTION, DISPLAYNAME, DR, FORLOCALE, GROUPID, HELP, ID, IDENTITIED, INCREMENTSEED, INCREMENTSTEP, ISACTIVE, MODIFIER, MODIFYTIME, NAME, NULLABLE, PKEY, PRECISE, RESID, SQLDATETYPE, TABLEID, TS, VERSIONTYPE) VALUES (50, 8, 0, null, null, null, null, 'testnumber', 0, 'N', null, null, 'qc_task_b@@@testnumber', null, null, null, 'Y', null, null, 'testnumber', 'Y', 'N', 0, null, 'varchar', 'qc_task_b', '2019-03-17 21:49:59', 0);
INSERT INTO MD_COLUMN (COLUMNLENGTH, COLUMNSEQUENCE, COLUMNTYPE, CREATETIME, CREATOR, DEFAULTVALUE, DESCRIPTION, DISPLAYNAME, DR, FORLOCALE, GROUPID, HELP, ID, IDENTITIED, INCREMENTSEED, INCREMENTSTEP, ISACTIVE, MODIFIER, MODIFYTIME, NAME, NULLABLE, PKEY, PRECISE, RESID, SQLDATETYPE, TABLEID, TS, VERSIONTYPE) VALUES (50, 9, 0, null, null, null, null, '样品分配', 0, 'N', null, null, 'qc_task_b@@@sampleallocation', null, null, null, 'Y', null, null, 'sampleallocation', 'Y', 'N', 0, null, 'varchar', 'qc_task_b', '2019-03-17 21:49:59', 0);
INSERT INTO MD_COLUMN (COLUMNLENGTH, COLUMNSEQUENCE, COLUMNTYPE, CREATETIME, CREATOR, DEFAULTVALUE, DESCRIPTION, DISPLAYNAME, DR, FORLOCALE, GROUPID, HELP, ID, IDENTITIED, INCREMENTSEED, INCREMENTSTEP, ISACTIVE, MODIFIER, MODIFYTIME, NAME, NULLABLE, PKEY, PRECISE, RESID, SQLDATETYPE, TABLEID, TS, VERSIONTYPE) VALUES (28, 10, 0, null, null, null, null, '样品数量', 0, 'N', null, null, 'qc_task_b@@@samplequantity', null, null, null, 'Y', null, null, 'samplequantity', 'Y', 'N', 8, null, 'decimal', 'qc_task_b', '2019-03-17 21:49:59', 0);
INSERT INTO MD_COLUMN (COLUMNLENGTH, COLUMNSEQUENCE, COLUMNTYPE, CREATETIME, CREATOR, DEFAULTVALUE, DESCRIPTION, DISPLAYNAME, DR, FORLOCALE, GROUPID, HELP, ID, IDENTITIED, INCREMENTSEED, INCREMENTSTEP, ISACTIVE, MODIFIER, MODIFYTIME, NAME, NULLABLE, PKEY, PRECISE, RESID, SQLDATETYPE, TABLEID, TS, VERSIONTYPE) VALUES (20, null, 0, null, null, null, null, '任务行_主键', 0, null, null, null, 'qc_task_s@@@pk_task_b', null, null, null, 'Y', null, null, 'pk_task_b', 'N', 'N', null, '2UC000-000003', 'char', 'qc_task_s', '2019-03-17 21:49:59', 0);
INSERT INTO MD_COLUMN (COLUMNLENGTH, COLUMNSEQUENCE, COLUMNTYPE, CREATETIME, CREATOR, DEFAULTVALUE, DESCRIPTION, DISPLAYNAME, DR, FORLOCALE, GROUPID, HELP, ID, IDENTITIED, INCREMENTSEED, INCREMENTSTEP, ISACTIVE, MODIFIER, MODIFYTIME, NAME, NULLABLE, PKEY, PRECISE, RESID, SQLDATETYPE, TABLEID, TS, VERSIONTYPE) VALUES (20, 0, 0, null, null, null, null, '测试条件主键', 0, 'N', null, null, 'qc_task_s@@PK@@', null, null, null, 'Y', null, null, 'pk_task_s', 'N', 'Y', 0, null, 'char', 'qc_task_s', '2019-03-17 21:49:59', 0);
INSERT INTO MD_COLUMN (COLUMNLENGTH, COLUMNSEQUENCE, COLUMNTYPE, CREATETIME, CREATOR, DEFAULTVALUE, DESCRIPTION, DISPLAYNAME, DR, FORLOCALE, GROUPID, HELP, ID, IDENTITIED, INCREMENTSEED, INCREMENTSTEP, ISACTIVE, MODIFIER, MODIFYTIME, NAME, NULLABLE, PKEY, PRECISE, RESID, SQLDATETYPE, TABLEID, TS, VERSIONTYPE) VALUES (20, 1, 0, null, null, '*~', null, '测试条件项', 0, 'N', null, null, 'qc_task_s@@@pk_testconditionitem', null, null, null, 'Y', null, null, 'pk_testconditionitem', 'Y', 'N', 0, null, 'varchar', 'qc_task_s', '2019-03-17 21:49:59', 0);
INSERT INTO MD_COLUMN (COLUMNLENGTH, COLUMNSEQUENCE, COLUMNTYPE, CREATETIME, CREATOR, DEFAULTVALUE, DESCRIPTION, DISPLAYNAME, DR, FORLOCALE, GROUPID, HELP, ID, IDENTITIED, INCREMENTSEED, INCREMENTSTEP, ISACTIVE, MODIFIER, MODIFYTIME, NAME, NULLABLE, PKEY, PRECISE, RESID, SQLDATETYPE, TABLEID, TS, VERSIONTYPE) VALUES (1, 2, 0, null, null, null, null, '状态', 0, 'N', null, null, 'qc_task_s@@@conditionstatus', null, null, null, 'Y', null, null, 'conditionstatus', 'Y', 'N', 0, null, 'char', 'qc_task_s', '2019-03-17 21:49:59', 0);
INSERT INTO MD_COLUMN (COLUMNLENGTH, COLUMNSEQUENCE, COLUMNTYPE, CREATETIME, CREATOR, DEFAULTVALUE, DESCRIPTION, DISPLAYNAME, DR, FORLOCALE, GROUPID, HELP, ID, IDENTITIED, INCREMENTSEED, INCREMENTSTEP, ISACTIVE, MODIFIER, MODIFYTIME, NAME, NULLABLE, PKEY, PRECISE, RESID, SQLDATETYPE, TABLEID, TS, VERSIONTYPE) VALUES (1, 3, 0, null, null, null, null, '是否可选', 0, 'N', null, null, 'qc_task_s@@@isoptional', null, null, null, 'Y', null, null, 'isoptional', 'Y', 'N', 0, null, 'char', 'qc_task_s', '2019-03-17 21:49:59', 0);
INSERT INTO MD_COLUMN (COLUMNLENGTH, COLUMNSEQUENCE, COLUMNTYPE, CREATETIME, CREATOR, DEFAULTVALUE, DESCRIPTION, DISPLAYNAME, DR, FORLOCALE, GROUPID, HELP, ID, IDENTITIED, INCREMENTSEED, INCREMENTSTEP, ISACTIVE, MODIFIER, MODIFYTIME, NAME, NULLABLE, PKEY, PRECISE, RESID, SQLDATETYPE, TABLEID, TS, VERSIONTYPE) VALUES (1, 4, 0, null, null, null, null, '是否可报告', 0, 'N', null, null, 'qc_task_s@@@isallow_out', null, null, null, 'Y', null, null, 'isallow_out', 'Y', 'N', 0, null, 'char', 'qc_task_s', '2019-03-17 21:49:59', 0);
INSERT INTO MD_COLUMN (COLUMNLENGTH, COLUMNSEQUENCE, COLUMNTYPE, CREATETIME, CREATOR, DEFAULTVALUE, DESCRIPTION, DISPLAYNAME, DR, FORLOCALE, GROUPID, HELP, ID, IDENTITIED, INCREMENTSEED, INCREMENTSTEP, ISACTIVE, MODIFIER, MODIFYTIME, NAME, NULLABLE, PKEY, PRECISE, RESID, SQLDATETYPE, TABLEID, TS, VERSIONTYPE) VALUES (20, 5, 0, null, null, '*~', null, '仪器', 0, 'N', null, null, 'qc_task_s@@@instrument', null, null, null, 'Y', null, null, 'instrument', 'Y', 'N', 0, null, 'varchar', 'qc_task_s', '2019-03-17 21:49:59', 0);
INSERT INTO MD_COLUMN (COLUMNLENGTH, COLUMNSEQUENCE, COLUMNTYPE, CREATETIME, CREATOR, DEFAULTVALUE, DESCRIPTION, DISPLAYNAME, DR, FORLOCALE, GROUPID, HELP, ID, IDENTITIED, INCREMENTSEED, INCREMENTSTEP, ISACTIVE, MODIFIER, MODIFYTIME, NAME, NULLABLE, PKEY, PRECISE, RESID, SQLDATETYPE, TABLEID, TS, VERSIONTYPE) VALUES (20, 6, 0, null, null, '*~', null, '值类型', 0, 'N', null, null, 'qc_task_s@@@valuetype', null, null, null, 'Y', null, null, 'valuetype', 'Y', 'N', 0, null, 'varchar', 'qc_task_s', '2019-03-17 21:49:59', 0);
INSERT INTO MD_COLUMN (COLUMNLENGTH, COLUMNSEQUENCE, COLUMNTYPE, CREATETIME, CREATOR, DEFAULTVALUE, DESCRIPTION, DISPLAYNAME, DR, FORLOCALE, GROUPID, HELP, ID, IDENTITIED, INCREMENTSEED, INCREMENTSTEP, ISACTIVE, MODIFIER, MODIFYTIME, NAME, NULLABLE, PKEY, PRECISE, RESID, SQLDATETYPE, TABLEID, TS, VERSIONTYPE) VALUES (50, 7, 0, null, null, null, null, '值', 0, 'N', null, null, 'qc_task_s@@@entry', null, null, null, 'Y', null, null, 'entry', 'Y', 'N', 0, null, 'varchar', 'qc_task_s', '2019-03-17 21:49:59', 0);
INSERT INTO MD_COLUMN (COLUMNLENGTH, COLUMNSEQUENCE, COLUMNTYPE, CREATETIME, CREATOR, DEFAULTVALUE, DESCRIPTION, DISPLAYNAME, DR, FORLOCALE, GROUPID, HELP, ID, IDENTITIED, INCREMENTSEED, INCREMENTSTEP, ISACTIVE, MODIFIER, MODIFYTIME, NAME, NULLABLE, PKEY, PRECISE, RESID, SQLDATETYPE, TABLEID, TS, VERSIONTYPE) VALUES (50, 8, 0, null, null, null, null, '单位', 0, 'N', null, null, 'qc_task_s@@@unit', null, null, null, 'Y', null, null, 'unit', 'Y', 'N', 0, null, 'varchar', 'qc_task_s', '2019-03-17 21:49:59', 0);
INSERT INTO MD_COLUMN (COLUMNLENGTH, COLUMNSEQUENCE, COLUMNTYPE, CREATETIME, CREATOR, DEFAULTVALUE, DESCRIPTION, DISPLAYNAME, DR, FORLOCALE, GROUPID, HELP, ID, IDENTITIED, INCREMENTSEED, INCREMENTSTEP, ISACTIVE, MODIFIER, MODIFYTIME, NAME, NULLABLE, PKEY, PRECISE, RESID, SQLDATETYPE, TABLEID, TS, VERSIONTYPE) VALUES (50, 9, 0, null, null, null, null, '格式化值', 0, 'N', null, null, 'qc_task_s@@@formatted_entry', null, null, null, 'Y', null, null, 'formatted_entry', 'Y', 'N', 0, null, 'varchar', 'qc_task_s', '2019-03-17 21:49:59', 0);
INSERT INTO MD_COLUMN (COLUMNLENGTH, COLUMNSEQUENCE, COLUMNTYPE, CREATETIME, CREATOR, DEFAULTVALUE, DESCRIPTION, DISPLAYNAME, DR, FORLOCALE, GROUPID, HELP, ID, IDENTITIED, INCREMENTSEED, INCREMENTSTEP, ISACTIVE, MODIFIER, MODIFYTIME, NAME, NULLABLE, PKEY, PRECISE, RESID, SQLDATETYPE, TABLEID, TS, VERSIONTYPE) VALUES (28, 10, 0, null, null, null, null, '最小值', 0, 'N', null, null, 'qc_task_s@@@min_limit', null, null, null, 'Y', null, null, 'min_limit', 'Y', 'N', 8, null, 'decimal', 'qc_task_s', '2019-03-17 21:49:59', 0);
INSERT INTO MD_COLUMN (COLUMNLENGTH, COLUMNSEQUENCE, COLUMNTYPE, CREATETIME, CREATOR, DEFAULTVALUE, DESCRIPTION, DISPLAYNAME, DR, FORLOCALE, GROUPID, HELP, ID, IDENTITIED, INCREMENTSEED, INCREMENTSTEP, ISACTIVE, MODIFIER, MODIFYTIME, NAME, NULLABLE, PKEY, PRECISE, RESID, SQLDATETYPE, TABLEID, TS, VERSIONTYPE) VALUES (28, 11, 0, null, null, null, null, '最大值', 0, 'N', null, null, 'qc_task_s@@@max_limit', null, null, null, 'Y', null, null, 'max_limit', 'Y', 'N', 8, null, 'decimal', 'qc_task_s', '2019-03-17 21:49:59', 0);
INSERT INTO MD_COLUMN (COLUMNLENGTH, COLUMNSEQUENCE, COLUMNTYPE, CREATETIME, CREATOR, DEFAULTVALUE, DESCRIPTION, DISPLAYNAME, DR, FORLOCALE, GROUPID, HELP, ID, IDENTITIED, INCREMENTSEED, INCREMENTSTEP, ISACTIVE, MODIFIER, MODIFYTIME, NAME, NULLABLE, PKEY, PRECISE, RESID, SQLDATETYPE, TABLEID, TS, VERSIONTYPE) VALUES (50, 12, 0, null, null, null, null, '英文说明', 0, 'N', null, null, 'qc_task_s@@@englishdescription', null, null, null, 'Y', null, null, 'englishdescription', 'Y', 'N', 0, null, 'varchar', 'qc_task_s', '2019-03-17 21:49:59', 0);

INSERT INTO MD_ORMAP (ATTRIBUTEID, CLASSID, COLUMNID, DR, TABLEID, TS) VALUES ('93c21a52-941d-4538-ae85-0ba86e82a110', '1544b740-8f39-47e7-94f6-4f52437ac7be', 'qc_task_s@@@isallow_out', 0, 'qc_task_s', '2019-03-17 21:49:59');
INSERT INTO MD_ORMAP (ATTRIBUTEID, CLASSID, COLUMNID, DR, TABLEID, TS) VALUES ('49c0f4f7-dfab-45fc-9916-69b4f6e43634', '1544b740-8f39-47e7-94f6-4f52437ac7be', 'qc_task_s@@@max_limit', 0, 'qc_task_s', '2019-03-17 21:49:59');
INSERT INTO MD_ORMAP (ATTRIBUTEID, CLASSID, COLUMNID, DR, TABLEID, TS) VALUES ('9addb240-cf5f-4113-91ec-0bee709ccbe6', '1544b740-8f39-47e7-94f6-4f52437ac7be', 'qc_task_s@@PK@@', 0, 'qc_task_s', '2019-03-17 21:49:59');
INSERT INTO MD_ORMAP (ATTRIBUTEID, CLASSID, COLUMNID, DR, TABLEID, TS) VALUES ('ae6c68ba-d46d-4204-b2dc-48be021872d0', '1544b740-8f39-47e7-94f6-4f52437ac7be', 'qc_task_s@@@conditionstatus', 0, 'qc_task_s', '2019-03-17 21:49:59');
INSERT INTO MD_ORMAP (ATTRIBUTEID, CLASSID, COLUMNID, DR, TABLEID, TS) VALUES ('4280abc6-bddd-4935-990c-7f81d6dda07d', '1544b740-8f39-47e7-94f6-4f52437ac7be', 'qc_task_s@@@instrument', 0, 'qc_task_s', '2019-03-17 21:49:59');
INSERT INTO MD_ORMAP (ATTRIBUTEID, CLASSID, COLUMNID, DR, TABLEID, TS) VALUES ('5c646640-5fd4-4068-8160-1f1a4bcff05e', '1544b740-8f39-47e7-94f6-4f52437ac7be', 'qc_task_s@@@unit', 0, 'qc_task_s', '2019-03-17 21:49:59');
INSERT INTO MD_ORMAP (ATTRIBUTEID, CLASSID, COLUMNID, DR, TABLEID, TS) VALUES ('9b993213-310b-49ae-8615-dde43b92988d', '1544b740-8f39-47e7-94f6-4f52437ac7be', 'qc_task_s@@@formatted_entry', 0, 'qc_task_s', '2019-03-17 21:49:59');
INSERT INTO MD_ORMAP (ATTRIBUTEID, CLASSID, COLUMNID, DR, TABLEID, TS) VALUES ('f390c789-78fc-42e7-afd2-2ed216fa6273', '1544b740-8f39-47e7-94f6-4f52437ac7be', 'qc_task_s@@@min_limit', 0, 'qc_task_s', '2019-03-17 21:49:59');
INSERT INTO MD_ORMAP (ATTRIBUTEID, CLASSID, COLUMNID, DR, TABLEID, TS) VALUES ('94a44f30-c9c0-4ba0-9367-abe884159f8c', '1544b740-8f39-47e7-94f6-4f52437ac7be', 'qc_task_s@@@entry', 0, 'qc_task_s', '2019-03-17 21:49:59');
INSERT INTO MD_ORMAP (ATTRIBUTEID, CLASSID, COLUMNID, DR, TABLEID, TS) VALUES ('9b32b381-a314-4447-bcc8-868d58d32676', '1544b740-8f39-47e7-94f6-4f52437ac7be', 'qc_task_s@@@pk_testconditionitem', 0, 'qc_task_s', '2019-03-17 21:49:59');
INSERT INTO MD_ORMAP (ATTRIBUTEID, CLASSID, COLUMNID, DR, TABLEID, TS) VALUES ('6a462971-825f-4eaa-a604-db4145a52556', '1544b740-8f39-47e7-94f6-4f52437ac7be', 'qc_task_s@@@valuetype', 0, 'qc_task_s', '2019-03-17 21:49:59');
INSERT INTO MD_ORMAP (ATTRIBUTEID, CLASSID, COLUMNID, DR, TABLEID, TS) VALUES ('ba5b1231-1add-4e8a-9e3d-fb326b5aea61', '1544b740-8f39-47e7-94f6-4f52437ac7be', 'qc_task_s@@@isoptional', 0, 'qc_task_s', '2019-03-17 21:49:59');
INSERT INTO MD_ORMAP (ATTRIBUTEID, CLASSID, COLUMNID, DR, TABLEID, TS) VALUES ('775b4c2e-c101-493b-86f9-dcfa0fc4edba', '1544b740-8f39-47e7-94f6-4f52437ac7be', 'qc_task_s@@@englishdescription', 0, 'qc_task_s', '2019-03-17 21:49:59');
INSERT INTO MD_ORMAP (ATTRIBUTEID, CLASSID, COLUMNID, DR, TABLEID, TS) VALUES ('e167f54f-d416-44ae-ab3e-54572b4093c6', '63699954-c4ee-4e62-b160-00d2b42878f0', 'qc_task_h@@@pk_commission_h', 0, 'qc_task_h', '2019-03-17 21:49:59');
INSERT INTO MD_ORMAP (ATTRIBUTEID, CLASSID, COLUMNID, DR, TABLEID, TS) VALUES ('82b80986-ba3c-49ba-b0e0-f1360d97d4a0', '63699954-c4ee-4e62-b160-00d2b42878f0', 'qc_task_h@@@lastmaketime', 0, 'qc_task_h', '2019-03-17 21:49:59');
INSERT INTO MD_ORMAP (ATTRIBUTEID, CLASSID, COLUMNID, DR, TABLEID, TS) VALUES ('09659706-f3c8-454e-90c4-737a071a2741', '63699954-c4ee-4e62-b160-00d2b42878f0', 'qc_task_h@@@srcbilltype', 0, 'qc_task_h', '2019-03-17 21:49:59');
INSERT INTO MD_ORMAP (ATTRIBUTEID, CLASSID, COLUMNID, DR, TABLEID, TS) VALUES ('0612cd04-35b4-48fc-a4ea-ba3765771077', '63699954-c4ee-4e62-b160-00d2b42878f0', 'qc_task_h@@@emendenum', 0, 'qc_task_h', '2019-03-17 21:49:59');
INSERT INTO MD_ORMAP (ATTRIBUTEID, CLASSID, COLUMNID, DR, TABLEID, TS) VALUES ('17dbc022-4977-4af4-9eb9-7fb685316998', '63699954-c4ee-4e62-b160-00d2b42878f0', 'qc_task_h@@@billid', 0, 'qc_task_h', '2019-03-17 21:49:59');
INSERT INTO MD_ORMAP (ATTRIBUTEID, CLASSID, COLUMNID, DR, TABLEID, TS) VALUES ('91631470-e0ef-4bdc-8c74-6f4bf10092a9', '63699954-c4ee-4e62-b160-00d2b42878f0', 'qc_task_h@@@modifiedtime', 0, 'qc_task_h', '2019-03-17 21:49:59');
INSERT INTO MD_ORMAP (ATTRIBUTEID, CLASSID, COLUMNID, DR, TABLEID, TS) VALUES ('4ef450d9-d469-4abf-b7be-10097418decf', '63699954-c4ee-4e62-b160-00d2b42878f0', 'qc_task_h@@@transtypepk', 0, 'qc_task_h', '2019-03-17 21:49:59');
INSERT INTO MD_ORMAP (ATTRIBUTEID, CLASSID, COLUMNID, DR, TABLEID, TS) VALUES ('02dd3b84-3ec0-416f-a0e0-c2f5eb652937', '63699954-c4ee-4e62-b160-00d2b42878f0', 'qc_task_h@@@pk_org_v', 0, 'qc_task_h', '2019-03-17 21:49:59');
INSERT INTO MD_ORMAP (ATTRIBUTEID, CLASSID, COLUMNID, DR, TABLEID, TS) VALUES ('3321901c-0a5c-4165-86cc-ce00fa7f08e5', '63699954-c4ee-4e62-b160-00d2b42878f0', 'qc_task_h@@@maketime', 0, 'qc_task_h', '2019-03-17 21:49:59');
INSERT INTO MD_ORMAP (ATTRIBUTEID, CLASSID, COLUMNID, DR, TABLEID, TS) VALUES ('b9097a3b-1499-423d-8210-8e60bf402c97', '63699954-c4ee-4e62-b160-00d2b42878f0', 'qc_task_h@@@approvestatus', 0, 'qc_task_h', '2019-03-17 21:49:59');
INSERT INTO MD_ORMAP (ATTRIBUTEID, CLASSID, COLUMNID, DR, TABLEID, TS) VALUES ('24797725-a97a-4b70-bd63-d28abc5ada09', '63699954-c4ee-4e62-b160-00d2b42878f0', 'qc_task_h@@@pk_group', 0, 'qc_task_h', '2019-03-17 21:49:59');
INSERT INTO MD_ORMAP (ATTRIBUTEID, CLASSID, COLUMNID, DR, TABLEID, TS) VALUES ('d1bb0d08-a3be-4217-ae5f-3a1f0ac261f1', '63699954-c4ee-4e62-b160-00d2b42878f0', 'qc_task_h@@@pk_org', 0, 'qc_task_h', '2019-03-17 21:49:59');
INSERT INTO MD_ORMAP (ATTRIBUTEID, CLASSID, COLUMNID, DR, TABLEID, TS) VALUES ('091f6fe9-0fa1-4ba2-b9d8-798fdebe662a', '63699954-c4ee-4e62-b160-00d2b42878f0', 'qc_task_h@@@approver', 0, 'qc_task_h', '2019-03-17 21:49:59');
INSERT INTO MD_ORMAP (ATTRIBUTEID, CLASSID, COLUMNID, DR, TABLEID, TS) VALUES ('4f7e120d-51a3-491c-9878-5540faba9f30', '63699954-c4ee-4e62-b160-00d2b42878f0', 'qc_task_h@@@billno', 0, 'qc_task_h', '2019-03-17 21:49:59');
INSERT INTO MD_ORMAP (ATTRIBUTEID, CLASSID, COLUMNID, DR, TABLEID, TS) VALUES ('49e738dc-33a5-4a8e-89b1-8ca0281a9435', '63699954-c4ee-4e62-b160-00d2b42878f0', 'qc_task_h@@@approvenote', 0, 'qc_task_h', '2019-03-17 21:49:59');
INSERT INTO MD_ORMAP (ATTRIBUTEID, CLASSID, COLUMNID, DR, TABLEID, TS) VALUES ('14b8c4b0-3024-40c7-93fb-7f0d8506a642', '63699954-c4ee-4e62-b160-00d2b42878f0', 'qc_task_h@@@approvedate', 0, 'qc_task_h', '2019-03-17 21:49:59');
INSERT INTO MD_ORMAP (ATTRIBUTEID, CLASSID, COLUMNID, DR, TABLEID, TS) VALUES ('be405ee6-cfb4-480b-8448-247a1aa1deb4', '63699954-c4ee-4e62-b160-00d2b42878f0', 'qc_task_h@@@billmaker', 0, 'qc_task_h', '2019-03-17 21:49:59');
INSERT INTO MD_ORMAP (ATTRIBUTEID, CLASSID, COLUMNID, DR, TABLEID, TS) VALUES ('a0090f9a-d028-42c2-b1cd-778ad230a391', '63699954-c4ee-4e62-b160-00d2b42878f0', 'qc_task_h@@@creationtime', 0, 'qc_task_h', '2019-03-17 21:49:59');
INSERT INTO MD_ORMAP (ATTRIBUTEID, CLASSID, COLUMNID, DR, TABLEID, TS) VALUES ('daac6afa-da0b-4d4b-b31f-711e037d0d75', '63699954-c4ee-4e62-b160-00d2b42878f0', 'qc_task_h@@@billversionpk', 0, 'qc_task_h', '2019-03-17 21:49:59');
INSERT INTO MD_ORMAP (ATTRIBUTEID, CLASSID, COLUMNID, DR, TABLEID, TS) VALUES ('18dffa8e-66ca-49ee-baf6-4110078200ba', '63699954-c4ee-4e62-b160-00d2b42878f0', 'qc_task_h@@PK@@', 0, 'qc_task_h', '2019-03-17 21:49:59');
INSERT INTO MD_ORMAP (ATTRIBUTEID, CLASSID, COLUMNID, DR, TABLEID, TS) VALUES ('f1ae5072-7b02-4111-9a2b-fc0e5214b3be', '63699954-c4ee-4e62-b160-00d2b42878f0', 'qc_task_h@@@creator', 0, 'qc_task_h', '2019-03-17 21:49:59');
INSERT INTO MD_ORMAP (ATTRIBUTEID, CLASSID, COLUMNID, DR, TABLEID, TS) VALUES ('30b97079-9c90-48d3-951c-37bd0d6c3436', '63699954-c4ee-4e62-b160-00d2b42878f0', 'qc_task_h@@@srcbillid', 0, 'qc_task_h', '2019-03-17 21:49:59');
INSERT INTO MD_ORMAP (ATTRIBUTEID, CLASSID, COLUMNID, DR, TABLEID, TS) VALUES ('1ae44395-d9fd-4d67-9600-26e77f4c9f0d', '63699954-c4ee-4e62-b160-00d2b42878f0', 'qc_task_h@@@modifier', 0, 'qc_task_h', '2019-03-17 21:49:59');
INSERT INTO MD_ORMAP (ATTRIBUTEID, CLASSID, COLUMNID, DR, TABLEID, TS) VALUES ('8ce494f0-b371-42cb-b3d2-a9434b289cec', '63699954-c4ee-4e62-b160-00d2b42878f0', 'qc_task_h@@@dbilldate', 0, 'qc_task_h', '2019-03-17 21:49:59');
INSERT INTO MD_ORMAP (ATTRIBUTEID, CLASSID, COLUMNID, DR, TABLEID, TS) VALUES ('1a47f49f-3b80-4616-b530-9a2955627a66', '63699954-c4ee-4e62-b160-00d2b42878f0', 'qc_task_h@@@billtype', 0, 'qc_task_h', '2019-03-17 21:49:59');
INSERT INTO MD_ORMAP (ATTRIBUTEID, CLASSID, COLUMNID, DR, TABLEID, TS) VALUES ('13afd598-6edf-45eb-a7c0-497a9dde623f', '63699954-c4ee-4e62-b160-00d2b42878f0', 'qc_task_b@@@pk_task_h', 0, 'qc_task_b', '2019-03-17 21:49:59');
INSERT INTO MD_ORMAP (ATTRIBUTEID, CLASSID, COLUMNID, DR, TABLEID, TS) VALUES ('f9e776f7-ad04-40f1-8164-04fa09a12f72', '63699954-c4ee-4e62-b160-00d2b42878f0', 'qc_task_h@@@transtype', 0, 'qc_task_h', '2019-03-17 21:49:59');
INSERT INTO MD_ORMAP (ATTRIBUTEID, CLASSID, COLUMNID, DR, TABLEID, TS) VALUES ('8d88fd05-23d6-4afd-8b0a-d7f94595e0a0', '63699954-c4ee-4e62-b160-00d2b42878f0', 'qc_task_h@@@busitype', 0, 'qc_task_h', '2019-03-17 21:49:59');
INSERT INTO MD_ORMAP (ATTRIBUTEID, CLASSID, COLUMNID, DR, TABLEID, TS) VALUES ('54f10dcf-0d77-479c-9aad-d087133ed664', '947de03d-2de3-48f7-a3b6-f038138d0487', 'qc_task_r@@@stdminvalue', 0, 'qc_task_r', '2019-03-17 21:49:59');
INSERT INTO MD_ORMAP (ATTRIBUTEID, CLASSID, COLUMNID, DR, TABLEID, TS) VALUES ('17cd7127-d2fe-412c-94a0-6dd07f6bc374', '947de03d-2de3-48f7-a3b6-f038138d0487', 'qc_task_r@@@analysisname', 0, 'qc_task_r', '2019-03-17 21:49:59');
INSERT INTO MD_ORMAP (ATTRIBUTEID, CLASSID, COLUMNID, DR, TABLEID, TS) VALUES ('7be799da-bf6b-4b3d-9fa0-5cb0d2fbdb50', '947de03d-2de3-48f7-a3b6-f038138d0487', 'qc_task_r@@@valuetype', 0, 'qc_task_r', '2019-03-17 21:49:59');
INSERT INTO MD_ORMAP (ATTRIBUTEID, CLASSID, COLUMNID, DR, TABLEID, TS) VALUES ('333673d4-851f-4631-9227-2ed0b96d5035', '947de03d-2de3-48f7-a3b6-f038138d0487', 'qc_task_r@@@pk_component', 0, 'qc_task_r', '2019-03-17 21:49:59');
INSERT INTO MD_ORMAP (ATTRIBUTEID, CLASSID, COLUMNID, DR, TABLEID, TS) VALUES ('1507eb03-74e5-4581-819d-b125656ffea0', '947de03d-2de3-48f7-a3b6-f038138d0487', 'qc_task_r@@@judgeflag', 0, 'qc_task_r', '2019-03-17 21:49:59');
INSERT INTO MD_ORMAP (ATTRIBUTEID, CLASSID, COLUMNID, DR, TABLEID, TS) VALUES ('906f9abc-6127-4be0-b4db-25d47784c197', '947de03d-2de3-48f7-a3b6-f038138d0487', 'qc_task_r@@@pk_unit', 0, 'qc_task_r', '2019-03-17 21:49:59');
INSERT INTO MD_ORMAP (ATTRIBUTEID, CLASSID, COLUMNID, DR, TABLEID, TS) VALUES ('a76c1e7e-198a-485b-88a5-40c5079900a2', '947de03d-2de3-48f7-a3b6-f038138d0487', 'qc_task_r@@@pk_samplegroup', 0, 'qc_task_r', '2019-03-17 21:49:59');
INSERT INTO MD_ORMAP (ATTRIBUTEID, CLASSID, COLUMNID, DR, TABLEID, TS) VALUES ('4c00a806-d457-4ba3-90d0-ea444530fc3d', '947de03d-2de3-48f7-a3b6-f038138d0487', 'qc_task_r@@@testflag', 0, 'qc_task_r', '2019-03-17 21:49:59');
INSERT INTO MD_ORMAP (ATTRIBUTEID, CLASSID, COLUMNID, DR, TABLEID, TS) VALUES ('b8138fe0-9ebd-4d4f-949a-c6a1659502f1', '947de03d-2de3-48f7-a3b6-f038138d0487', 'qc_task_r@@PK@@', 0, 'qc_task_r', '2019-03-17 21:49:59');
INSERT INTO MD_ORMAP (ATTRIBUTEID, CLASSID, COLUMNID, DR, TABLEID, TS) VALUES ('b9382d82-416a-4b12-be23-5414155a35fd', '947de03d-2de3-48f7-a3b6-f038138d0487', 'qc_task_r@@@pk_testtemperature', 0, 'qc_task_r', '2019-03-17 21:49:59');
INSERT INTO MD_ORMAP (ATTRIBUTEID, CLASSID, COLUMNID, DR, TABLEID, TS) VALUES ('41d0e016-56c0-4320-966e-58efc004dbc9', '947de03d-2de3-48f7-a3b6-f038138d0487', 'qc_task_r@@@stdmaxvalue', 0, 'qc_task_r', '2019-03-17 21:49:59');
INSERT INTO MD_ORMAP (ATTRIBUTEID, CLASSID, COLUMNID, DR, TABLEID, TS) VALUES ('d65c5de9-2bbd-49fe-bd1d-792b9afadd1c', 'd12067e1-90c0-4cf5-9e72-77bc9d7e3354', 'qc_task_b@@@testnumber', 0, 'qc_task_b', '2019-03-17 21:49:59');
INSERT INTO MD_ORMAP (ATTRIBUTEID, CLASSID, COLUMNID, DR, TABLEID, TS) VALUES ('1e4d0f6b-cc40-4619-ad96-68158569a0ba', 'd12067e1-90c0-4cf5-9e72-77bc9d7e3354', 'qc_task_b@@@taskname', 0, 'qc_task_b', '2019-03-17 21:49:59');
INSERT INTO MD_ORMAP (ATTRIBUTEID, CLASSID, COLUMNID, DR, TABLEID, TS) VALUES ('d21bfdea-e8cc-48e2-9f3a-cb07d9038220', 'd12067e1-90c0-4cf5-9e72-77bc9d7e3354', 'qc_task_b@@@taskcode', 0, 'qc_task_b', '2019-03-17 21:49:59');
INSERT INTO MD_ORMAP (ATTRIBUTEID, CLASSID, COLUMNID, DR, TABLEID, TS) VALUES ('d04103ed-4f33-46f4-8090-e6be3a34860c', 'd12067e1-90c0-4cf5-9e72-77bc9d7e3354', 'qc_task_b@@@pk_testcondition', 0, 'qc_task_b', '2019-03-17 21:49:59');
INSERT INTO MD_ORMAP (ATTRIBUTEID, CLASSID, COLUMNID, DR, TABLEID, TS) VALUES ('a273330d-83bf-48a7-9463-634352b81c09', 'd12067e1-90c0-4cf5-9e72-77bc9d7e3354', 'qc_task_b@@PK@@', 0, 'qc_task_b', '2019-03-17 21:49:59');
INSERT INTO MD_ORMAP (ATTRIBUTEID, CLASSID, COLUMNID, DR, TABLEID, TS) VALUES ('b8c6fc01-5b00-4b26-9956-1ac6c631104b', 'd12067e1-90c0-4cf5-9e72-77bc9d7e3354', 'qc_task_b@@@rowno', 0, 'qc_task_b', '2019-03-17 21:49:59');
INSERT INTO MD_ORMAP (ATTRIBUTEID, CLASSID, COLUMNID, DR, TABLEID, TS) VALUES ('9b447023-b0f7-4593-9645-9b07f6d0d66b', 'd12067e1-90c0-4cf5-9e72-77bc9d7e3354', 'qc_task_b@@@testresultshortname', 0, 'qc_task_b', '2019-03-17 21:49:59');
INSERT INTO MD_ORMAP (ATTRIBUTEID, CLASSID, COLUMNID, DR, TABLEID, TS) VALUES ('2ef4d289-ec9a-4584-a340-c508962e494f', 'd12067e1-90c0-4cf5-9e72-77bc9d7e3354', 'qc_task_b@@@sampleallocation', 0, 'qc_task_b', '2019-03-17 21:49:59');
INSERT INTO MD_ORMAP (ATTRIBUTEID, CLASSID, COLUMNID, DR, TABLEID, TS) VALUES ('2a609886-a32e-456b-bad0-9a35485e787a', 'd12067e1-90c0-4cf5-9e72-77bc9d7e3354', 'qc_task_b@@@samplequantity', 0, 'qc_task_b', '2019-03-17 21:49:59');
INSERT INTO MD_ORMAP (ATTRIBUTEID, CLASSID, COLUMNID, DR, TABLEID, TS) VALUES ('24018f11-c6dd-479c-9528-e40e6443f039', 'd12067e1-90c0-4cf5-9e72-77bc9d7e3354', 'qc_task_r@@@pk_task_b', 0, 'qc_task_r', '2019-03-17 21:49:59');
INSERT INTO MD_ORMAP (ATTRIBUTEID, CLASSID, COLUMNID, DR, TABLEID, TS) VALUES ('ae72ce7b-bb2c-4d62-aea9-0e921ddf2ed4', 'd12067e1-90c0-4cf5-9e72-77bc9d7e3354', 'qc_task_b@@@pk_testresultname', 0, 'qc_task_b', '2019-03-17 21:49:59');
INSERT INTO MD_ORMAP (ATTRIBUTEID, CLASSID, COLUMNID, DR, TABLEID, TS) VALUES ('823d820a-f788-4850-b02c-9c0fb1ed4ea3', 'd12067e1-90c0-4cf5-9e72-77bc9d7e3354', 'qc_task_b@@@runorder', 0, 'qc_task_b', '2019-03-17 21:49:59');
INSERT INTO MD_ORMAP (ATTRIBUTEID, CLASSID, COLUMNID, DR, TABLEID, TS) VALUES ('851b9214-eb10-497b-9e59-d8a1580f978c', 'd12067e1-90c0-4cf5-9e72-77bc9d7e3354', 'qc_task_s@@@pk_task_b', 0, 'qc_task_s', '2019-03-17 21:49:59');

INSERT INTO MD_CLASS (ACCESSORCLASSNAME, BIZITFIMPCLASSNAME, CLASSTYPE, COMPONENTID, CREATETIME, CREATOR, DEFAULTTABLENAME, DESCRIPTION, DISPLAYNAME, DR, FIXEDLENGTH, FULLCLASSNAME, HELP, ID, INDUSTRY, ISACTIVE, ISAUTHEN, ISCREATESQL, ISEXTENDBEAN, ISPRIMARY, KEYATTRIBUTE, MODIFIER, MODIFYTIME, MODINFOCLASSNAME, NAME, PARENTCLASSID, PRECISE, REFMODELNAME, RESID, RETURNTYPE, STEREOTYPE, TS, USERDEFCLASSNAME, VERSIONTYPE) VALUES ('nc.md.model.access.javamap.AggVOStyle', null, 201, 'fc9c262f-4d00-456c-a505-a7cff8626923', '2018-11-12 22:05:10', 'yonyouBQ', 'qc_task_h', null, '任务单', 0, null, 'nc.vo.qcco.task.TaskHVO', null, '63699954-c4ee-4e62-b160-00d2b42878f0', '0', null, 'Y', 'Y', null, 'Y', '18dffa8e-66ca-49ee-baf6-4110078200ba', 'YONYOU NC', '2019-03-17 21:49:01', null, 'task_h', null, null, null, null, null, null, '2019-03-17 21:49:59', null, 0);
INSERT INTO MD_CLASS (ACCESSORCLASSNAME, BIZITFIMPCLASSNAME, CLASSTYPE, COMPONENTID, CREATETIME, CREATOR, DEFAULTTABLENAME, DESCRIPTION, DISPLAYNAME, DR, FIXEDLENGTH, FULLCLASSNAME, HELP, ID, INDUSTRY, ISACTIVE, ISAUTHEN, ISCREATESQL, ISEXTENDBEAN, ISPRIMARY, KEYATTRIBUTE, MODIFIER, MODIFYTIME, MODINFOCLASSNAME, NAME, PARENTCLASSID, PRECISE, REFMODELNAME, RESID, RETURNTYPE, STEREOTYPE, TS, USERDEFCLASSNAME, VERSIONTYPE) VALUES ('nc.md.model.access.javamap.POJOStyle', null, 201, 'fc9c262f-4d00-456c-a505-a7cff8626923', '2018-11-12 22:10:20', 'yonyouBQ', 'qc_task_b', null, '任务行', 0, null, 'nc.vo.qcco.task.TaskBVO', null, 'd12067e1-90c0-4cf5-9e72-77bc9d7e3354', '0', null, 'Y', 'Y', null, 'N', 'a273330d-83bf-48a7-9463-634352b81c09', 'YONYOU NC', '2019-03-17 21:49:01', null, 'task_b', null, null, null, null, null, null, '2019-03-17 21:49:59', null, 0);
INSERT INTO MD_CLASS (ACCESSORCLASSNAME, BIZITFIMPCLASSNAME, CLASSTYPE, COMPONENTID, CREATETIME, CREATOR, DEFAULTTABLENAME, DESCRIPTION, DISPLAYNAME, DR, FIXEDLENGTH, FULLCLASSNAME, HELP, ID, INDUSTRY, ISACTIVE, ISAUTHEN, ISCREATESQL, ISEXTENDBEAN, ISPRIMARY, KEYATTRIBUTE, MODIFIER, MODIFYTIME, MODINFOCLASSNAME, NAME, PARENTCLASSID, PRECISE, REFMODELNAME, RESID, RETURNTYPE, STEREOTYPE, TS, USERDEFCLASSNAME, VERSIONTYPE) VALUES ('nc.md.model.access.javamap.POJOStyle', null, 201, 'fc9c262f-4d00-456c-a505-a7cff8626923', '2018-11-12 22:21:11', 'yonyouBQ', 'qc_task_s', null, '测试条件', 0, null, 'nc.vo.qcco.task.TaskSVO', null, '1544b740-8f39-47e7-94f6-4f52437ac7be', '0', null, 'Y', 'Y', null, 'N', '9addb240-cf5f-4113-91ec-0bee709ccbe6', 'YONYOU NC', '2019-03-17 21:49:01', null, 'task_s', null, null, null, null, null, null, '2019-03-17 21:49:59', null, 0);
INSERT INTO MD_CLASS (ACCESSORCLASSNAME, BIZITFIMPCLASSNAME, CLASSTYPE, COMPONENTID, CREATETIME, CREATOR, DEFAULTTABLENAME, DESCRIPTION, DISPLAYNAME, DR, FIXEDLENGTH, FULLCLASSNAME, HELP, ID, INDUSTRY, ISACTIVE, ISAUTHEN, ISCREATESQL, ISEXTENDBEAN, ISPRIMARY, KEYATTRIBUTE, MODIFIER, MODIFYTIME, MODINFOCLASSNAME, NAME, PARENTCLASSID, PRECISE, REFMODELNAME, RESID, RETURNTYPE, STEREOTYPE, TS, USERDEFCLASSNAME, VERSIONTYPE) VALUES ('nc.md.model.access.javamap.POJOStyle', null, 201, 'fc9c262f-4d00-456c-a505-a7cff8626923', '2018-11-12 22:21:13', 'yonyouBQ', 'qc_task_r', null, '试验后参数', 0, null, 'nc.vo.qcco.task.TaskRVO', null, '947de03d-2de3-48f7-a3b6-f038138d0487', '0', null, 'Y', 'Y', null, 'N', 'b8138fe0-9ebd-4d4f-949a-c6a1659502f1', 'YONYOU NC', '2019-03-17 21:49:01', null, 'task_r', null, null, null, null, null, null, '2019-03-17 21:49:59', null, 0);

INSERT INTO MD_COMPONENT (CREATETIME, CREATOR, DESCRIPTION, DISPLAYNAME, DR, FROMSOURCEBMF, HELP, ID, INDUSTRY, ISBIZMODEL, MODIFIER, MODIFYTIME, NAME, NAMESPACE, OWNMODULE, PRELOAD, RESID, RESMODULE, TS, VERSION, VERSIONTYPE) VALUES ('2018-11-12 21:26:25', 'yonyouBQ', null, '任务单', 0, 'Y', null, 'fc9c262f-4d00-456c-a505-a7cff8626923', '0', 'N', 'YONYOU NC', '2019-03-17 19:04:54', 'task', 'qcco', 'qcco', null, null, 'task', '2019-03-17 21:49:59', '40', 0);

INSERT INTO MD_TABLE (CREATETIME, CREATOR, DATABASEID, DESCRIPTION, DISPLAYNAME, DR, FROMSOURCEBMF, HELP, ID, INDUSTRY, ISACTIVE, ISEXTENDTABLE, MODIFIER, MODIFYTIME, NAME, PARENTTABLE, RESID, RESMODULE, TS, VERSIONTYPE) VALUES ('2018-11-12 22:05:10', 'yonyouBQ', null, null, '任务单', 0, 'Y', null, 'qc_task_h', '0', null, null, 'YONYOU NC', '2019-03-17 21:49:01', 'qc_task_h', null, null, 'task', '2019-03-17 21:49:59', 0);
INSERT INTO MD_TABLE (CREATETIME, CREATOR, DATABASEID, DESCRIPTION, DISPLAYNAME, DR, FROMSOURCEBMF, HELP, ID, INDUSTRY, ISACTIVE, ISEXTENDTABLE, MODIFIER, MODIFYTIME, NAME, PARENTTABLE, RESID, RESMODULE, TS, VERSIONTYPE) VALUES ('2018-11-12 22:10:20', 'yonyouBQ', null, null, '任务行', 0, 'Y', null, 'qc_task_b', '0', null, null, 'YONYOU NC', '2019-03-17 21:49:01', 'qc_task_b', null, null, 'task', '2019-03-17 21:49:59', 0);
INSERT INTO MD_TABLE (CREATETIME, CREATOR, DATABASEID, DESCRIPTION, DISPLAYNAME, DR, FROMSOURCEBMF, HELP, ID, INDUSTRY, ISACTIVE, ISEXTENDTABLE, MODIFIER, MODIFYTIME, NAME, PARENTTABLE, RESID, RESMODULE, TS, VERSIONTYPE) VALUES ('2018-11-12 22:21:11', 'yonyouBQ', null, null, '测试条件', 0, 'Y', null, 'qc_task_s', '0', null, null, 'YONYOU NC', '2019-03-17 21:49:01', 'qc_task_s', null, null, 'task', '2019-03-17 21:49:59', 0);
INSERT INTO MD_TABLE (CREATETIME, CREATOR, DATABASEID, DESCRIPTION, DISPLAYNAME, DR, FROMSOURCEBMF, HELP, ID, INDUSTRY, ISACTIVE, ISEXTENDTABLE, MODIFIER, MODIFYTIME, NAME, PARENTTABLE, RESID, RESMODULE, TS, VERSIONTYPE) VALUES ('2018-11-12 22:21:13', 'yonyouBQ', null, null, '试验后参数', 0, 'Y', null, 'qc_task_r', '0', null, null, 'YONYOU NC', '2019-03-17 21:49:01', 'qc_task_r', null, null, 'task', '2019-03-17 21:49:59', 0);


INSERT INTO MD_ACCESSORPARA (ASSOSEQUENCE, DR, ID, INDUSTRY, PARAVALUE, TS, VERSIONTYPE) VALUES (0, 0, '63699954-c4ee-4e62-b160-00d2b42878f0', null, 'nc.vo.qcco.task.AggTaskHVO', '2019-03-17 21:49:59', null);


INSERT INTO MD_DB_RELATION (ASSTYPE, CREATETIME, CREATOR, DESCRIPTION, DISPLAYNAME, DR, ENDCARDINALITY, ENDFIELDID, ENDTABLEID, HELP, ID, ISFOREIGNKEY, MODIFIER, MODIFYTIME, NAME, RESID, STARTATTRID, STARTCARDINALITY, STARTFIELDID, STARTTABLEID, TS, VERSIONTYPE) VALUES (1, null, null, null, 'qc_task_b->qc_task_h', 0, null, 'qc_task_h@@PK@@', 'qc_task_h', null, '8dad4f99-0a62-4c0b-a61f-e6286da94eeb', 'Y', null, null, 'qc_task_b->qc_task_h', null, '13afd598-6edf-45eb-a7c0-497a9dde623f', null, 'qc_task_b@@@pk_task_h', 'qc_task_b', '2019-03-17 21:49:59', 0);
INSERT INTO MD_DB_RELATION (ASSTYPE, CREATETIME, CREATOR, DESCRIPTION, DISPLAYNAME, DR, ENDCARDINALITY, ENDFIELDID, ENDTABLEID, HELP, ID, ISFOREIGNKEY, MODIFIER, MODIFYTIME, NAME, RESID, STARTATTRID, STARTCARDINALITY, STARTFIELDID, STARTTABLEID, TS, VERSIONTYPE) VALUES (1, null, null, null, 'qc_task_r->qc_task_b', 0, null, 'qc_task_b@@PK@@', 'qc_task_b', null, '18b02d4e-73db-4180-9ebc-a191d7698196', 'Y', null, null, 'qc_task_r->qc_task_b', null, '24018f11-c6dd-479c-9528-e40e6443f039', null, 'qc_task_r@@@pk_task_b', 'qc_task_r', '2019-03-17 21:49:59', 0);
INSERT INTO MD_DB_RELATION (ASSTYPE, CREATETIME, CREATOR, DESCRIPTION, DISPLAYNAME, DR, ENDCARDINALITY, ENDFIELDID, ENDTABLEID, HELP, ID, ISFOREIGNKEY, MODIFIER, MODIFYTIME, NAME, RESID, STARTATTRID, STARTCARDINALITY, STARTFIELDID, STARTTABLEID, TS, VERSIONTYPE) VALUES (1, null, null, null, 'qc_task_s->qc_task_b', 0, null, 'qc_task_b@@PK@@', 'qc_task_b', null, 'a486a96c-f362-4dfb-8b5f-53431bf16b0d', 'Y', null, null, 'qc_task_s->qc_task_b', null, '851b9214-eb10-497b-9e59-d8a1580f978c', null, 'qc_task_s@@@pk_task_b', 'qc_task_s', '2019-03-17 21:49:59', 0);


INSERT INTO MD_MODULE (CREATETIME, CREATOR, DESCRIPTION, DISPLAYNAME, DR, HELP, ID, ISACTIVE, MODIFIER, MODIFYTIME, NAME, PARENTMODULEID, RESID, RESMODULE, TS, VERSIONTYPE) VALUES (null, null, null, 'qcco', 0, null, 'qcco', null, null, null, 'qcco', null, null, null, '2018-12-05 13:33:49', 0);


CREATE TABLE QC_TASK_B (PK_TASK_B CHAR(20) NOT NULL, TASKCODE VARCHAR2(50), TASKNAME VARCHAR2(20) DEFAULT '~', RUNORDER INTEGER, ROWNO VARCHAR2(50), PK_TESTCONDITION VARCHAR2(20) DEFAULT '~', PK_TESTRESULTNAME VARCHAR2(20) DEFAULT '~', TESTRESULTSHORTNAME VARCHAR2(50), TESTNUMBER VARCHAR2(50), SAMPLEALLOCATION VARCHAR2(50), SAMPLEQUANTITY NUMBER(28,8), PK_TASK_H CHAR(20) NOT NULL, TS CHAR(19), DR INTEGER DEFAULT 0, CONSTRAINT PK_QC_TASK_B PRIMARY KEY (PK_TASK_B));
CREATE TABLE QC_TASK_H (PK_TASK_H CHAR(20) NOT NULL, PK_COMMISSION_H VARCHAR2(20) DEFAULT '~', PK_GROUP VARCHAR2(20) DEFAULT '~', PK_ORG VARCHAR2(20) DEFAULT '~', PK_ORG_V VARCHAR2(20) DEFAULT '~', DBILLDATE CHAR(19), CREATOR VARCHAR2(20) DEFAULT '~', CREATIONTIME CHAR(19), MODIFIER VARCHAR2(20) DEFAULT '~', MODIFIEDTIME CHAR(19), MAKETIME CHAR(19), LASTMAKETIME CHAR(19), BILLID VARCHAR2(50), BILLNO VARCHAR2(50), BUSITYPE VARCHAR2(50), BILLMAKER VARCHAR2(50), APPROVER VARCHAR2(50), APPROVESTATUS INTEGER, APPROVENOTE VARCHAR2(50), APPROVEDATE CHAR(19), TRANSTYPE VARCHAR2(50), BILLTYPE VARCHAR2(50), TRANSTYPEPK CHAR(20), SRCBILLTYPE VARCHAR2(50), SRCBILLID VARCHAR2(50), EMENDENUM INTEGER, BILLVERSIONPK VARCHAR2(50), TS CHAR(19), DR INTEGER DEFAULT 0, CONSTRAINT PK_QC_TASK_H PRIMARY KEY (PK_TASK_H));
CREATE TABLE QC_TASK_R (PK_TASK_R CHAR(20) NOT NULL, PK_SAMPLEGROUP VARCHAR2(20) DEFAULT '~', STDMINVALUE NUMBER(28,8), STDMAXVALUE NUMBER(28,8), PK_UNIT VARCHAR2(50), TESTFLAG CHAR(1), JUDGEFLAG CHAR(1), PK_TESTTEMPERATURE VARCHAR2(50), ANALYSISNAME VARCHAR2(50), PK_COMPONENT VARCHAR2(20) DEFAULT '~', VALUETYPE VARCHAR2(20) DEFAULT '~', PK_TASK_B CHAR(20) NOT NULL, TS CHAR(19), DR INTEGER DEFAULT 0, CONSTRAINT PK_QC_TASK_R PRIMARY KEY (PK_TASK_R));
CREATE TABLE QC_TASK_S (PK_TASK_S CHAR(20) NOT NULL, PK_TESTCONDITIONITEM VARCHAR2(20) DEFAULT '~', CONDITIONSTATUS CHAR(1), ISOPTIONAL CHAR(1), ISALLOW_OUT CHAR(1), INSTRUMENT VARCHAR2(20) DEFAULT '~', VALUETYPE VARCHAR2(20) DEFAULT '~', ENTRY VARCHAR2(50), UNIT VARCHAR2(50), FORMATTED_ENTRY VARCHAR2(50), MIN_LIMIT NUMBER(28,8), MAX_LIMIT NUMBER(28,8), ENGLISHDESCRIPTION VARCHAR2(50), PK_TASK_B CHAR(20) NOT NULL, TS CHAR(19), DR INTEGER DEFAULT 0, CONSTRAINT PK_QC_TASK_S PRIMARY KEY (PK_TASK_S));
