<?xml version="1.0" encoding="UTF-8"?>
<packmetadata>
	<modifiedModules/>
	<department>DL</department>
	<canAppliedOS>Linux,Windows,AIX,Solaris</canAppliedOS>
	<modifiedJavaClasses>nc.ui.qcco.commission.action.CommissionDeleteAction,nc.ui.qcco.commission.refmodel.TestTypeRefModel,nc.ui.qcco.commission.ace.handler.AceBodyAfterEditHandler,nc.ui.qcco.commission.refmodel.ProductSecondClassRefModel,nc.ui.qcco.commission.ace.serviceproxy.AceCommissionMaintainProxy,nc.ui.qcco.commission.ace.handler.AceBodyBeforeEditHandler,nc.ui.qcco.commission.action.CommissionCopyAction,nc.ui.qcco.commission.refmodel.RatainHandleRefModel,nc.ui.qcco.commission.refmodel.ProductLastClassRefModel,nc.ui.qcco.commission.refmodel.ReportLanguageRefModel,nc.ui.qcco.commission.ace.handler.AceAddHandler,nc.ui.qcco.commission.refmodel.ProductFirstClassRefModel,nc.ui.qcco.commission.refmodel.ProductPropertyRefModel,nc.ui.qcco.commission.ace.serviceproxy.AceCommissionDeleteProxy,nc.ui.qcco.commission.refmodel.ProductAuthTypeRefModel,nc.ui.qcco.commission.ace.handler.AceHeadTailBeforeEditHandler,nc.ui.qcco.commission.refmodel.SafeTypeRefModel,nc.ui.qcco.commission.ace.handler.AceHeadTailAfterEditHandler,nc.ui.qcco.commission.ace.handler.AceOrgChangeHandler,nc.ui.qcco.commission.refmodel.CommissionTypeRefModel,nc.ui.qcco.commission.action.CommissionTempSaveAction,nc.ui.qcco.commission.refmodel.ReportFormRefModel,nc.ui.qcco.commission.refmodel.CustomerTypeRefModel,nc.ui.qcco.commission.action.CommissionSaveAction,nc.ui.qcco.commission.refmodel.CommissionCodePrefixRefModel,nc.ui.qcco.commission.refmodel.TestRequirementRefModel</modifiedJavaClasses>
	<applyVersion>5.0,5.01,5.011,5.02,5.3,5.5,5.6,5.7,5.75,6.0,6.1,6.3</applyVersion>
	<needRecreatedLoginJar>false</needRecreatedLoginJar>
	<provider>SSX</provider>
	<searchKeys/>
	<needDeploy>false</needDeploy>
	<patchType>BUG修復補丁</patchType>
	<canAppliedDB>DB2 V9.7,SQL Server 2008 R2,Oracle 10,Oracle 11</canAppliedDB>
	<id>2d85693b-9029-4bc7-b9b5-84789441cffc</id>
	<time>2019-02-25 19:32:25</time>
	<dependInfo/>
	<bugs/>
	<patchVersion/>
	<description/>
	<canAppliedMiddleware>Weblogic,Websphere 7.0,Yonyou Middleware V5,Yonyou Middleware V6</canAppliedMiddleware>
	<patchName>委托单头代码补丁</patchName>
	<patchPriority>高危補丁</patchPriority>
</packmetadata>
