<?xml version="1.0" encoding="UTF-8"?>
<packmetadata>
	<modifiedModules/>
	<department>DL</department>
	<canAppliedOS>Linux,Windows,AIX,Solaris</canAppliedOS>
	<modifiedJavaClasses>nc.ui.pub.qcco.writeback.utils.common.CommonUtils,nc.ui.pub.qcco.writeback.utils.common.CommonUtils$1</modifiedJavaClasses>
	<applyVersion>5.0,5.01,5.011,5.02,5.3,5.5,5.6,5.7,5.75,6.0,6.1,6.3</applyVersion>
	<needRecreatedLoginJar>false</needRecreatedLoginJar>
	<provider>SSX</provider>
	<searchKeys/>
	<needDeploy>false</needDeploy>
	<patchType>BUG修復補丁</patchType>
	<canAppliedDB>DB2 V9.7,SQL Server 2008 R2,Oracle 10,Oracle 11</canAppliedDB>
	<id>912c87bf-fd52-440b-b767-b5e638127c0c</id>
	<time>2020-04-07 08:41:15</time>
	<dependInfo/>
	<bugs/>
	<patchVersion/>
	<description/>
	<canAppliedMiddleware>Weblogic,Websphere 7.0,Yonyou Middleware V5,Yonyou Middleware V6</canAppliedMiddleware>
	<patchName>1</patchName>
	<patchPriority>高危補丁</patchPriority>
</packmetadata>
